2026-07-09T14:31:59.522558Z  INFO herdr::platform::macos: raised server file descriptor soft limit previous=256 target=8192
2026-07-09T14:31:59.522970Z  INFO herdr::api::server: api server listening path=/Users/David.Vigh/.config/herdr/herdr.sock
2026-07-09T14:31:59.523503Z  INFO herdr::app: using pane scrollback configuration pane_scrollback_limit_bytes=10000000
2026-07-09T14:31:59.531401Z  INFO herdr::logging: checking for updates event="update.check.start" subsystem="update" outcome="started"
2026-07-09T14:31:59.539645Z  INFO herdr::logging: spawning pane terminal event="pane.spawn.start" subsystem="pane" outcome="started" pane_id=1 rows=24 cols=80 scrollback_limit_bytes=10000000
2026-07-09T14:31:59.542195Z  INFO herdr::logging: pane child spawned event="pane.spawned" subsystem="pane" outcome="ok" pane_id=1 pid=71936
2026-07-09T14:31:59.542352Z  INFO herdr::logging: workspace created event="workspace.create" subsystem="workspace" outcome="ok" workspace_id="w1" pane_id=1
2026-07-09T14:31:59.542368Z  INFO herdr::logging: workspace focused event="workspace.focus" subsystem="workspace" outcome="ok" workspace_id="w1"
2026-07-09T14:31:59.542398Z  INFO herdr::logging: tab focused event="tab.focus" subsystem="tab" outcome="ok" workspace_id="w1" tab_id="w1:t1"
2026-07-09T14:31:59.542410Z  INFO herdr::server::headless: created startup workspace cwd=/Users/David.Vigh
2026-07-09T14:31:59.543745Z  INFO herdr::server::headless: client protocol socket listening path=/Users/David.Vigh/.config/herdr/herdr-client.sock
2026-07-09T14:31:59.543773Z  INFO herdr::server::headless: herdr server started api_socket=/Users/David.Vigh/.config/herdr/herdr.sock client_socket=/Users/David.Vigh/.config/herdr/herdr-client.sock
2026-07-09T14:31:59.543806Z  INFO herdr::logging: herdr starting event="app.startup" subsystem="server" outcome="started" pid=71919
2026-07-09T14:31:59.682073Z  INFO herdr::server::headless: client connected client_id=2 cols=229 rows=68 cell_width_px=0 cell_height_px=0 render_encoding=SemanticFrame
2026-07-09T14:32:04.548650Z  INFO herdr::logging: session saved event="persist.save" subsystem="persist" outcome="ok" path=/Users/David.Vigh/.config/herdr/session.json workspaces=1
2026-07-09T14:32:23.060057Z  INFO herdr::logging: session saved event="persist.save" subsystem="persist" outcome="ok" path=/Users/David.Vigh/.config/herdr/session.json workspaces=1
2026-07-09T14:32:31.865453Z  INFO herdr::pane: agent changed pane=1 previous_agent=None agent=Some(OpenCode) process=opencode pgid=Some(72138)
2026-07-09T14:32:37.955086Z  INFO herdr::pane: agent changed pane=1 previous_agent=Some(OpenCode) agent=None pgid=Some(71936)
2026-07-09T14:33:44.534514Z  INFO herdr::pane: agent changed pane=1 previous_agent=None agent=Some(OpenCode) process=opencode pgid=Some(72618)
2026-07-09T14:37:54.931030Z  INFO herdr::logging: spawning pane terminal event="pane.spawn.start" subsystem="pane" outcome="started" pane_id=2 rows=67 cols=204 scrollback_limit_bytes=10000000
2026-07-09T14:37:54.936268Z  INFO herdr::logging: pane child spawned event="pane.spawned" subsystem="pane" outcome="ok" pane_id=2 pid=74631
2026-07-09T14:37:54.936653Z  INFO herdr::logging: tab renamed event="tab.rename" subsystem="tab" outcome="ok" workspace_id="w1" tab_id="w1:t2"
2026-07-09T14:37:54.936675Z  INFO herdr::logging: tab focused event="tab.focus" subsystem="tab" outcome="ok" workspace_id="w1" tab_id="w1:t2"
2026-07-09T14:37:59.943092Z  INFO herdr::logging: session saved event="persist.save" subsystem="persist" outcome="ok" path=/Users/David.Vigh/.config/herdr/session.json workspaces=1
2026-07-09T14:38:01.532350Z  INFO herdr::logging: tab focused event="tab.focus" subsystem="tab" outcome="ok" workspace_id="w1" tab_id="w1:t1"
2026-07-09T14:38:03.571402Z  INFO herdr::logging: tab focused event="tab.focus" subsystem="tab" outcome="ok" workspace_id="w1" tab_id="w1:t2"
2026-07-09T14:38:08.574576Z  INFO herdr::logging: session saved event="persist.save" subsystem="persist" outcome="ok" path=/Users/David.Vigh/.config/herdr/session.json workspaces=1
2026-07-09T14:38:24.224788Z  INFO herdr::pane: agent changed pane=2 previous_agent=None agent=Some(OpenCode) process=opencode pgid=Some(74911)
2026-07-09T14:39:43.580002Z  INFO herdr::logging: spawning pane terminal event="pane.spawn.start" subsystem="pane" outcome="started" pane_id=3 rows=67 cols=204 scrollback_limit_bytes=10000000
2026-07-09T14:39:43.584131Z  INFO herdr::logging: pane child spawned event="pane.spawned" subsystem="pane" outcome="ok" pane_id=3 pid=76504
2026-07-09T14:39:43.584358Z  INFO herdr::logging: workspace created event="workspace.create" subsystem="workspace" outcome="ok" workspace_id="w2" pane_id=3
2026-07-09T14:39:43.584371Z  INFO herdr::logging: workspace focused event="workspace.focus" subsystem="workspace" outcome="ok" workspace_id="w2"
2026-07-09T14:39:43.584379Z  INFO herdr::logging: tab focused event="tab.focus" subsystem="tab" outcome="ok" workspace_id="w2" tab_id="w2:t1"
2026-07-09T14:39:48.588585Z  INFO herdr::logging: session saved event="persist.save" subsystem="persist" outcome="ok" path=/Users/David.Vigh/.config/herdr/session.json workspaces=2
2026-07-09T14:40:43.044649Z  INFO herdr::pane: agent changed pane=3 previous_agent=None agent=Some(OpenCode) process=opencode pgid=Some(76817)
2026-07-09T14:42:44.876348Z  INFO herdr::logging: workspace focused event="workspace.focus" subsystem="workspace" outcome="ok" workspace_id="w1"
2026-07-09T14:42:44.876394Z  INFO herdr::logging: tab focused event="tab.focus" subsystem="tab" outcome="ok" workspace_id="w1" tab_id="w1:t1"
2026-07-09T14:42:49.882261Z  INFO herdr::logging: session saved event="persist.save" subsystem="persist" outcome="ok" path=/Users/David.Vigh/.config/herdr/session.json workspaces=2
2026-07-09T14:44:56.184252Z  INFO herdr::logging: tab focused event="tab.focus" subsystem="tab" outcome="ok" workspace_id="w1" tab_id="w1:t2"
2026-07-09T14:44:56.750253Z  INFO herdr::logging: workspace focused event="workspace.focus" subsystem="workspace" outcome="ok" workspace_id="w2"
2026-07-09T14:44:56.750315Z  INFO herdr::logging: tab focused event="tab.focus" subsystem="tab" outcome="ok" workspace_id="w2" tab_id="w2:t1"
2026-07-09T14:45:01.754593Z  INFO herdr::logging: session saved event="persist.save" subsystem="persist" outcome="ok" path=/Users/David.Vigh/.config/herdr/session.json workspaces=2
2026-07-09T14:45:16.863045Z  INFO herdr::logging: workspace focused event="workspace.focus" subsystem="workspace" outcome="ok" workspace_id="w1"
2026-07-09T14:45:16.863091Z  INFO herdr::logging: tab focused event="tab.focus" subsystem="tab" outcome="ok" workspace_id="w1" tab_id="w1:t1"
2026-07-09T14:45:21.868962Z  INFO herdr::logging: session saved event="persist.save" subsystem="persist" outcome="ok" path=/Users/David.Vigh/.config/herdr/session.json workspaces=2
2026-07-09T14:46:18.184357Z  INFO herdr::logging: tab focused event="tab.focus" subsystem="tab" outcome="ok" workspace_id="w1" tab_id="w1:t2"
2026-07-09T14:46:23.188617Z  INFO herdr::logging: session saved event="persist.save" subsystem="persist" outcome="ok" path=/Users/David.Vigh/.config/herdr/session.json workspaces=2
2026-07-09T14:48:14.551826Z  INFO herdr::logging: workspace focused event="workspace.focus" subsystem="workspace" outcome="ok" workspace_id="w2"
2026-07-09T14:48:14.551904Z  INFO herdr::logging: tab focused event="tab.focus" subsystem="tab" outcome="ok" workspace_id="w2" tab_id="w2:t1"
2026-07-09T14:48:19.556391Z  INFO herdr::logging: session saved event="persist.save" subsystem="persist" outcome="ok" path=/Users/David.Vigh/.config/herdr/session.json workspaces=2
2026-07-09T14:48:43.804133Z  INFO herdr::logging: workspace focused event="workspace.focus" subsystem="workspace" outcome="ok" workspace_id="w1"
2026-07-09T14:48:43.804185Z  INFO herdr::logging: tab focused event="tab.focus" subsystem="tab" outcome="ok" workspace_id="w1" tab_id="w1:t2"
2026-07-09T14:48:48.810017Z  INFO herdr::logging: session saved event="persist.save" subsystem="persist" outcome="ok" path=/Users/David.Vigh/.config/herdr/session.json workspaces=2
2026-07-09T14:49:04.784508Z  INFO herdr::logging: tab focused event="tab.focus" subsystem="tab" outcome="ok" workspace_id="w1" tab_id="w1:t1"
2026-07-09T14:49:09.790191Z  INFO herdr::logging: session saved event="persist.save" subsystem="persist" outcome="ok" path=/Users/David.Vigh/.config/herdr/session.json workspaces=2
2026-07-09T14:50:53.515296Z  INFO herdr::logging: spawning pane terminal event="pane.spawn.start" subsystem="pane" outcome="started" pane_id=4 rows=67 cols=204 scrollback_limit_bytes=10000000
2026-07-09T14:50:53.518879Z  INFO herdr::logging: pane child spawned event="pane.spawned" subsystem="pane" outcome="ok" pane_id=4 pid=78937
2026-07-09T14:50:53.519060Z  INFO herdr::logging: workspace created event="workspace.create" subsystem="workspace" outcome="ok" workspace_id="w3" pane_id=4
2026-07-09T14:50:53.519072Z  INFO herdr::logging: workspace focused event="workspace.focus" subsystem="workspace" outcome="ok" workspace_id="w3"
2026-07-09T14:50:53.519078Z  INFO herdr::logging: tab focused event="tab.focus" subsystem="tab" outcome="ok" workspace_id="w3" tab_id="w3:t1"
2026-07-09T14:50:58.522648Z  INFO herdr::logging: session saved event="persist.save" subsystem="persist" outcome="ok" path=/Users/David.Vigh/.config/herdr/session.json workspaces=3
2026-07-09T14:51:29.312542Z  INFO herdr::pane: agent changed pane=4 previous_agent=None agent=Some(OpenCode) process=opencode pgid=Some(79095)
2026-07-09T14:52:11.664913Z  INFO herdr::logging: workspace focused event="workspace.focus" subsystem="workspace" outcome="ok" workspace_id="w1"
2026-07-09T14:52:11.664956Z  INFO herdr::logging: tab focused event="tab.focus" subsystem="tab" outcome="ok" workspace_id="w1" tab_id="w1:t1"
2026-07-09T14:52:16.667134Z  INFO herdr::logging: session saved event="persist.save" subsystem="persist" outcome="ok" path=/Users/David.Vigh/.config/herdr/session.json workspaces=3
2026-07-09T14:52:58.175125Z  INFO herdr::logging: workspace focused event="workspace.focus" subsystem="workspace" outcome="ok" workspace_id="w3"
2026-07-09T14:52:58.175164Z  INFO herdr::logging: tab focused event="tab.focus" subsystem="tab" outcome="ok" workspace_id="w3" tab_id="w3:t1"
2026-07-09T14:53:03.176865Z  INFO herdr::logging: session saved event="persist.save" subsystem="persist" outcome="ok" path=/Users/David.Vigh/.config/herdr/session.json workspaces=3
2026-07-09T14:55:26.874866Z  INFO herdr::logging: api request received event="api.request.start" subsystem="api" outcome="started" request_id="cli:tab:focus" method="tab.focus" changes_ui=true
2026-07-09T14:55:26.874941Z  INFO herdr::logging: api request completed event="api.request.complete" subsystem="api" outcome="error" request_id="cli:tab:focus" method="tab.focus"
2026-07-09T14:59:23.177548Z  INFO herdr::logging: workspace focused event="workspace.focus" subsystem="workspace" outcome="ok" workspace_id="w2"
2026-07-09T14:59:23.177594Z  INFO herdr::logging: tab focused event="tab.focus" subsystem="tab" outcome="ok" workspace_id="w2" tab_id="w2:t1"
2026-07-09T14:59:28.180370Z  INFO herdr::logging: session saved event="persist.save" subsystem="persist" outcome="ok" path=/Users/David.Vigh/.config/herdr/session.json workspaces=3
2026-07-09T14:59:35.395009Z  INFO herdr::pane: agent changed pane=3 previous_agent=Some(OpenCode) agent=None pgid=Some(76504)
2026-07-09T15:00:04.622960Z  INFO herdr::pane: agent changed pane=3 previous_agent=None agent=Some(OpenCode) process=opencode pgid=Some(83032)
2026-07-09T15:01:28.006153Z  INFO herdr::logging: workspace focused event="workspace.focus" subsystem="workspace" outcome="ok" workspace_id="w3"
2026-07-09T15:01:28.006203Z  INFO herdr::logging: tab focused event="tab.focus" subsystem="tab" outcome="ok" workspace_id="w3" tab_id="w3:t1"
2026-07-09T15:01:33.008406Z  INFO herdr::logging: session saved event="persist.save" subsystem="persist" outcome="ok" path=/Users/David.Vigh/.config/herdr/session.json workspaces=3
2026-07-09T15:01:59.543676Z  INFO herdr::logging: checking for updates event="update.check.start" subsystem="update" outcome="started"
2026-07-09T15:03:10.356861Z  INFO herdr::logging: workspace focused event="workspace.focus" subsystem="workspace" outcome="ok" workspace_id="w2"
2026-07-09T15:03:10.356940Z  INFO herdr::logging: tab focused event="tab.focus" subsystem="tab" outcome="ok" workspace_id="w2" tab_id="w2:t1"
2026-07-09T15:03:15.360485Z  INFO herdr::logging: session saved event="persist.save" subsystem="persist" outcome="ok" path=/Users/David.Vigh/.config/herdr/session.json workspaces=3
2026-07-09T15:03:25.800389Z  INFO herdr::logging: workspace focused event="workspace.focus" subsystem="workspace" outcome="ok" workspace_id="w1"
2026-07-09T15:03:25.800429Z  INFO herdr::logging: tab focused event="tab.focus" subsystem="tab" outcome="ok" workspace_id="w1" tab_id="w1:t2"
2026-07-09T15:03:30.804291Z  INFO herdr::logging: session saved event="persist.save" subsystem="persist" outcome="ok" path=/Users/David.Vigh/.config/herdr/session.json workspaces=3
2026-07-09T15:04:13.407990Z  INFO herdr::logging: api request received event="api.request.start" subsystem="api" outcome="started" request_id="cli:server:reload-config" method="server.reload_config" changes_ui=true
2026-07-09T15:04:13.408567Z  INFO herdr::logging: api request completed event="api.request.complete" subsystem="api" outcome="ok" request_id="cli:server:reload-config" method="server.reload_config"
2026-07-09T15:04:25.517085Z  INFO herdr::logging: workspace focused event="workspace.focus" subsystem="workspace" outcome="ok" workspace_id="w2"
2026-07-09T15:04:25.517130Z  INFO herdr::logging: tab focused event="tab.focus" subsystem="tab" outcome="ok" workspace_id="w2" tab_id="w2:t1"
2026-07-09T15:04:30.521606Z  INFO herdr::logging: session saved event="persist.save" subsystem="persist" outcome="ok" path=/Users/David.Vigh/.config/herdr/session.json workspaces=3
2026-07-09T15:05:12.706798Z  INFO herdr::logging: workspace focused event="workspace.focus" subsystem="workspace" outcome="ok" workspace_id="w3"
2026-07-09T15:05:12.706849Z  INFO herdr::logging: tab focused event="tab.focus" subsystem="tab" outcome="ok" workspace_id="w3" tab_id="w3:t1"
2026-07-09T15:05:17.711246Z  INFO herdr::logging: session saved event="persist.save" subsystem="persist" outcome="ok" path=/Users/David.Vigh/.config/herdr/session.json workspaces=3
2026-07-09T15:06:16.103452Z  INFO herdr::logging: workspace focused event="workspace.focus" subsystem="workspace" outcome="ok" workspace_id="w1"
2026-07-09T15:06:16.103514Z  INFO herdr::logging: tab focused event="tab.focus" subsystem="tab" outcome="ok" workspace_id="w1" tab_id="w1:t2"
2026-07-09T15:06:20.121931Z  INFO herdr::logging: tab focused event="tab.focus" subsystem="tab" outcome="ok" workspace_id="w1" tab_id="w1:t1"
2026-07-09T15:06:20.436911Z  INFO herdr::logging: tab focused event="tab.focus" subsystem="tab" outcome="ok" workspace_id="w1" tab_id="w1:t2"
2026-07-09T15:06:21.384073Z  INFO herdr::logging: tab focused event="tab.focus" subsystem="tab" outcome="ok" workspace_id="w1" tab_id="w1:t1"
2026-07-09T15:06:21.928865Z  INFO herdr::logging: tab focused event="tab.focus" subsystem="tab" outcome="ok" workspace_id="w1" tab_id="w1:t2"
2026-07-09T15:06:26.932465Z  INFO herdr::logging: session saved event="persist.save" subsystem="persist" outcome="ok" path=/Users/David.Vigh/.config/herdr/session.json workspaces=3
2026-07-09T15:06:34.852440Z  INFO herdr::logging: tab focused event="tab.focus" subsystem="tab" outcome="ok" workspace_id="w1" tab_id="w1:t2"
2026-07-09T15:06:35.572848Z  INFO herdr::logging: tab focused event="tab.focus" subsystem="tab" outcome="ok" workspace_id="w1" tab_id="w1:t1"
2026-07-09T15:06:40.575049Z  INFO herdr::logging: session saved event="persist.save" subsystem="persist" outcome="ok" path=/Users/David.Vigh/.config/herdr/session.json workspaces=3
2026-07-09T15:10:32.548060Z  INFO herdr::logging: tab focused event="tab.focus" subsystem="tab" outcome="ok" workspace_id="w1" tab_id="w1:t2"
2026-07-09T15:10:37.552036Z  INFO herdr::logging: session saved event="persist.save" subsystem="persist" outcome="ok" path=/Users/David.Vigh/.config/herdr/session.json workspaces=3
2026-07-09T15:10:42.136219Z  INFO herdr::logging: workspace focused event="workspace.focus" subsystem="workspace" outcome="ok" workspace_id="w2"
2026-07-09T15:10:42.136271Z  INFO herdr::logging: tab focused event="tab.focus" subsystem="tab" outcome="ok" workspace_id="w2" tab_id="w2:t1"
2026-07-09T15:10:47.138601Z  INFO herdr::logging: session saved event="persist.save" subsystem="persist" outcome="ok" path=/Users/David.Vigh/.config/herdr/session.json workspaces=3
2026-07-09T15:10:50.574172Z  INFO herdr::pane: agent changed pane=3 previous_agent=Some(OpenCode) agent=None pgid=Some(76504)
2026-07-09T15:10:59.471321Z  INFO herdr::logging: workspace focused event="workspace.focus" subsystem="workspace" outcome="ok" workspace_id="w3"
2026-07-09T15:10:59.471348Z  INFO herdr::logging: tab focused event="tab.focus" subsystem="tab" outcome="ok" workspace_id="w3" tab_id="w3:t1"
2026-07-09T15:11:04.474973Z  INFO herdr::logging: session saved event="persist.save" subsystem="persist" outcome="ok" path=/Users/David.Vigh/.config/herdr/session.json workspaces=3
2026-07-09T15:11:04.809432Z  INFO herdr::pane: agent changed pane=4 previous_agent=Some(OpenCode) agent=None pgid=Some(78937)
2026-07-09T15:11:05.670943Z  INFO herdr::logging: pane child exited event="pane.exit" subsystem="pane" outcome="completed" pane_id=4 status="ExitStatus { code: 0, signal: None }"
2026-07-09T15:11:05.671001Z  INFO herdr::pane: pane session terminated pane=4 pid=78937 signal=Hangup
2026-07-09T15:11:10.673952Z  INFO herdr::logging: session saved event="persist.save" subsystem="persist" outcome="ok" path=/Users/David.Vigh/.config/herdr/session.json workspaces=2
2026-07-09T15:11:13.135863Z  INFO herdr::logging: workspace focused event="workspace.focus" subsystem="workspace" outcome="ok" workspace_id="w1"
2026-07-09T15:11:13.135903Z  INFO herdr::logging: tab focused event="tab.focus" subsystem="tab" outcome="ok" workspace_id="w1" tab_id="w1:t2"
2026-07-09T15:11:18.138841Z  INFO herdr::logging: session saved event="persist.save" subsystem="persist" outcome="ok" path=/Users/David.Vigh/.config/herdr/session.json workspaces=2
2026-07-09T15:11:20.876567Z  INFO herdr::logging: spawning pane terminal event="pane.spawn.start" subsystem="pane" outcome="started" pane_id=5 rows=67 cols=204 scrollback_limit_bytes=10000000
2026-07-09T15:11:20.880123Z  INFO herdr::logging: pane child spawned event="pane.spawned" subsystem="pane" outcome="ok" pane_id=5 pid=86591
2026-07-09T15:11:20.880235Z  INFO herdr::logging: tab renamed event="tab.rename" subsystem="tab" outcome="ok" workspace_id="w1" tab_id="w1:t3"
2026-07-09T15:11:20.880245Z  INFO herdr::logging: tab focused event="tab.focus" subsystem="tab" outcome="ok" workspace_id="w1" tab_id="w1:t3"
2026-07-09T15:11:25.885876Z  INFO herdr::logging: session saved event="persist.save" subsystem="persist" outcome="ok" path=/Users/David.Vigh/.config/herdr/session.json workspaces=2
2026-07-09T15:12:59.053252Z  INFO herdr::logging: tab focused event="tab.focus" subsystem="tab" outcome="ok" workspace_id="w1" tab_id="w1:t2"
2026-07-09T15:13:04.056515Z  INFO herdr::logging: session saved event="persist.save" subsystem="persist" outcome="ok" path=/Users/David.Vigh/.config/herdr/session.json workspaces=2
2026-07-09T15:13:23.478455Z  INFO herdr::logging: tab focused event="tab.focus" subsystem="tab" outcome="ok" workspace_id="w1" tab_id="w1:t1"
2026-07-09T15:13:28.485299Z  INFO herdr::logging: session saved event="persist.save" subsystem="persist" outcome="ok" path=/Users/David.Vigh/.config/herdr/session.json workspaces=2
2026-07-09T15:15:55.403148Z  INFO herdr::logging: tab focused event="tab.focus" subsystem="tab" outcome="ok" workspace_id="w1" tab_id="w1:t2"
2026-07-09T15:16:00.409386Z  INFO herdr::logging: session saved event="persist.save" subsystem="persist" outcome="ok" path=/Users/David.Vigh/.config/herdr/session.json workspaces=2
2026-07-09T15:16:27.222247Z  INFO herdr::logging: tab focused event="tab.focus" subsystem="tab" outcome="ok" workspace_id="w1" tab_id="w1:t3"
2026-07-09T15:16:32.227520Z  INFO herdr::logging: session saved event="persist.save" subsystem="persist" outcome="ok" path=/Users/David.Vigh/.config/herdr/session.json workspaces=2
2026-07-09T15:17:45.702373Z  INFO herdr::logging: tab focused event="tab.focus" subsystem="tab" outcome="ok" workspace_id="w1" tab_id="w1:t1"
2026-07-09T15:17:50.552256Z  INFO herdr::logging: tab focused event="tab.focus" subsystem="tab" outcome="ok" workspace_id="w1" tab_id="w1:t2"
2026-07-09T15:17:51.730841Z  INFO herdr::logging: tab focused event="tab.focus" subsystem="tab" outcome="ok" workspace_id="w1" tab_id="w1:t1"
2026-07-09T15:17:52.829333Z  INFO herdr::logging: tab focused event="tab.focus" subsystem="tab" outcome="ok" workspace_id="w1" tab_id="w1:t3"
2026-07-09T15:17:57.833795Z  INFO herdr::logging: session saved event="persist.save" subsystem="persist" outcome="ok" path=/Users/David.Vigh/.config/herdr/session.json workspaces=2
2026-07-09T15:31:59.572490Z  INFO herdr::logging: checking for updates event="update.check.start" subsystem="update" outcome="started"
2026-07-09T15:38:39.468852Z  INFO herdr::pane: agent changed pane=5 previous_agent=None agent=Some(OpenCode) process=opencode pgid=Some(89916)
2026-07-09T15:39:03.459145Z  INFO herdr::logging: spawning pane terminal event="pane.spawn.start" subsystem="pane" outcome="started" pane_id=6 rows=67 cols=204 scrollback_limit_bytes=10000000
2026-07-09T15:39:03.462703Z  INFO herdr::logging: pane child spawned event="pane.spawned" subsystem="pane" outcome="ok" pane_id=6 pid=91388
2026-07-09T15:39:03.462845Z  INFO herdr::logging: tab focused event="tab.focus" subsystem="tab" outcome="ok" workspace_id="w1" tab_id="w1:t4"
2026-07-09T15:39:08.478329Z  INFO herdr::logging: session saved event="persist.save" subsystem="persist" outcome="ok" path=/Users/David.Vigh/.config/herdr/session.json workspaces=2
2026-07-09T15:39:36.835835Z  INFO herdr::logging: tab focused event="tab.focus" subsystem="tab" outcome="ok" workspace_id="w1" tab_id="w1:t3"
2026-07-09T15:39:41.842587Z  INFO herdr::logging: session saved event="persist.save" subsystem="persist" outcome="ok" path=/Users/David.Vigh/.config/herdr/session.json workspaces=2
2026-07-09T15:41:36.464965Z  INFO herdr::logging: tab focused event="tab.focus" subsystem="tab" outcome="ok" workspace_id="w1" tab_id="w1:t4"
2026-07-09T15:41:37.434452Z  INFO herdr::logging: tab focused event="tab.focus" subsystem="tab" outcome="ok" workspace_id="w1" tab_id="w1:t3"
2026-07-09T15:41:42.438507Z  INFO herdr::logging: session saved event="persist.save" subsystem="persist" outcome="ok" path=/Users/David.Vigh/.config/herdr/session.json workspaces=2
2026-07-09T15:57:03.042794Z  INFO herdr::logging: tab focused event="tab.focus" subsystem="tab" outcome="ok" workspace_id="w1" tab_id="w1:t4"
2026-07-09T15:57:08.050220Z  INFO herdr::logging: session saved event="persist.save" subsystem="persist" outcome="ok" path=/Users/David.Vigh/.config/herdr/session.json workspaces=2
2026-07-09T15:58:30.311378Z  INFO herdr::logging: tab focused event="tab.focus" subsystem="tab" outcome="ok" workspace_id="w1" tab_id="w1:t2"
2026-07-09T15:58:35.320196Z  INFO herdr::logging: session saved event="persist.save" subsystem="persist" outcome="ok" path=/Users/David.Vigh/.config/herdr/session.json workspaces=2
2026-07-09T16:01:59.576409Z  INFO herdr::logging: checking for updates event="update.check.start" subsystem="update" outcome="started"
2026-07-09T16:31:59.541830Z  INFO herdr::logging: checking for updates event="update.check.start" subsystem="update" outcome="started"
2026-07-09T16:44:00.764741Z  INFO herdr::logging: workspace focused event="workspace.focus" subsystem="workspace" outcome="ok" workspace_id="w2"
2026-07-09T16:44:00.764876Z  INFO herdr::logging: tab focused event="tab.focus" subsystem="tab" outcome="ok" workspace_id="w2" tab_id="w2:t1"
2026-07-09T16:44:05.773368Z  INFO herdr::logging: session saved event="persist.save" subsystem="persist" outcome="ok" path=/Users/David.Vigh/.config/herdr/session.json workspaces=2
2026-07-09T16:44:52.001551Z  INFO herdr::logging: workspace focused event="workspace.focus" subsystem="workspace" outcome="ok" workspace_id="w1"
2026-07-09T16:44:52.001658Z  INFO herdr::logging: tab focused event="tab.focus" subsystem="tab" outcome="ok" workspace_id="w1" tab_id="w1:t2"
2026-07-09T16:44:57.007170Z  INFO herdr::logging: session saved event="persist.save" subsystem="persist" outcome="ok" path=/Users/David.Vigh/.config/herdr/session.json workspaces=2
2026-07-09T16:46:14.667257Z  INFO herdr::logging: spawning pane terminal event="pane.spawn.start" subsystem="pane" outcome="started" pane_id=7 rows=67 cols=204 scrollback_limit_bytes=10000000
2026-07-09T16:46:14.674300Z  INFO herdr::logging: pane child spawned event="pane.spawned" subsystem="pane" outcome="ok" pane_id=7 pid=93147
2026-07-09T16:46:14.674762Z  INFO herdr::logging: workspace created event="workspace.create" subsystem="workspace" outcome="ok" workspace_id="w4" pane_id=7
2026-07-09T16:46:14.674791Z  INFO herdr::logging: workspace focused event="workspace.focus" subsystem="workspace" outcome="ok" workspace_id="w4"
2026-07-09T16:46:14.674817Z  INFO herdr::logging: tab focused event="tab.focus" subsystem="tab" outcome="ok" workspace_id="w4" tab_id="w4:t1"
2026-07-09T16:46:19.688954Z  INFO herdr::logging: session saved event="persist.save" subsystem="persist" outcome="ok" path=/Users/David.Vigh/.config/herdr/session.json workspaces=3
2026-07-09T16:46:22.310443Z  INFO herdr::pane: agent changed pane=7 previous_agent=None agent=Some(OpenCode) process=opencode pgid=Some(93207)
2026-07-09T16:46:37.336809Z  INFO herdr::pane: agent changed pane=7 previous_agent=None agent=Some(OpenCode) process=opencode pgid=Some(93207)
2026-07-09T16:46:42.326178Z  INFO herdr::logging: session saved event="persist.save" subsystem="persist" outcome="ok" path=/Users/David.Vigh/.config/herdr/session.json workspaces=3
2026-07-09T17:00:37.729337Z  INFO herdr::server::headless: client resize client_id=2 cols=229 rows=43 cell_width_px=0 cell_height_px=0
2026-07-09T17:00:37.830543Z  INFO herdr::server::headless: client resize client_id=2 cols=156 rows=43 cell_width_px=0 cell_height_px=0
2026-07-09T17:01:59.574377Z  INFO herdr::logging: checking for updates event="update.check.start" subsystem="update" outcome="started"
2026-07-09T17:06:08.908625Z  INFO herdr::server::headless: client resize client_id=2 cols=154 rows=43 cell_width_px=0 cell_height_px=0
2026-07-09T17:31:59.609465Z  INFO herdr::logging: checking for updates event="update.check.start" subsystem="update" outcome="started"
2026-07-09T18:01:59.632848Z  INFO herdr::logging: checking for updates event="update.check.start" subsystem="update" outcome="started"
2026-07-09T18:31:59.606712Z  INFO herdr::logging: checking for updates event="update.check.start" subsystem="update" outcome="started"
2026-07-09T18:32:55.379706Z  INFO herdr::server::headless: client resize client_id=2 cols=151 rows=43 cell_width_px=0 cell_height_px=0
2026-07-09T18:32:58.599728Z  INFO herdr::server::headless: client resize client_id=2 cols=154 rows=43 cell_width_px=0 cell_height_px=0
2026-07-09T18:32:58.703635Z  INFO herdr::server::headless: client resize client_id=2 cols=226 rows=68 cell_width_px=0 cell_height_px=0
2026-07-09T18:36:43.279475Z  INFO herdr::server::headless: client resize client_id=2 cols=229 rows=68 cell_width_px=0 cell_height_px=0
2026-07-09T18:37:16.424008Z  INFO herdr::logging: spawning pane terminal event="pane.spawn.start" subsystem="pane" outcome="started" pane_id=8 rows=67 cols=204 scrollback_limit_bytes=10000000
2026-07-09T18:37:16.430411Z  INFO herdr::logging: pane child spawned event="pane.spawned" subsystem="pane" outcome="ok" pane_id=8 pid=97571
2026-07-09T18:37:16.430628Z  INFO herdr::logging: workspace created event="workspace.create" subsystem="workspace" outcome="ok" workspace_id="w5" pane_id=8
2026-07-09T18:37:16.430641Z  INFO herdr::logging: workspace focused event="workspace.focus" subsystem="workspace" outcome="ok" workspace_id="w5"
2026-07-09T18:37:16.430652Z  INFO herdr::logging: tab focused event="tab.focus" subsystem="tab" outcome="ok" workspace_id="w5" tab_id="w5:t1"
2026-07-09T18:37:21.439214Z  INFO herdr::logging: session saved event="persist.save" subsystem="persist" outcome="ok" path=/Users/David.Vigh/.config/herdr/session.json workspaces=4
2026-07-09T18:37:31.619518Z  INFO herdr::pane: agent changed pane=8 previous_agent=None agent=Some(OpenCode) process=opencode pgid=Some(97646)
2026-07-09T18:38:05.752064Z  INFO herdr::pane: agent changed pane=8 previous_agent=None agent=Some(OpenCode) process=opencode pgid=Some(97646)
2026-07-09T18:38:10.747917Z  INFO herdr::logging: session saved event="persist.save" subsystem="persist" outcome="ok" path=/Users/David.Vigh/.config/herdr/session.json workspaces=4
2026-07-09T19:01:59.605897Z  INFO herdr::logging: checking for updates event="update.check.start" subsystem="update" outcome="started"
2026-07-09T19:31:59.585862Z  INFO herdr::logging: checking for updates event="update.check.start" subsystem="update" outcome="started"
2026-07-09T20:01:59.574796Z  INFO herdr::logging: checking for updates event="update.check.start" subsystem="update" outcome="started"
2026-07-09T20:07:39.091227Z  INFO herdr::logging: workspace focused event="workspace.focus" subsystem="workspace" outcome="ok" workspace_id="w4"
2026-07-09T20:07:39.091342Z  INFO herdr::logging: tab focused event="tab.focus" subsystem="tab" outcome="ok" workspace_id="w4" tab_id="w4:t1"
2026-07-09T20:07:42.321958Z  INFO herdr::pane: agent changed pane=7 previous_agent=Some(OpenCode) agent=None pgid=Some(93147)
2026-07-09T20:07:47.026725Z  INFO herdr::logging: session saved event="persist.save" subsystem="persist" outcome="ok" path=/Users/David.Vigh/.config/herdr/session.json workspaces=4
2026-07-09T20:07:48.662602Z  INFO herdr::logging: workspace focused event="workspace.focus" subsystem="workspace" outcome="ok" workspace_id="w5"
2026-07-09T20:07:48.662725Z  INFO herdr::logging: tab focused event="tab.focus" subsystem="tab" outcome="ok" workspace_id="w5" tab_id="w5:t1"
2026-07-09T20:07:53.666701Z  INFO herdr::logging: session saved event="persist.save" subsystem="persist" outcome="ok" path=/Users/David.Vigh/.config/herdr/session.json workspaces=4
2026-07-09T20:08:18.240791Z  INFO herdr::logging: workspace focused event="workspace.focus" subsystem="workspace" outcome="ok" workspace_id="w4"
2026-07-09T20:08:18.240841Z  INFO herdr::logging: tab focused event="tab.focus" subsystem="tab" outcome="ok" workspace_id="w4" tab_id="w4:t1"
2026-07-09T20:08:23.247578Z  INFO herdr::logging: session saved event="persist.save" subsystem="persist" outcome="ok" path=/Users/David.Vigh/.config/herdr/session.json workspaces=4
2026-07-09T20:08:25.383136Z  INFO herdr::logging: workspace focused event="workspace.focus" subsystem="workspace" outcome="ok" workspace_id="w5"
2026-07-09T20:08:25.383197Z  INFO herdr::logging: tab focused event="tab.focus" subsystem="tab" outcome="ok" workspace_id="w5" tab_id="w5:t1"
2026-07-09T20:08:30.388559Z  INFO herdr::logging: session saved event="persist.save" subsystem="persist" outcome="ok" path=/Users/David.Vigh/.config/herdr/session.json workspaces=4
2026-07-09T20:31:59.590641Z  INFO herdr::logging: checking for updates event="update.check.start" subsystem="update" outcome="started"
2026-07-09T21:01:59.519554Z  INFO herdr::logging: checking for updates event="update.check.start" subsystem="update" outcome="started"
2026-07-09T21:28:48.567856Z  INFO herdr::logging: spawning pane terminal event="pane.spawn.start" subsystem="pane" outcome="started" pane_id=9 rows=67 cols=204 scrollback_limit_bytes=10000000
2026-07-09T21:28:48.576379Z  INFO herdr::logging: pane child spawned event="pane.spawned" subsystem="pane" outcome="ok" pane_id=9 pid=6421
2026-07-09T21:28:48.576612Z  INFO herdr::logging: tab focused event="tab.focus" subsystem="tab" outcome="ok" workspace_id="w5" tab_id="w5:t1"
2026-07-09T21:28:53.583181Z  INFO herdr::logging: session saved event="persist.save" subsystem="persist" outcome="ok" path=/Users/David.Vigh/.config/herdr/session.json workspaces=4
2026-07-09T21:31:59.539540Z  INFO herdr::logging: checking for updates event="update.check.start" subsystem="update" outcome="started"
2026-07-09T22:01:59.584797Z  INFO herdr::logging: checking for updates event="update.check.start" subsystem="update" outcome="started"
2026-07-09T22:31:59.600310Z  INFO herdr::logging: checking for updates event="update.check.start" subsystem="update" outcome="started"
2026-07-09T23:01:59.653734Z  INFO herdr::logging: checking for updates event="update.check.start" subsystem="update" outcome="started"
2026-07-09T23:31:59.694231Z  INFO herdr::logging: checking for updates event="update.check.start" subsystem="update" outcome="started"
2026-07-10T00:01:59.702989Z  INFO herdr::logging: checking for updates event="update.check.start" subsystem="update" outcome="started"
2026-07-10T00:31:59.646282Z  INFO herdr::logging: checking for updates event="update.check.start" subsystem="update" outcome="started"
2026-07-10T01:01:59.611230Z  INFO herdr::logging: checking for updates event="update.check.start" subsystem="update" outcome="started"
2026-07-10T01:31:59.645476Z  INFO herdr::logging: checking for updates event="update.check.start" subsystem="update" outcome="started"
2026-07-10T02:01:59.671287Z  INFO herdr::logging: checking for updates event="update.check.start" subsystem="update" outcome="started"
2026-07-10T02:31:59.683051Z  INFO herdr::logging: checking for updates event="update.check.start" subsystem="update" outcome="started"
2026-07-10T03:01:59.630083Z  INFO herdr::logging: checking for updates event="update.check.start" subsystem="update" outcome="started"
2026-07-10T03:31:59.661356Z  INFO herdr::logging: checking for updates event="update.check.start" subsystem="update" outcome="started"
2026-07-10T04:01:59.679316Z  INFO herdr::logging: checking for updates event="update.check.start" subsystem="update" outcome="started"
2026-07-10T04:31:59.634086Z  INFO herdr::logging: checking for updates event="update.check.start" subsystem="update" outcome="started"
2026-07-10T05:01:59.583358Z  INFO herdr::logging: checking for updates event="update.check.start" subsystem="update" outcome="started"
2026-07-10T05:31:59.636939Z  INFO herdr::logging: checking for updates event="update.check.start" subsystem="update" outcome="started"
2026-07-10T06:01:59.660996Z  INFO herdr::logging: checking for updates event="update.check.start" subsystem="update" outcome="started"
2026-07-10T06:31:59.652891Z  INFO herdr::logging: checking for updates event="update.check.start" subsystem="update" outcome="started"
2026-07-10T07:01:59.668851Z  INFO herdr::logging: checking for updates event="update.check.start" subsystem="update" outcome="started"
2026-07-10T07:31:59.674383Z  INFO herdr::logging: checking for updates event="update.check.start" subsystem="update" outcome="started"
2026-07-10T08:01:59.620324Z  INFO herdr::logging: checking for updates event="update.check.start" subsystem="update" outcome="started"
2026-07-10T08:31:59.604801Z  INFO herdr::logging: checking for updates event="update.check.start" subsystem="update" outcome="started"
2026-07-10T09:01:59.650511Z  INFO herdr::logging: checking for updates event="update.check.start" subsystem="update" outcome="started"
2026-07-10T09:31:59.633512Z  INFO herdr::logging: checking for updates event="update.check.start" subsystem="update" outcome="started"
2026-07-10T10:01:59.654865Z  INFO herdr::logging: checking for updates event="update.check.start" subsystem="update" outcome="started"
2026-07-10T10:31:59.679474Z  INFO herdr::logging: checking for updates event="update.check.start" subsystem="update" outcome="started"
2026-07-10T11:01:59.642131Z  INFO herdr::logging: checking for updates event="update.check.start" subsystem="update" outcome="started"
2026-07-10T11:31:59.646792Z  INFO herdr::logging: checking for updates event="update.check.start" subsystem="update" outcome="started"
2026-07-10T12:01:59.617138Z  INFO herdr::logging: checking for updates event="update.check.start" subsystem="update" outcome="started"
2026-07-10T12:31:59.643909Z  INFO herdr::logging: checking for updates event="update.check.start" subsystem="update" outcome="started"
2026-07-10T13:01:59.639711Z  INFO herdr::logging: checking for updates event="update.check.start" subsystem="update" outcome="started"
2026-07-10T13:31:59.632618Z  INFO herdr::logging: checking for updates event="update.check.start" subsystem="update" outcome="started"
2026-07-10T14:01:59.633827Z  INFO herdr::logging: checking for updates event="update.check.start" subsystem="update" outcome="started"
2026-07-10T14:31:59.663153Z  INFO herdr::logging: checking for updates event="update.check.start" subsystem="update" outcome="started"
2026-07-10T15:01:59.657502Z  INFO herdr::logging: checking for updates event="update.check.start" subsystem="update" outcome="started"
2026-07-10T15:31:59.619177Z  INFO herdr::logging: checking for updates event="update.check.start" subsystem="update" outcome="started"
2026-07-10T16:01:59.580981Z  INFO herdr::logging: checking for updates event="update.check.start" subsystem="update" outcome="started"
2026-07-10T16:31:59.644520Z  INFO herdr::logging: checking for updates event="update.check.start" subsystem="update" outcome="started"
2026-07-10T17:01:59.673940Z  INFO herdr::logging: checking for updates event="update.check.start" subsystem="update" outcome="started"
2026-07-10T17:31:59.647435Z  INFO herdr::logging: checking for updates event="update.check.start" subsystem="update" outcome="started"
2026-07-10T18:01:59.625283Z  INFO herdr::logging: checking for updates event="update.check.start" subsystem="update" outcome="started"
2026-07-10T18:15:31.507421Z  INFO herdr::logging: workspace focused event="workspace.focus" subsystem="workspace" outcome="ok" workspace_id="w2"
2026-07-10T18:15:31.507538Z  INFO herdr::logging: tab focused event="tab.focus" subsystem="tab" outcome="ok" workspace_id="w2" tab_id="w2:t1"
2026-07-10T18:15:32.399163Z  INFO herdr::logging: workspace focused event="workspace.focus" subsystem="workspace" outcome="ok" workspace_id="w4"
2026-07-10T18:15:32.399274Z  INFO herdr::logging: tab focused event="tab.focus" subsystem="tab" outcome="ok" workspace_id="w4" tab_id="w4:t1"
2026-07-10T18:15:34.970155Z  INFO herdr::logging: workspace focused event="workspace.focus" subsystem="workspace" outcome="ok" workspace_id="w5"
2026-07-10T18:15:34.970281Z  INFO herdr::logging: tab focused event="tab.focus" subsystem="tab" outcome="ok" workspace_id="w5" tab_id="w5:t1"
2026-07-10T18:15:39.837953Z  INFO herdr::logging: spawning pane terminal event="pane.spawn.start" subsystem="pane" outcome="started" pane_id=10 rows=67 cols=102 scrollback_limit_bytes=10000000
2026-07-10T18:15:39.841562Z  INFO herdr::logging: pane child spawned event="pane.spawned" subsystem="pane" outcome="ok" pane_id=10 pid=36667
2026-07-10T18:15:39.841817Z  INFO herdr::logging: workspace created event="workspace.create" subsystem="workspace" outcome="ok" workspace_id="w6" pane_id=10
2026-07-10T18:15:39.841828Z  INFO herdr::logging: workspace focused event="workspace.focus" subsystem="workspace" outcome="ok" workspace_id="w6"
2026-07-10T18:15:39.841838Z  INFO herdr::logging: tab focused event="tab.focus" subsystem="tab" outcome="ok" workspace_id="w6" tab_id="w6:t1"
2026-07-10T18:15:44.849626Z  INFO herdr::logging: session saved event="persist.save" subsystem="persist" outcome="ok" path=/Users/David.Vigh/.config/herdr/session.json workspaces=5
2026-07-10T18:16:37.945013Z  INFO herdr::pane: agent changed pane=10 previous_agent=None agent=Some(OpenCode) process=opencode pgid=Some(36927)
2026-07-10T18:31:59.615838Z  INFO herdr::logging: checking for updates event="update.check.start" subsystem="update" outcome="started"
2026-07-10T19:01:59.628187Z  INFO herdr::logging: checking for updates event="update.check.start" subsystem="update" outcome="started"
2026-07-10T19:31:59.637577Z  INFO herdr::logging: checking for updates event="update.check.start" subsystem="update" outcome="started"
2026-07-10T20:01:59.680335Z  INFO herdr::logging: checking for updates event="update.check.start" subsystem="update" outcome="started"
2026-07-10T20:31:59.710186Z  INFO herdr::logging: checking for updates event="update.check.start" subsystem="update" outcome="started"
2026-07-10T21:01:59.674546Z  INFO herdr::logging: checking for updates event="update.check.start" subsystem="update" outcome="started"
2026-07-10T21:11:48.102261Z  INFO herdr::pane: agent changed pane=10 previous_agent=None agent=Some(OpenCode) process=opencode pgid=Some(36927)
2026-07-10T21:11:53.099451Z  INFO herdr::logging: session saved event="persist.save" subsystem="persist" outcome="ok" path=/Users/David.Vigh/.config/herdr/session.json workspaces=5
2026-07-10T21:31:59.659028Z  INFO herdr::logging: checking for updates event="update.check.start" subsystem="update" outcome="started"
2026-07-10T22:01:59.710398Z  INFO herdr::logging: checking for updates event="update.check.start" subsystem="update" outcome="started"
2026-07-10T22:31:59.739255Z  INFO herdr::logging: checking for updates event="update.check.start" subsystem="update" outcome="started"
2026-07-10T22:31:59.912297Z  WARN herdr::detect::manifest_update: skipping unknown remote manifest agent agent="maki"
2026-07-10T23:01:59.764594Z  INFO herdr::logging: checking for updates event="update.check.start" subsystem="update" outcome="started"
2026-07-10T23:01:59.983865Z  WARN herdr::detect::manifest_update: skipping unknown remote manifest agent agent="maki"
2026-07-10T23:22:03.201107Z  INFO herdr::server::headless: client resize client_id=2 cols=174 rows=42 cell_width_px=0 cell_height_px=0
2026-07-10T23:31:59.722568Z  INFO herdr::logging: checking for updates event="update.check.start" subsystem="update" outcome="started"
2026-07-10T23:31:59.906826Z  WARN herdr::detect::manifest_update: skipping unknown remote manifest agent agent="maki"
2026-07-11T00:01:59.751093Z  INFO herdr::logging: checking for updates event="update.check.start" subsystem="update" outcome="started"
2026-07-11T00:01:59.960440Z  WARN herdr::detect::manifest_update: skipping unknown remote manifest agent agent="maki"
2026-07-11T00:31:59.741971Z  INFO herdr::logging: checking for updates event="update.check.start" subsystem="update" outcome="started"
2026-07-11T00:31:59.919746Z  WARN herdr::detect::manifest_update: skipping unknown remote manifest agent agent="maki"
2026-07-11T01:01:59.742755Z  INFO herdr::logging: checking for updates event="update.check.start" subsystem="update" outcome="started"
2026-07-11T01:01:59.915148Z  WARN herdr::detect::manifest_update: skipping unknown remote manifest agent agent="maki"
2026-07-11T01:31:57.718342Z  INFO herdr::logging: checking for updates event="update.check.start" subsystem="update" outcome="started"
2026-07-11T01:31:57.900571Z  WARN herdr::detect::manifest_update: skipping unknown remote manifest agent agent="maki"
2026-07-11T02:01:57.718644Z  INFO herdr::logging: checking for updates event="update.check.start" subsystem="update" outcome="started"
2026-07-11T02:01:57.938179Z  WARN herdr::detect::manifest_update: skipping unknown remote manifest agent agent="maki"
2026-07-11T02:31:57.719427Z  INFO herdr::logging: checking for updates event="update.check.start" subsystem="update" outcome="started"
2026-07-11T02:31:57.948708Z  WARN herdr::detect::manifest_update: skipping unknown remote manifest agent agent="maki"
2026-07-11T03:01:59.699082Z  INFO herdr::logging: checking for updates event="update.check.start" subsystem="update" outcome="started"
2026-07-11T03:01:59.898833Z  WARN herdr::detect::manifest_update: skipping unknown remote manifest agent agent="maki"
2026-07-11T03:31:59.807551Z  INFO herdr::logging: checking for updates event="update.check.start" subsystem="update" outcome="started"
2026-07-11T03:31:59.993366Z  WARN herdr::detect::manifest_update: skipping unknown remote manifest agent agent="maki"
2026-07-11T04:01:59.835136Z  INFO herdr::logging: checking for updates event="update.check.start" subsystem="update" outcome="started"
2026-07-11T04:01:59.996554Z  WARN herdr::detect::manifest_update: skipping unknown remote manifest agent agent="maki"
2026-07-11T04:31:59.827956Z  INFO herdr::logging: checking for updates event="update.check.start" subsystem="update" outcome="started"
2026-07-11T04:32:00.039469Z  WARN herdr::detect::manifest_update: skipping unknown remote manifest agent agent="maki"
2026-07-11T05:01:59.754819Z  INFO herdr::logging: checking for updates event="update.check.start" subsystem="update" outcome="started"
2026-07-11T05:01:59.927691Z  WARN herdr::detect::manifest_update: skipping unknown remote manifest agent agent="maki"
2026-07-11T05:31:59.721535Z  INFO herdr::logging: checking for updates event="update.check.start" subsystem="update" outcome="started"
2026-07-11T05:31:59.864482Z  WARN herdr::detect::manifest_update: skipping unknown remote manifest agent agent="maki"
2026-07-11T06:01:59.757268Z  INFO herdr::logging: checking for updates event="update.check.start" subsystem="update" outcome="started"
2026-07-11T06:01:59.904868Z  WARN herdr::detect::manifest_update: skipping unknown remote manifest agent agent="maki"
2026-07-11T06:31:59.743540Z  INFO herdr::logging: checking for updates event="update.check.start" subsystem="update" outcome="started"
2026-07-11T06:31:59.889159Z  WARN herdr::detect::manifest_update: skipping unknown remote manifest agent agent="maki"
2026-07-11T07:01:59.756913Z  INFO herdr::logging: checking for updates event="update.check.start" subsystem="update" outcome="started"
2026-07-11T07:01:59.932731Z  WARN herdr::detect::manifest_update: skipping unknown remote manifest agent agent="maki"
2026-07-11T07:31:59.750656Z  INFO herdr::logging: checking for updates event="update.check.start" subsystem="update" outcome="started"
2026-07-11T07:31:59.926318Z  WARN herdr::detect::manifest_update: skipping unknown remote manifest agent agent="maki"
2026-07-11T08:01:59.770061Z  INFO herdr::logging: checking for updates event="update.check.start" subsystem="update" outcome="started"
2026-07-11T08:01:59.971648Z  WARN herdr::detect::manifest_update: skipping unknown remote manifest agent agent="maki"
2026-07-11T08:31:59.816676Z  INFO herdr::logging: checking for updates event="update.check.start" subsystem="update" outcome="started"
2026-07-11T08:32:00.019769Z  WARN herdr::detect::manifest_update: skipping unknown remote manifest agent agent="maki"
2026-07-11T09:01:59.756404Z  INFO herdr::logging: checking for updates event="update.check.start" subsystem="update" outcome="started"
2026-07-11T09:01:59.911090Z  WARN herdr::detect::manifest_update: skipping unknown remote manifest agent agent="maki"
2026-07-11T09:31:59.777720Z  INFO herdr::logging: checking for updates event="update.check.start" subsystem="update" outcome="started"
2026-07-11T09:32:00.010446Z  WARN herdr::detect::manifest_update: skipping unknown remote manifest agent agent="maki"
2026-07-11T10:01:59.764085Z  INFO herdr::logging: checking for updates event="update.check.start" subsystem="update" outcome="started"
2026-07-11T10:01:59.899493Z  WARN herdr::detect::manifest_update: skipping unknown remote manifest agent agent="maki"
2026-07-11T10:31:59.811494Z  INFO herdr::logging: checking for updates event="update.check.start" subsystem="update" outcome="started"
2026-07-11T10:31:59.985620Z  WARN herdr::detect::manifest_update: skipping unknown remote manifest agent agent="maki"
2026-07-11T11:01:59.787982Z  INFO herdr::logging: checking for updates event="update.check.start" subsystem="update" outcome="started"
2026-07-11T11:01:59.942857Z  WARN herdr::detect::manifest_update: skipping unknown remote manifest agent agent="maki"
2026-07-11T11:31:59.771138Z  INFO herdr::logging: checking for updates event="update.check.start" subsystem="update" outcome="started"
2026-07-11T11:31:59.942625Z  WARN herdr::detect::manifest_update: skipping unknown remote manifest agent agent="maki"
2026-07-11T12:01:59.819239Z  INFO herdr::logging: checking for updates event="update.check.start" subsystem="update" outcome="started"
2026-07-11T12:01:59.979831Z  WARN herdr::detect::manifest_update: skipping unknown remote manifest agent agent="maki"
2026-07-11T12:31:59.792326Z  INFO herdr::logging: checking for updates event="update.check.start" subsystem="update" outcome="started"
2026-07-11T12:32:00.009274Z  WARN herdr::detect::manifest_update: skipping unknown remote manifest agent agent="maki"
2026-07-11T13:01:59.819775Z  INFO herdr::logging: checking for updates event="update.check.start" subsystem="update" outcome="started"
2026-07-11T13:01:59.983004Z  WARN herdr::detect::manifest_update: skipping unknown remote manifest agent agent="maki"
2026-07-11T13:31:59.794161Z  INFO herdr::logging: checking for updates event="update.check.start" subsystem="update" outcome="started"
2026-07-11T13:31:59.996738Z  WARN herdr::detect::manifest_update: skipping unknown remote manifest agent agent="maki"
2026-07-11T14:01:59.843794Z  INFO herdr::logging: checking for updates event="update.check.start" subsystem="update" outcome="started"
2026-07-11T14:02:00.070082Z  WARN herdr::detect::manifest_update: skipping unknown remote manifest agent agent="maki"
2026-07-11T14:31:59.860595Z  INFO herdr::logging: checking for updates event="update.check.start" subsystem="update" outcome="started"
2026-07-11T14:32:00.017205Z  WARN herdr::detect::manifest_update: skipping unknown remote manifest agent agent="maki"
2026-07-11T15:01:59.816863Z  INFO herdr::logging: checking for updates event="update.check.start" subsystem="update" outcome="started"
2026-07-11T15:01:59.981630Z  WARN herdr::detect::manifest_update: skipping unknown remote manifest agent agent="maki"
2026-07-11T15:31:59.831645Z  INFO herdr::logging: checking for updates event="update.check.start" subsystem="update" outcome="started"
2026-07-11T15:32:00.021249Z  WARN herdr::detect::manifest_update: skipping unknown remote manifest agent agent="maki"
2026-07-11T16:01:59.830564Z  INFO herdr::logging: checking for updates event="update.check.start" subsystem="update" outcome="started"
2026-07-11T16:02:00.013410Z  WARN herdr::detect::manifest_update: skipping unknown remote manifest agent agent="maki"
2026-07-11T16:31:59.855424Z  INFO herdr::logging: checking for updates event="update.check.start" subsystem="update" outcome="started"
2026-07-11T16:32:00.046928Z  WARN herdr::detect::manifest_update: skipping unknown remote manifest agent agent="maki"
2026-07-11T17:01:59.860523Z  INFO herdr::logging: checking for updates event="update.check.start" subsystem="update" outcome="started"
2026-07-11T17:02:00.005863Z  WARN herdr::detect::manifest_update: skipping unknown remote manifest agent agent="maki"
2026-07-11T17:31:59.846711Z  INFO herdr::logging: checking for updates event="update.check.start" subsystem="update" outcome="started"
2026-07-11T17:32:00.049979Z  WARN herdr::detect::manifest_update: skipping unknown remote manifest agent agent="maki"
2026-07-11T18:01:59.851052Z  INFO herdr::logging: checking for updates event="update.check.start" subsystem="update" outcome="started"
2026-07-11T18:02:00.002486Z  WARN herdr::detect::manifest_update: skipping unknown remote manifest agent agent="maki"
2026-07-11T18:31:59.841109Z  INFO herdr::logging: checking for updates event="update.check.start" subsystem="update" outcome="started"
2026-07-11T18:31:59.973425Z  WARN herdr::detect::manifest_update: skipping unknown remote manifest agent agent="maki"
2026-07-11T19:01:59.840640Z  INFO herdr::logging: checking for updates event="update.check.start" subsystem="update" outcome="started"
2026-07-11T19:02:00.007734Z  WARN herdr::detect::manifest_update: skipping unknown remote manifest agent agent="maki"
2026-07-11T19:31:59.841273Z  INFO herdr::logging: checking for updates event="update.check.start" subsystem="update" outcome="started"
2026-07-11T19:32:00.003983Z  WARN herdr::detect::manifest_update: skipping unknown remote manifest agent agent="maki"
2026-07-11T20:01:59.820198Z  INFO herdr::logging: checking for updates event="update.check.start" subsystem="update" outcome="started"
2026-07-11T20:01:59.991722Z  WARN herdr::detect::manifest_update: skipping unknown remote manifest agent agent="maki"
2026-07-11T20:31:59.840225Z  INFO herdr::logging: checking for updates event="update.check.start" subsystem="update" outcome="started"
2026-07-11T20:31:59.993350Z  WARN herdr::detect::manifest_update: skipping unknown remote manifest agent agent="maki"
2026-07-11T21:01:59.845340Z  INFO herdr::logging: checking for updates event="update.check.start" subsystem="update" outcome="started"
2026-07-11T21:01:59.988236Z  WARN herdr::detect::manifest_update: skipping unknown remote manifest agent agent="maki"
2026-07-11T21:31:59.896213Z  INFO herdr::logging: checking for updates event="update.check.start" subsystem="update" outcome="started"
2026-07-11T21:32:00.082339Z  WARN herdr::detect::manifest_update: skipping unknown remote manifest agent agent="maki"
2026-07-11T22:01:59.894631Z  INFO herdr::logging: checking for updates event="update.check.start" subsystem="update" outcome="started"
2026-07-11T22:02:00.087040Z  WARN herdr::detect::manifest_update: skipping unknown remote manifest agent agent="maki"
2026-07-11T22:31:59.882412Z  INFO herdr::logging: checking for updates event="update.check.start" subsystem="update" outcome="started"
2026-07-11T22:32:00.043996Z  WARN herdr::detect::manifest_update: skipping unknown remote manifest agent agent="maki"
2026-07-11T23:01:59.859755Z  INFO herdr::logging: checking for updates event="update.check.start" subsystem="update" outcome="started"
2026-07-11T23:02:00.000414Z  WARN herdr::detect::manifest_update: skipping unknown remote manifest agent agent="maki"
2026-07-11T23:31:59.843054Z  INFO herdr::logging: checking for updates event="update.check.start" subsystem="update" outcome="started"
2026-07-11T23:31:59.987941Z  WARN herdr::detect::manifest_update: skipping unknown remote manifest agent agent="maki"
2026-07-12T00:01:59.888269Z  INFO herdr::logging: checking for updates event="update.check.start" subsystem="update" outcome="started"
2026-07-12T00:02:00.017783Z  WARN herdr::detect::manifest_update: skipping unknown remote manifest agent agent="maki"
2026-07-12T00:31:59.876944Z  INFO herdr::logging: checking for updates event="update.check.start" subsystem="update" outcome="started"
2026-07-12T00:32:00.017378Z  WARN herdr::detect::manifest_update: skipping unknown remote manifest agent agent="maki"
2026-07-12T01:01:59.884366Z  INFO herdr::logging: checking for updates event="update.check.start" subsystem="update" outcome="started"
2026-07-12T01:02:00.065810Z  WARN herdr::detect::manifest_update: skipping unknown remote manifest agent agent="maki"
2026-07-12T01:31:59.885435Z  INFO herdr::logging: checking for updates event="update.check.start" subsystem="update" outcome="started"
2026-07-12T01:32:00.116678Z  WARN herdr::detect::manifest_update: skipping unknown remote manifest agent agent="maki"
2026-07-12T02:01:59.921686Z  INFO herdr::logging: checking for updates event="update.check.start" subsystem="update" outcome="started"
2026-07-12T02:02:00.096874Z  WARN herdr::detect::manifest_update: skipping unknown remote manifest agent agent="maki"
2026-07-12T02:31:59.890664Z  INFO herdr::logging: checking for updates event="update.check.start" subsystem="update" outcome="started"
2026-07-12T02:32:00.015718Z  WARN herdr::detect::manifest_update: skipping unknown remote manifest agent agent="maki"
2026-07-12T03:01:59.927957Z  INFO herdr::logging: checking for updates event="update.check.start" subsystem="update" outcome="started"
2026-07-12T03:02:00.059635Z  WARN herdr::detect::manifest_update: skipping unknown remote manifest agent agent="maki"
2026-07-12T03:31:59.915104Z  INFO herdr::logging: checking for updates event="update.check.start" subsystem="update" outcome="started"
2026-07-12T03:32:00.152157Z  WARN herdr::detect::manifest_update: skipping unknown remote manifest agent agent="maki"
2026-07-12T04:01:59.942409Z  INFO herdr::logging: checking for updates event="update.check.start" subsystem="update" outcome="started"
2026-07-12T04:02:00.105225Z  WARN herdr::detect::manifest_update: skipping unknown remote manifest agent agent="maki"
2026-07-12T04:31:59.937022Z  INFO herdr::logging: checking for updates event="update.check.start" subsystem="update" outcome="started"
2026-07-12T04:32:00.137668Z  WARN herdr::detect::manifest_update: skipping unknown remote manifest agent agent="maki"
2026-07-12T05:01:59.938651Z  INFO herdr::logging: checking for updates event="update.check.start" subsystem="update" outcome="started"
2026-07-12T05:02:00.141706Z  WARN herdr::detect::manifest_update: skipping unknown remote manifest agent agent="maki"
2026-07-12T05:31:59.905660Z  INFO herdr::logging: checking for updates event="update.check.start" subsystem="update" outcome="started"
2026-07-12T05:32:00.132209Z  WARN herdr::detect::manifest_update: skipping unknown remote manifest agent agent="maki"
2026-07-12T06:01:59.902920Z  INFO herdr::logging: checking for updates event="update.check.start" subsystem="update" outcome="started"
2026-07-12T06:02:00.083513Z  WARN herdr::detect::manifest_update: skipping unknown remote manifest agent agent="maki"
2026-07-12T06:31:59.921156Z  INFO herdr::logging: checking for updates event="update.check.start" subsystem="update" outcome="started"
2026-07-12T06:32:00.106693Z  WARN herdr::detect::manifest_update: skipping unknown remote manifest agent agent="maki"
2026-07-12T07:01:59.940488Z  INFO herdr::logging: checking for updates event="update.check.start" subsystem="update" outcome="started"
2026-07-12T07:02:00.099190Z  WARN herdr::detect::manifest_update: skipping unknown remote manifest agent agent="maki"
2026-07-12T07:31:59.950476Z  INFO herdr::logging: checking for updates event="update.check.start" subsystem="update" outcome="started"
2026-07-12T07:32:00.104051Z  WARN herdr::detect::manifest_update: skipping unknown remote manifest agent agent="maki"
2026-07-12T08:01:59.942563Z  INFO herdr::logging: checking for updates event="update.check.start" subsystem="update" outcome="started"
2026-07-12T08:02:00.154069Z  WARN herdr::detect::manifest_update: skipping unknown remote manifest agent agent="maki"
2026-07-12T08:31:59.957572Z  INFO herdr::logging: checking for updates event="update.check.start" subsystem="update" outcome="started"
2026-07-12T08:32:00.165672Z  WARN herdr::detect::manifest_update: skipping unknown remote manifest agent agent="maki"
2026-07-12T09:01:59.934174Z  INFO herdr::logging: checking for updates event="update.check.start" subsystem="update" outcome="started"
2026-07-12T09:02:00.085591Z  WARN herdr::detect::manifest_update: skipping unknown remote manifest agent agent="maki"
2026-07-12T09:31:59.952554Z  INFO herdr::logging: checking for updates event="update.check.start" subsystem="update" outcome="started"
2026-07-12T09:32:00.176555Z  WARN herdr::detect::manifest_update: skipping unknown remote manifest agent agent="maki"
2026-07-12T10:01:59.966878Z  INFO herdr::logging: checking for updates event="update.check.start" subsystem="update" outcome="started"
2026-07-12T10:02:00.154672Z  WARN herdr::detect::manifest_update: skipping unknown remote manifest agent agent="maki"
2026-07-12T10:31:59.980784Z  INFO herdr::logging: checking for updates event="update.check.start" subsystem="update" outcome="started"
2026-07-12T10:32:00.174742Z  WARN herdr::detect::manifest_update: skipping unknown remote manifest agent agent="maki"
2026-07-12T11:01:59.981669Z  INFO herdr::logging: checking for updates event="update.check.start" subsystem="update" outcome="started"
2026-07-12T11:02:00.142249Z  WARN herdr::detect::manifest_update: skipping unknown remote manifest agent agent="maki"
2026-07-12T11:31:59.983120Z  INFO herdr::logging: checking for updates event="update.check.start" subsystem="update" outcome="started"
2026-07-12T11:32:00.151949Z  WARN herdr::detect::manifest_update: skipping unknown remote manifest agent agent="maki"
2026-07-12T12:02:00.003263Z  INFO herdr::logging: checking for updates event="update.check.start" subsystem="update" outcome="started"
2026-07-12T12:02:00.160071Z  WARN herdr::detect::manifest_update: skipping unknown remote manifest agent agent="maki"
2026-07-12T12:32:00.012857Z  INFO herdr::logging: checking for updates event="update.check.start" subsystem="update" outcome="started"
2026-07-12T12:32:00.194225Z  WARN herdr::detect::manifest_update: skipping unknown remote manifest agent agent="maki"
2026-07-12T13:02:00.010818Z  INFO herdr::logging: checking for updates event="update.check.start" subsystem="update" outcome="started"
2026-07-12T13:02:00.183607Z  WARN herdr::detect::manifest_update: skipping unknown remote manifest agent agent="maki"
2026-07-12T13:32:00.013590Z  INFO herdr::logging: checking for updates event="update.check.start" subsystem="update" outcome="started"
2026-07-12T13:32:00.231311Z  WARN herdr::detect::manifest_update: skipping unknown remote manifest agent agent="maki"
2026-07-12T14:02:00.029855Z  INFO herdr::logging: checking for updates event="update.check.start" subsystem="update" outcome="started"
2026-07-12T14:02:00.218417Z  WARN herdr::detect::manifest_update: skipping unknown remote manifest agent agent="maki"
2026-07-12T14:32:00.033958Z  INFO herdr::logging: checking for updates event="update.check.start" subsystem="update" outcome="started"
2026-07-12T14:32:00.307488Z  WARN herdr::detect::manifest_update: skipping unknown remote manifest agent agent="maki"
2026-07-12T15:02:00.020665Z  INFO herdr::logging: checking for updates event="update.check.start" subsystem="update" outcome="started"
2026-07-12T15:02:00.187301Z  WARN herdr::detect::manifest_update: skipping unknown remote manifest agent agent="maki"
2026-07-12T15:32:00.047832Z  INFO herdr::logging: checking for updates event="update.check.start" subsystem="update" outcome="started"
2026-07-12T15:32:00.228770Z  WARN herdr::detect::manifest_update: skipping unknown remote manifest agent agent="maki"
2026-07-12T16:02:00.079866Z  INFO herdr::logging: checking for updates event="update.check.start" subsystem="update" outcome="started"
2026-07-12T16:02:00.252163Z  WARN herdr::detect::manifest_update: skipping unknown remote manifest agent agent="maki"
2026-07-12T16:32:00.029921Z  INFO herdr::logging: checking for updates event="update.check.start" subsystem="update" outcome="started"
2026-07-12T16:32:00.183382Z  WARN herdr::detect::manifest_update: skipping unknown remote manifest agent agent="maki"
2026-07-12T17:02:00.020242Z  INFO herdr::logging: checking for updates event="update.check.start" subsystem="update" outcome="started"
2026-07-12T17:02:00.238630Z  WARN herdr::detect::manifest_update: skipping unknown remote manifest agent agent="maki"
2026-07-12T17:32:00.012396Z  INFO herdr::logging: checking for updates event="update.check.start" subsystem="update" outcome="started"
2026-07-12T17:32:00.133272Z  WARN herdr::detect::manifest_update: skipping unknown remote manifest agent agent="maki"
2026-07-12T18:02:00.013919Z  INFO herdr::logging: checking for updates event="update.check.start" subsystem="update" outcome="started"
2026-07-12T18:02:00.188899Z  WARN herdr::detect::manifest_update: skipping unknown remote manifest agent agent="maki"
2026-07-12T18:32:00.010851Z  INFO herdr::logging: checking for updates event="update.check.start" subsystem="update" outcome="started"
2026-07-12T18:32:00.242584Z  WARN herdr::detect::manifest_update: skipping unknown remote manifest agent agent="maki"
2026-07-12T19:02:00.112356Z  INFO herdr::logging: checking for updates event="update.check.start" subsystem="update" outcome="started"
2026-07-12T19:02:00.356160Z  WARN herdr::detect::manifest_update: skipping unknown remote manifest agent agent="maki"
2026-07-12T19:32:00.134781Z  INFO herdr::logging: checking for updates event="update.check.start" subsystem="update" outcome="started"
2026-07-12T19:32:00.265224Z  WARN herdr::detect::manifest_update: skipping unknown remote manifest agent agent="maki"
2026-07-12T20:02:00.061248Z  INFO herdr::logging: checking for updates event="update.check.start" subsystem="update" outcome="started"
2026-07-12T20:02:00.284365Z  WARN herdr::detect::manifest_update: skipping unknown remote manifest agent agent="maki"
2026-07-12T20:32:00.087519Z  INFO herdr::logging: checking for updates event="update.check.start" subsystem="update" outcome="started"
2026-07-12T20:32:00.253425Z  WARN herdr::detect::manifest_update: skipping unknown remote manifest agent agent="maki"
2026-07-12T21:02:00.060290Z  INFO herdr::logging: checking for updates event="update.check.start" subsystem="update" outcome="started"
2026-07-12T21:02:00.211404Z  WARN herdr::detect::manifest_update: skipping unknown remote manifest agent agent="maki"
2026-07-12T21:32:00.097984Z  INFO herdr::logging: checking for updates event="update.check.start" subsystem="update" outcome="started"
2026-07-12T21:32:00.261446Z  WARN herdr::detect::manifest_update: skipping unknown remote manifest agent agent="maki"
2026-07-12T22:02:00.067386Z  INFO herdr::logging: checking for updates event="update.check.start" subsystem="update" outcome="started"
2026-07-12T22:02:00.240589Z  WARN herdr::detect::manifest_update: skipping unknown remote manifest agent agent="maki"
2026-07-12T22:32:00.099488Z  INFO herdr::logging: checking for updates event="update.check.start" subsystem="update" outcome="started"
2026-07-12T22:32:00.272709Z  WARN herdr::detect::manifest_update: skipping unknown remote manifest agent agent="maki"
2026-07-12T23:02:00.081908Z  INFO herdr::logging: checking for updates event="update.check.start" subsystem="update" outcome="started"
2026-07-12T23:02:00.270682Z  WARN herdr::detect::manifest_update: skipping unknown remote manifest agent agent="maki"
2026-07-12T23:32:00.093792Z  INFO herdr::logging: checking for updates event="update.check.start" subsystem="update" outcome="started"
2026-07-12T23:32:00.285543Z  WARN herdr::detect::manifest_update: skipping unknown remote manifest agent agent="maki"
2026-07-13T00:02:00.072075Z  INFO herdr::logging: checking for updates event="update.check.start" subsystem="update" outcome="started"
2026-07-13T00:02:00.218908Z  WARN herdr::detect::manifest_update: skipping unknown remote manifest agent agent="maki"
2026-07-13T00:32:00.114471Z  INFO herdr::logging: checking for updates event="update.check.start" subsystem="update" outcome="started"
2026-07-13T00:32:00.274702Z  WARN herdr::detect::manifest_update: skipping unknown remote manifest agent agent="maki"
2026-07-13T01:02:00.126924Z  INFO herdr::logging: checking for updates event="update.check.start" subsystem="update" outcome="started"
2026-07-13T01:02:00.298393Z  WARN herdr::detect::manifest_update: skipping unknown remote manifest agent agent="maki"
2026-07-13T01:32:00.144169Z  INFO herdr::logging: checking for updates event="update.check.start" subsystem="update" outcome="started"
2026-07-13T01:32:00.359645Z  WARN herdr::detect::manifest_update: skipping unknown remote manifest agent agent="maki"
2026-07-13T02:02:00.156599Z  INFO herdr::logging: checking for updates event="update.check.start" subsystem="update" outcome="started"
2026-07-13T02:02:00.334935Z  WARN herdr::detect::manifest_update: skipping unknown remote manifest agent agent="maki"
2026-07-13T02:32:00.169343Z  INFO herdr::logging: checking for updates event="update.check.start" subsystem="update" outcome="started"
2026-07-13T02:32:00.315798Z  WARN herdr::detect::manifest_update: skipping unknown remote manifest agent agent="maki"
2026-07-13T03:02:00.174015Z  INFO herdr::logging: checking for updates event="update.check.start" subsystem="update" outcome="started"
2026-07-13T03:02:00.372013Z  WARN herdr::detect::manifest_update: skipping unknown remote manifest agent agent="maki"
2026-07-13T03:32:00.179623Z  INFO herdr::logging: checking for updates event="update.check.start" subsystem="update" outcome="started"
2026-07-13T03:32:00.404369Z  WARN herdr::detect::manifest_update: skipping unknown remote manifest agent agent="maki"
2026-07-13T04:02:00.181282Z  INFO herdr::logging: checking for updates event="update.check.start" subsystem="update" outcome="started"
2026-07-13T04:02:00.323829Z  WARN herdr::detect::manifest_update: skipping unknown remote manifest agent agent="maki"
2026-07-13T04:32:00.155264Z  INFO herdr::logging: checking for updates event="update.check.start" subsystem="update" outcome="started"
2026-07-13T04:32:00.363934Z  WARN herdr::detect::manifest_update: skipping unknown remote manifest agent agent="maki"
2026-07-13T05:02:00.119548Z  INFO herdr::logging: checking for updates event="update.check.start" subsystem="update" outcome="started"
2026-07-13T05:02:00.268952Z  WARN herdr::detect::manifest_update: skipping unknown remote manifest agent agent="maki"
2026-07-13T05:32:00.095993Z  INFO herdr::logging: checking for updates event="update.check.start" subsystem="update" outcome="started"
2026-07-13T05:32:00.310203Z  WARN herdr::detect::manifest_update: skipping unknown remote manifest agent agent="maki"
2026-07-13T06:02:00.154413Z  INFO herdr::logging: checking for updates event="update.check.start" subsystem="update" outcome="started"
2026-07-13T06:02:00.318267Z  WARN herdr::detect::manifest_update: skipping unknown remote manifest agent agent="maki"
2026-07-13T06:32:00.136565Z  INFO herdr::logging: checking for updates event="update.check.start" subsystem="update" outcome="started"
2026-07-13T06:32:00.306526Z  WARN herdr::detect::manifest_update: skipping unknown remote manifest agent agent="maki"
2026-07-13T07:02:00.162677Z  INFO herdr::logging: checking for updates event="update.check.start" subsystem="update" outcome="started"
2026-07-13T07:02:00.298006Z  WARN herdr::detect::manifest_update: skipping unknown remote manifest agent agent="maki"
2026-07-13T07:32:00.195917Z  INFO herdr::logging: checking for updates event="update.check.start" subsystem="update" outcome="started"
2026-07-13T07:32:00.384442Z  WARN herdr::detect::manifest_update: skipping unknown remote manifest agent agent="maki"
2026-07-13T08:02:00.213250Z  INFO herdr::logging: checking for updates event="update.check.start" subsystem="update" outcome="started"
2026-07-13T08:02:00.415728Z  WARN herdr::detect::manifest_update: skipping unknown remote manifest agent agent="maki"
2026-07-13T08:32:00.237585Z  INFO herdr::logging: checking for updates event="update.check.start" subsystem="update" outcome="started"
2026-07-13T08:32:00.473478Z  WARN herdr::detect::manifest_update: skipping unknown remote manifest agent agent="maki"
2026-07-13T09:02:00.152290Z  INFO herdr::logging: checking for updates event="update.check.start" subsystem="update" outcome="started"
2026-07-13T09:02:00.329462Z  WARN herdr::detect::manifest_update: skipping unknown remote manifest agent agent="maki"
2026-07-13T09:32:00.121539Z  INFO herdr::logging: checking for updates event="update.check.start" subsystem="update" outcome="started"
2026-07-13T09:32:00.332667Z  WARN herdr::detect::manifest_update: skipping unknown remote manifest agent agent="maki"
2026-07-13T10:02:00.105188Z  INFO herdr::logging: checking for updates event="update.check.start" subsystem="update" outcome="started"
2026-07-13T10:02:00.251537Z  WARN herdr::detect::manifest_update: skipping unknown remote manifest agent agent="maki"
2026-07-13T10:32:00.208222Z  INFO herdr::logging: checking for updates event="update.check.start" subsystem="update" outcome="started"
2026-07-13T10:32:00.419277Z  WARN herdr::detect::manifest_update: skipping unknown remote manifest agent agent="maki"
2026-07-13T11:02:00.214032Z  INFO herdr::logging: checking for updates event="update.check.start" subsystem="update" outcome="started"
2026-07-13T11:02:00.356219Z  WARN herdr::detect::manifest_update: skipping unknown remote manifest agent agent="maki"
2026-07-13T11:32:00.216863Z  INFO herdr::logging: checking for updates event="update.check.start" subsystem="update" outcome="started"
2026-07-13T11:32:00.407634Z  WARN herdr::detect::manifest_update: skipping unknown remote manifest agent agent="maki"
2026-07-13T12:02:00.228371Z  INFO herdr::logging: checking for updates event="update.check.start" subsystem="update" outcome="started"
2026-07-13T12:02:00.466927Z  WARN herdr::detect::manifest_update: skipping unknown remote manifest agent agent="maki"
2026-07-13T12:32:00.220298Z  INFO herdr::logging: checking for updates event="update.check.start" subsystem="update" outcome="started"
2026-07-13T12:32:00.389394Z  WARN herdr::detect::manifest_update: skipping unknown remote manifest agent agent="maki"
2026-07-13T13:02:00.244965Z  INFO herdr::logging: checking for updates event="update.check.start" subsystem="update" outcome="started"
2026-07-13T13:02:00.419161Z  WARN herdr::detect::manifest_update: skipping unknown remote manifest agent agent="maki"
2026-07-13T13:32:00.263160Z  INFO herdr::logging: checking for updates event="update.check.start" subsystem="update" outcome="started"
2026-07-13T13:32:00.452589Z  WARN herdr::detect::manifest_update: skipping unknown remote manifest agent agent="maki"
2026-07-13T14:02:00.277353Z  INFO herdr::logging: checking for updates event="update.check.start" subsystem="update" outcome="started"
2026-07-13T14:02:00.410679Z  WARN herdr::detect::manifest_update: skipping unknown remote manifest agent agent="maki"
2026-07-13T14:32:00.285030Z  INFO herdr::logging: checking for updates event="update.check.start" subsystem="update" outcome="started"
2026-07-13T14:32:00.424657Z  WARN herdr::detect::manifest_update: skipping unknown remote manifest agent agent="maki"
2026-07-13T14:34:00.472825Z  INFO herdr::server::headless: client resize client_id=2 cols=229 rows=68 cell_width_px=0 cell_height_px=0
2026-07-13T15:02:00.278329Z  INFO herdr::logging: checking for updates event="update.check.start" subsystem="update" outcome="started"
2026-07-13T15:02:00.493558Z  WARN herdr::detect::manifest_update: skipping unknown remote manifest agent agent="maki"
2026-07-13T15:32:00.295879Z  INFO herdr::logging: checking for updates event="update.check.start" subsystem="update" outcome="started"
2026-07-13T15:32:00.472659Z  WARN herdr::detect::manifest_update: skipping unknown remote manifest agent agent="maki"
2026-07-13T16:02:00.302618Z  INFO herdr::logging: checking for updates event="update.check.start" subsystem="update" outcome="started"
2026-07-13T16:02:00.474606Z  WARN herdr::detect::manifest_update: skipping unknown remote manifest agent agent="maki"
2026-07-13T16:32:00.284277Z  INFO herdr::logging: checking for updates event="update.check.start" subsystem="update" outcome="started"
2026-07-13T16:32:00.474323Z  WARN herdr::detect::manifest_update: skipping unknown remote manifest agent agent="maki"
2026-07-13T17:02:00.307885Z  INFO herdr::logging: checking for updates event="update.check.start" subsystem="update" outcome="started"
2026-07-13T17:02:00.497711Z  WARN herdr::detect::manifest_update: skipping unknown remote manifest agent agent="maki"
2026-07-13T17:32:00.301644Z  INFO herdr::logging: checking for updates event="update.check.start" subsystem="update" outcome="started"
2026-07-13T17:32:00.496559Z  WARN herdr::detect::manifest_update: skipping unknown remote manifest agent agent="maki"
2026-07-13T17:52:37.018831Z  INFO herdr::logging: spawning pane terminal event="pane.spawn.start" subsystem="pane" outcome="started" pane_id=11 rows=67 cols=204 scrollback_limit_bytes=10000000
2026-07-13T17:52:37.026674Z  INFO herdr::logging: pane child spawned event="pane.spawned" subsystem="pane" outcome="ok" pane_id=11 pid=29422
2026-07-13T17:52:37.026917Z  INFO herdr::logging: tab focused event="tab.focus" subsystem="tab" outcome="ok" workspace_id="w6" tab_id="w6:t2"
2026-07-13T17:52:42.032038Z  INFO herdr::logging: session saved event="persist.save" subsystem="persist" outcome="ok" path=/Users/David.Vigh/.config/herdr/session.json workspaces=5
2026-07-13T18:02:00.297277Z  INFO herdr::logging: checking for updates event="update.check.start" subsystem="update" outcome="started"
2026-07-13T18:02:00.449111Z  WARN herdr::detect::manifest_update: skipping unknown remote manifest agent agent="maki"
2026-07-13T18:31:07.916729Z  INFO herdr::server::headless: client resize client_id=2 cols=229 rows=43 cell_width_px=0 cell_height_px=0
2026-07-13T18:31:12.140033Z  INFO herdr::server::headless: client resize client_id=2 cols=156 rows=43 cell_width_px=0 cell_height_px=0
2026-07-13T18:31:53.542917Z  INFO herdr::server::headless: client resize client_id=2 cols=154 rows=43 cell_width_px=0 cell_height_px=0
2026-07-13T18:32:00.293063Z  INFO herdr::logging: checking for updates event="update.check.start" subsystem="update" outcome="started"
2026-07-13T18:32:00.462046Z  WARN herdr::detect::manifest_update: skipping unknown remote manifest agent agent="maki"
2026-07-13T18:40:44.814769Z  INFO herdr::server::headless: client resize client_id=2 cols=229 rows=68 cell_width_px=0 cell_height_px=0
2026-07-13T19:02:00.237501Z  INFO herdr::logging: checking for updates event="update.check.start" subsystem="update" outcome="started"
2026-07-13T19:02:00.407082Z  WARN herdr::detect::manifest_update: skipping unknown remote manifest agent agent="maki"
2026-07-13T19:15:31.116941Z  INFO herdr::server::headless: client resize client_id=2 cols=154 rows=43 cell_width_px=0 cell_height_px=0
2026-07-13T19:22:57.731928Z  INFO herdr::logging: tab focused event="tab.focus" subsystem="tab" outcome="ok" workspace_id="w6" tab_id="w6:t1"
2026-07-13T19:22:59.919743Z  INFO herdr::logging: tab focused event="tab.focus" subsystem="tab" outcome="ok" workspace_id="w6" tab_id="w6:t2"
2026-07-13T19:23:02.959233Z  INFO herdr::pane: agent changed pane=11 previous_agent=None agent=Some(OpenCode) process=opencode pgid=Some(32005)
2026-07-13T19:23:04.930237Z  INFO herdr::logging: session saved event="persist.save" subsystem="persist" outcome="ok" path=/Users/David.Vigh/.config/herdr/session.json workspaces=5
2026-07-13T19:28:19.998278Z  INFO herdr::server::headless: client resize client_id=2 cols=229 rows=68 cell_width_px=0 cell_height_px=0
2026-07-13T19:28:50.513286Z  INFO herdr::pane: agent changed pane=11 previous_agent=None agent=Some(OpenCode) process=opencode pgid=Some(32005)
2026-07-13T19:28:55.506078Z  INFO herdr::logging: session saved event="persist.save" subsystem="persist" outcome="ok" path=/Users/David.Vigh/.config/herdr/session.json workspaces=5
2026-07-13T19:32:00.282154Z  INFO herdr::logging: checking for updates event="update.check.start" subsystem="update" outcome="started"
2026-07-13T19:32:00.407839Z  WARN herdr::detect::manifest_update: skipping unknown remote manifest agent agent="maki"
2026-07-13T19:44:15.105467Z  INFO herdr::pane: agent changed pane=11 previous_agent=Some(OpenCode) agent=None pgid=Some(29422)
2026-07-13T19:44:17.122431Z  INFO herdr::pane: agent changed pane=11 previous_agent=None agent=Some(OpenCode) process=opencode pgid=Some(34753)
2026-07-13T19:44:19.805687Z  INFO herdr::logging: session saved event="persist.save" subsystem="persist" outcome="ok" path=/Users/David.Vigh/.config/herdr/session.json workspaces=5
2026-07-13T19:49:15.056506Z  INFO herdr::pane: agent changed pane=11 previous_agent=Some(OpenCode) agent=None pgid=Some(29422)
2026-07-13T20:02:00.308054Z  INFO herdr::logging: checking for updates event="update.check.start" subsystem="update" outcome="started"
2026-07-13T20:02:00.491051Z  WARN herdr::detect::manifest_update: skipping unknown remote manifest agent agent="maki"
2026-07-13T20:32:00.311945Z  INFO herdr::logging: checking for updates event="update.check.start" subsystem="update" outcome="started"
2026-07-13T20:32:00.520350Z  WARN herdr::detect::manifest_update: skipping unknown remote manifest agent agent="maki"
2026-07-13T21:02:00.340512Z  INFO herdr::logging: checking for updates event="update.check.start" subsystem="update" outcome="started"
2026-07-13T21:02:00.491033Z  WARN herdr::detect::manifest_update: skipping unknown remote manifest agent agent="maki"
2026-07-13T21:27:54.895711Z  INFO herdr::logging: workspace focused event="workspace.focus" subsystem="workspace" outcome="ok" workspace_id="w5"
2026-07-13T21:27:54.895816Z  INFO herdr::logging: tab focused event="tab.focus" subsystem="tab" outcome="ok" workspace_id="w5" tab_id="w5:t1"
2026-07-13T21:27:59.904302Z  INFO herdr::logging: session saved event="persist.save" subsystem="persist" outcome="ok" path=/Users/David.Vigh/.config/herdr/session.json workspaces=5
2026-07-13T21:28:16.951177Z  INFO herdr::logging: tab focused event="tab.focus" subsystem="tab" outcome="ok" workspace_id="w5" tab_id="w5:t1"
2026-07-13T21:28:21.957179Z  INFO herdr::logging: session saved event="persist.save" subsystem="persist" outcome="ok" path=/Users/David.Vigh/.config/herdr/session.json workspaces=5
2026-07-13T21:32:00.390155Z  INFO herdr::logging: checking for updates event="update.check.start" subsystem="update" outcome="started"
2026-07-13T21:32:00.574945Z  WARN herdr::detect::manifest_update: skipping unknown remote manifest agent agent="maki"
2026-07-13T21:45:04.978679Z  INFO herdr::logging: tab focused event="tab.focus" subsystem="tab" outcome="ok" workspace_id="w5" tab_id="w5:t1"
2026-07-13T21:45:09.985131Z  INFO herdr::logging: session saved event="persist.save" subsystem="persist" outcome="ok" path=/Users/David.Vigh/.config/herdr/session.json workspaces=5
2026-07-13T22:02:00.354488Z  INFO herdr::logging: checking for updates event="update.check.start" subsystem="update" outcome="started"
2026-07-13T22:02:00.522277Z  WARN herdr::detect::manifest_update: skipping unknown remote manifest agent agent="maki"
2026-07-13T22:32:00.363699Z  INFO herdr::logging: checking for updates event="update.check.start" subsystem="update" outcome="started"
2026-07-13T22:32:00.582176Z  WARN herdr::detect::manifest_update: skipping unknown remote manifest agent agent="maki"
2026-07-13T23:02:00.394538Z  INFO herdr::logging: checking for updates event="update.check.start" subsystem="update" outcome="started"
2026-07-13T23:02:00.601572Z  WARN herdr::detect::manifest_update: skipping unknown remote manifest agent agent="maki"
2026-07-13T23:32:00.345180Z  INFO herdr::logging: checking for updates event="update.check.start" subsystem="update" outcome="started"
2026-07-13T23:32:00.521844Z  WARN herdr::detect::manifest_update: skipping unknown remote manifest agent agent="maki"
2026-07-14T00:02:00.373650Z  INFO herdr::logging: checking for updates event="update.check.start" subsystem="update" outcome="started"
2026-07-14T00:02:00.530205Z  WARN herdr::detect::manifest_update: skipping unknown remote manifest agent agent="maki"
2026-07-14T00:32:00.370481Z  INFO herdr::logging: checking for updates event="update.check.start" subsystem="update" outcome="started"
2026-07-14T00:32:00.520739Z  WARN herdr::detect::manifest_update: skipping unknown remote manifest agent agent="maki"
2026-07-14T01:02:00.338384Z  INFO herdr::logging: checking for updates event="update.check.start" subsystem="update" outcome="started"
2026-07-14T01:02:00.530298Z  WARN herdr::detect::manifest_update: skipping unknown remote manifest agent agent="maki"
2026-07-14T01:32:00.326962Z  INFO herdr::logging: checking for updates event="update.check.start" subsystem="update" outcome="started"
2026-07-14T01:32:00.475573Z  WARN herdr::detect::manifest_update: skipping unknown remote manifest agent agent="maki"
2026-07-14T02:02:00.365646Z  INFO herdr::logging: checking for updates event="update.check.start" subsystem="update" outcome="started"
2026-07-14T02:02:00.515572Z  WARN herdr::detect::manifest_update: skipping unknown remote manifest agent agent="maki"
2026-07-14T02:32:00.400272Z  INFO herdr::logging: checking for updates event="update.check.start" subsystem="update" outcome="started"
2026-07-14T02:32:00.555030Z  WARN herdr::detect::manifest_update: skipping unknown remote manifest agent agent="maki"
2026-07-14T02:56:51.559910Z  INFO herdr::logging: spawning pane terminal event="pane.spawn.start" subsystem="pane" outcome="started" pane_id=12 rows=67 cols=102 scrollback_limit_bytes=10000000
2026-07-14T02:56:51.570751Z  INFO herdr::logging: pane child spawned event="pane.spawned" subsystem="pane" outcome="ok" pane_id=12 pid=47674
2026-07-14T02:56:51.571055Z  INFO herdr::logging: tab focused event="tab.focus" subsystem="tab" outcome="ok" workspace_id="w5" tab_id="w5:t2"
2026-07-14T02:56:56.576724Z  INFO herdr::logging: session saved event="persist.save" subsystem="persist" outcome="ok" path=/Users/David.Vigh/.config/herdr/session.json workspaces=5
2026-07-14T02:57:14.784292Z  INFO herdr::logging: workspace focused event="workspace.focus" subsystem="workspace" outcome="ok" workspace_id="w2"
2026-07-14T02:57:14.784404Z  INFO herdr::logging: tab focused event="tab.focus" subsystem="tab" outcome="ok" workspace_id="w2" tab_id="w2:t1"
2026-07-14T02:57:19.788050Z  INFO herdr::logging: session saved event="persist.save" subsystem="persist" outcome="ok" path=/Users/David.Vigh/.config/herdr/session.json workspaces=5
2026-07-14T03:02:00.372176Z  INFO herdr::logging: checking for updates event="update.check.start" subsystem="update" outcome="started"
2026-07-14T03:02:00.533613Z  WARN herdr::detect::manifest_update: skipping unknown remote manifest agent agent="maki"
2026-07-14T03:32:00.395177Z  INFO herdr::logging: checking for updates event="update.check.start" subsystem="update" outcome="started"
2026-07-14T03:32:00.554153Z  WARN herdr::detect::manifest_update: skipping unknown remote manifest agent agent="maki"
2026-07-14T04:02:00.414755Z  INFO herdr::logging: checking for updates event="update.check.start" subsystem="update" outcome="started"
2026-07-14T04:02:00.587722Z  WARN herdr::detect::manifest_update: skipping unknown remote manifest agent agent="maki"
2026-07-14T04:32:00.422536Z  INFO herdr::logging: checking for updates event="update.check.start" subsystem="update" outcome="started"
2026-07-14T04:32:00.557286Z  WARN herdr::detect::manifest_update: skipping unknown remote manifest agent agent="maki"
2026-07-14T05:02:00.429864Z  INFO herdr::logging: checking for updates event="update.check.start" subsystem="update" outcome="started"
2026-07-14T05:02:00.590186Z  WARN herdr::detect::manifest_update: skipping unknown remote manifest agent agent="maki"
2026-07-14T05:32:00.410488Z  INFO herdr::logging: checking for updates event="update.check.start" subsystem="update" outcome="started"
2026-07-14T05:32:00.574290Z  WARN herdr::detect::manifest_update: skipping unknown remote manifest agent agent="maki"
2026-07-14T06:02:00.414326Z  INFO herdr::logging: checking for updates event="update.check.start" subsystem="update" outcome="started"
2026-07-14T06:02:00.562922Z  WARN herdr::detect::manifest_update: skipping unknown remote manifest agent agent="maki"
2026-07-14T06:32:00.353865Z  INFO herdr::logging: checking for updates event="update.check.start" subsystem="update" outcome="started"
2026-07-14T06:32:00.533332Z  WARN herdr::detect::manifest_update: skipping unknown remote manifest agent agent="maki"
2026-07-14T07:02:00.356772Z  INFO herdr::logging: checking for updates event="update.check.start" subsystem="update" outcome="started"
2026-07-14T07:02:00.545164Z  WARN herdr::detect::manifest_update: skipping unknown remote manifest agent agent="maki"
2026-07-14T07:32:00.412754Z  INFO herdr::logging: checking for updates event="update.check.start" subsystem="update" outcome="started"
2026-07-14T07:32:00.593172Z  WARN herdr::detect::manifest_update: skipping unknown remote manifest agent agent="maki"
2026-07-14T08:02:00.432621Z  INFO herdr::logging: checking for updates event="update.check.start" subsystem="update" outcome="started"
2026-07-14T08:02:00.594802Z  WARN herdr::detect::manifest_update: skipping unknown remote manifest agent agent="maki"
2026-07-14T08:32:00.424917Z  INFO herdr::logging: checking for updates event="update.check.start" subsystem="update" outcome="started"
2026-07-14T08:32:00.582765Z  WARN herdr::detect::manifest_update: skipping unknown remote manifest agent agent="maki"
2026-07-14T09:02:00.392702Z  INFO herdr::logging: checking for updates event="update.check.start" subsystem="update" outcome="started"
2026-07-14T09:02:00.558450Z  WARN herdr::detect::manifest_update: skipping unknown remote manifest agent agent="maki"
2026-07-14T09:32:00.377686Z  INFO herdr::logging: checking for updates event="update.check.start" subsystem="update" outcome="started"
2026-07-14T09:32:00.519139Z  WARN herdr::detect::manifest_update: skipping unknown remote manifest agent agent="maki"
2026-07-14T10:02:00.404461Z  INFO herdr::logging: checking for updates event="update.check.start" subsystem="update" outcome="started"
2026-07-14T10:02:00.554322Z  WARN herdr::detect::manifest_update: skipping unknown remote manifest agent agent="maki"
2026-07-14T10:32:00.388700Z  INFO herdr::logging: checking for updates event="update.check.start" subsystem="update" outcome="started"
2026-07-14T10:32:00.584155Z  WARN herdr::detect::manifest_update: skipping unknown remote manifest agent agent="maki"
2026-07-14T11:02:00.426549Z  INFO herdr::logging: checking for updates event="update.check.start" subsystem="update" outcome="started"
2026-07-14T11:02:00.585214Z  WARN herdr::detect::manifest_update: skipping unknown remote manifest agent agent="maki"
2026-07-14T11:32:00.456779Z  INFO herdr::logging: checking for updates event="update.check.start" subsystem="update" outcome="started"
2026-07-14T11:32:00.627641Z  WARN herdr::detect::manifest_update: skipping unknown remote manifest agent agent="maki"
2026-07-14T12:02:00.323098Z  INFO herdr::logging: checking for updates event="update.check.start" subsystem="update" outcome="started"
2026-07-14T12:02:00.537638Z  WARN herdr::detect::manifest_update: skipping unknown remote manifest agent agent="maki"
2026-07-14T12:32:00.392499Z  INFO herdr::logging: checking for updates event="update.check.start" subsystem="update" outcome="started"
2026-07-14T12:32:00.535354Z  WARN herdr::detect::manifest_update: skipping unknown remote manifest agent agent="maki"
2026-07-14T13:02:00.388951Z  INFO herdr::logging: checking for updates event="update.check.start" subsystem="update" outcome="started"
2026-07-14T13:02:00.550477Z  WARN herdr::detect::manifest_update: skipping unknown remote manifest agent agent="maki"
2026-07-14T13:32:00.387812Z  INFO herdr::logging: checking for updates event="update.check.start" subsystem="update" outcome="started"
2026-07-14T13:32:00.604951Z  WARN herdr::detect::manifest_update: skipping unknown remote manifest agent agent="maki"
2026-07-14T14:02:00.445799Z  INFO herdr::logging: checking for updates event="update.check.start" subsystem="update" outcome="started"
2026-07-14T14:02:00.628972Z  WARN herdr::detect::manifest_update: skipping unknown remote manifest agent agent="maki"
2026-07-14T14:32:00.474912Z  INFO herdr::logging: checking for updates event="update.check.start" subsystem="update" outcome="started"
2026-07-14T14:32:01.666340Z  WARN herdr::detect::manifest_update: skipping unknown remote manifest agent agent="maki"
2026-07-14T14:36:16.079727Z  INFO herdr::logging: workspace focused event="workspace.focus" subsystem="workspace" outcome="ok" workspace_id="w5"
2026-07-14T14:36:16.079787Z  INFO herdr::logging: tab focused event="tab.focus" subsystem="tab" outcome="ok" workspace_id="w5" tab_id="w5:t1"
2026-07-14T14:36:21.088593Z  INFO herdr::logging: session saved event="persist.save" subsystem="persist" outcome="ok" path=/Users/David.Vigh/.config/herdr/session.json workspaces=5
2026-07-14T14:36:29.688648Z  INFO herdr::logging: tab focused event="tab.focus" subsystem="tab" outcome="ok" workspace_id="w5" tab_id="w5:t1"
2026-07-14T14:36:34.694076Z  INFO herdr::logging: session saved event="persist.save" subsystem="persist" outcome="ok" path=/Users/David.Vigh/.config/herdr/session.json workspaces=5
2026-07-14T15:02:00.476589Z  INFO herdr::logging: checking for updates event="update.check.start" subsystem="update" outcome="started"
2026-07-14T15:02:00.645058Z  WARN herdr::detect::manifest_update: skipping unknown remote manifest agent agent="maki"
2026-07-14T15:32:00.448358Z  INFO herdr::logging: checking for updates event="update.check.start" subsystem="update" outcome="started"
2026-07-14T15:32:00.676304Z  WARN herdr::detect::manifest_update: skipping unknown remote manifest agent agent="maki"
2026-07-14T16:02:00.452489Z  INFO herdr::logging: checking for updates event="update.check.start" subsystem="update" outcome="started"
2026-07-14T16:02:00.626282Z  WARN herdr::detect::manifest_update: skipping unknown remote manifest agent agent="maki"
2026-07-14T16:32:00.443698Z  INFO herdr::logging: checking for updates event="update.check.start" subsystem="update" outcome="started"
2026-07-14T16:32:00.606787Z  WARN herdr::detect::manifest_update: skipping unknown remote manifest agent agent="maki"
2026-07-14T17:02:00.471794Z  INFO herdr::logging: checking for updates event="update.check.start" subsystem="update" outcome="started"
2026-07-14T17:02:00.623344Z  WARN herdr::detect::manifest_update: skipping unknown remote manifest agent agent="maki"
2026-07-14T17:32:00.470948Z  INFO herdr::logging: checking for updates event="update.check.start" subsystem="update" outcome="started"
2026-07-14T17:32:00.637670Z  WARN herdr::detect::manifest_update: skipping unknown remote manifest agent agent="maki"
2026-07-14T18:02:00.457767Z  INFO herdr::logging: checking for updates event="update.check.start" subsystem="update" outcome="started"
2026-07-14T18:02:00.625404Z  WARN herdr::detect::manifest_update: skipping unknown remote manifest agent agent="maki"
2026-07-14T18:32:00.475153Z  INFO herdr::logging: checking for updates event="update.check.start" subsystem="update" outcome="started"
2026-07-14T18:32:00.654911Z  WARN herdr::detect::manifest_update: skipping unknown remote manifest agent agent="maki"
2026-07-14T19:02:00.457991Z  INFO herdr::logging: checking for updates event="update.check.start" subsystem="update" outcome="started"
2026-07-14T19:02:00.639110Z  WARN herdr::detect::manifest_update: skipping unknown remote manifest agent agent="maki"
2026-07-14T19:32:00.451408Z  INFO herdr::logging: checking for updates event="update.check.start" subsystem="update" outcome="started"
2026-07-14T19:32:00.652693Z  WARN herdr::detect::manifest_update: skipping unknown remote manifest agent agent="maki"
2026-07-14T20:02:00.474325Z  INFO herdr::logging: checking for updates event="update.check.start" subsystem="update" outcome="started"
2026-07-14T20:02:00.670299Z  WARN herdr::detect::manifest_update: skipping unknown remote manifest agent agent="maki"
2026-07-14T20:32:00.499651Z  INFO herdr::logging: checking for updates event="update.check.start" subsystem="update" outcome="started"
2026-07-14T20:32:00.669772Z  WARN herdr::detect::manifest_update: skipping unknown remote manifest agent agent="maki"
2026-07-14T21:02:00.509074Z  INFO herdr::logging: checking for updates event="update.check.start" subsystem="update" outcome="started"
2026-07-14T21:02:00.687320Z  WARN herdr::detect::manifest_update: skipping unknown remote manifest agent agent="maki"
2026-07-14T21:04:36.977199Z  INFO herdr::logging: tab focused event="tab.focus" subsystem="tab" outcome="ok" workspace_id="w5" tab_id="w5:t1"
2026-07-14T21:04:41.983029Z  INFO herdr::logging: session saved event="persist.save" subsystem="persist" outcome="ok" path=/Users/David.Vigh/.config/herdr/session.json workspaces=5
2026-07-14T21:10:03.310786Z  INFO herdr::logging: tab focused event="tab.focus" subsystem="tab" outcome="ok" workspace_id="w5" tab_id="w5:t1"
2026-07-14T21:10:08.314877Z  INFO herdr::logging: session saved event="persist.save" subsystem="persist" outcome="ok" path=/Users/David.Vigh/.config/herdr/session.json workspaces=5
2026-07-14T21:10:11.584339Z  INFO herdr::app::actions: copied selection to clipboard
2026-07-14T21:10:18.889030Z  INFO herdr::app::actions: copied selection to clipboard
2026-07-14T21:10:29.200347Z  INFO herdr::app::actions: copied selection to clipboard
2026-07-14T21:10:31.572160Z  INFO herdr::app::actions: copied selection to clipboard
2026-07-14T21:10:36.577648Z  INFO herdr::app::actions: copied double-clicked token to clipboard
2026-07-14T21:10:38.609098Z  INFO herdr::app::actions: copied selection to clipboard
2026-07-14T21:10:49.052310Z  INFO herdr::app::actions: copied selection to clipboard
2026-07-14T21:10:50.917876Z  INFO herdr::app::actions: copied selection to clipboard
2026-07-14T21:11:07.535069Z  INFO herdr::app::actions: copied selection to clipboard
2026-07-14T21:11:14.670566Z  INFO herdr::app::actions: copied selection to clipboard
2026-07-14T21:11:16.380031Z  INFO herdr::app::actions: copied selection to clipboard
2026-07-14T21:11:55.559460Z  INFO herdr::logging: tab focused event="tab.focus" subsystem="tab" outcome="ok" workspace_id="w5" tab_id="w5:t1"
2026-07-14T21:12:00.562730Z  INFO herdr::logging: session saved event="persist.save" subsystem="persist" outcome="ok" path=/Users/David.Vigh/.config/herdr/session.json workspaces=5
2026-07-14T21:13:08.681315Z  INFO herdr::logging: tab focused event="tab.focus" subsystem="tab" outcome="ok" workspace_id="w5" tab_id="w5:t1"
2026-07-14T21:13:13.689237Z  INFO herdr::logging: session saved event="persist.save" subsystem="persist" outcome="ok" path=/Users/David.Vigh/.config/herdr/session.json workspaces=5
2026-07-14T21:13:17.064387Z  INFO herdr::app::actions: copied selection to clipboard
2026-07-14T21:14:30.392624Z  INFO herdr::logging: tab focused event="tab.focus" subsystem="tab" outcome="ok" workspace_id="w5" tab_id="w5:t1"
2026-07-14T21:14:35.397303Z  INFO herdr::logging: session saved event="persist.save" subsystem="persist" outcome="ok" path=/Users/David.Vigh/.config/herdr/session.json workspaces=5
2026-07-14T21:24:50.260513Z  INFO herdr::logging: tab focused event="tab.focus" subsystem="tab" outcome="ok" workspace_id="w5" tab_id="w5:t1"
2026-07-14T21:24:55.267068Z  INFO herdr::logging: session saved event="persist.save" subsystem="persist" outcome="ok" path=/Users/David.Vigh/.config/herdr/session.json workspaces=5
2026-07-14T21:27:03.607510Z  INFO herdr::logging: tab focused event="tab.focus" subsystem="tab" outcome="ok" workspace_id="w5" tab_id="w5:t1"
2026-07-14T21:27:08.613595Z  INFO herdr::logging: session saved event="persist.save" subsystem="persist" outcome="ok" path=/Users/David.Vigh/.config/herdr/session.json workspaces=5
2026-07-14T21:29:01.307775Z  INFO herdr::logging: tab focused event="tab.focus" subsystem="tab" outcome="ok" workspace_id="w5" tab_id="w5:t1"
2026-07-14T21:29:06.311044Z  INFO herdr::logging: session saved event="persist.save" subsystem="persist" outcome="ok" path=/Users/David.Vigh/.config/herdr/session.json workspaces=5
2026-07-14T21:30:04.343255Z  INFO herdr::app::actions: copied selection to clipboard
2026-07-14T21:30:06.583120Z  INFO herdr::logging: tab focused event="tab.focus" subsystem="tab" outcome="ok" workspace_id="w5" tab_id="w5:t2"
2026-07-14T21:30:09.542167Z  INFO herdr::pane: agent changed pane=12 previous_agent=None agent=Some(OpenCode) process=opencode pgid=Some(78597)
2026-07-14T21:30:11.586379Z  INFO herdr::logging: session saved event="persist.save" subsystem="persist" outcome="ok" path=/Users/David.Vigh/.config/herdr/session.json workspaces=5
2026-07-14T21:30:47.250510Z  INFO herdr::pane: agent changed pane=12 previous_agent=None agent=Some(OpenCode) process=opencode pgid=Some(78597)
2026-07-14T21:30:51.771703Z  INFO herdr::logging: tab focused event="tab.focus" subsystem="tab" outcome="ok" workspace_id="w5" tab_id="w5:t1"
2026-07-14T21:30:56.778961Z  INFO herdr::logging: session saved event="persist.save" subsystem="persist" outcome="ok" path=/Users/David.Vigh/.config/herdr/session.json workspaces=5
2026-07-14T21:32:00.523675Z  INFO herdr::logging: checking for updates event="update.check.start" subsystem="update" outcome="started"
2026-07-14T21:32:00.694384Z  WARN herdr::detect::manifest_update: skipping unknown remote manifest agent agent="maki"
2026-07-14T21:33:29.498219Z  INFO herdr::logging: tab focused event="tab.focus" subsystem="tab" outcome="ok" workspace_id="w5" tab_id="w5:t1"
2026-07-14T21:33:32.018289Z  INFO herdr::logging: tab focused event="tab.focus" subsystem="tab" outcome="ok" workspace_id="w5" tab_id="w5:t1"
2026-07-14T21:33:37.022631Z  INFO herdr::logging: session saved event="persist.save" subsystem="persist" outcome="ok" path=/Users/David.Vigh/.config/herdr/session.json workspaces=5
2026-07-14T21:35:52.087541Z  INFO herdr::logging: tab focused event="tab.focus" subsystem="tab" outcome="ok" workspace_id="w5" tab_id="w5:t1"
2026-07-14T21:35:57.092696Z  INFO herdr::logging: session saved event="persist.save" subsystem="persist" outcome="ok" path=/Users/David.Vigh/.config/herdr/session.json workspaces=5
2026-07-14T21:36:56.926397Z  INFO herdr::logging: tab focused event="tab.focus" subsystem="tab" outcome="ok" workspace_id="w5" tab_id="w5:t1"
2026-07-14T21:37:01.932576Z  INFO herdr::logging: session saved event="persist.save" subsystem="persist" outcome="ok" path=/Users/David.Vigh/.config/herdr/session.json workspaces=5
2026-07-14T21:37:57.678912Z  INFO herdr::logging: tab focused event="tab.focus" subsystem="tab" outcome="ok" workspace_id="w5" tab_id="w5:t1"
2026-07-14T21:38:02.682804Z  INFO herdr::logging: session saved event="persist.save" subsystem="persist" outcome="ok" path=/Users/David.Vigh/.config/herdr/session.json workspaces=5
2026-07-14T21:42:14.975089Z  INFO herdr::logging: tab focused event="tab.focus" subsystem="tab" outcome="ok" workspace_id="w5" tab_id="w5:t1"
2026-07-14T21:42:19.980205Z  INFO herdr::logging: session saved event="persist.save" subsystem="persist" outcome="ok" path=/Users/David.Vigh/.config/herdr/session.json workspaces=5
2026-07-14T21:42:26.632810Z  INFO herdr::logging: tab focused event="tab.focus" subsystem="tab" outcome="ok" workspace_id="w5" tab_id="w5:t1"
2026-07-14T21:42:28.555236Z  INFO herdr::logging: tab focused event="tab.focus" subsystem="tab" outcome="ok" workspace_id="w5" tab_id="w5:t1"
2026-07-14T21:42:33.558874Z  INFO herdr::logging: session saved event="persist.save" subsystem="persist" outcome="ok" path=/Users/David.Vigh/.config/herdr/session.json workspaces=5
2026-07-14T21:42:37.662550Z  INFO herdr::logging: tab focused event="tab.focus" subsystem="tab" outcome="ok" workspace_id="w5" tab_id="w5:t1"
2026-07-14T21:42:41.187121Z  INFO herdr::logging: tab focused event="tab.focus" subsystem="tab" outcome="ok" workspace_id="w5" tab_id="w5:t1"
2026-07-14T21:42:46.195622Z  INFO herdr::logging: session saved event="persist.save" subsystem="persist" outcome="ok" path=/Users/David.Vigh/.config/herdr/session.json workspaces=5
2026-07-14T21:42:51.331604Z  INFO herdr::logging: tab focused event="tab.focus" subsystem="tab" outcome="ok" workspace_id="w5" tab_id="w5:t1"
2026-07-14T21:42:54.924175Z  INFO herdr::logging: tab focused event="tab.focus" subsystem="tab" outcome="ok" workspace_id="w5" tab_id="w5:t1"
2026-07-14T21:42:59.932821Z  INFO herdr::logging: session saved event="persist.save" subsystem="persist" outcome="ok" path=/Users/David.Vigh/.config/herdr/session.json workspaces=5
2026-07-14T21:43:10.691593Z  INFO herdr::logging: tab focused event="tab.focus" subsystem="tab" outcome="ok" workspace_id="w5" tab_id="w5:t1"
2026-07-14T21:43:13.690459Z  INFO herdr::logging: tab focused event="tab.focus" subsystem="tab" outcome="ok" workspace_id="w5" tab_id="w5:t1"
2026-07-14T21:43:18.699511Z  INFO herdr::logging: session saved event="persist.save" subsystem="persist" outcome="ok" path=/Users/David.Vigh/.config/herdr/session.json workspaces=5
2026-07-14T21:44:15.166913Z  INFO herdr::logging: tab focused event="tab.focus" subsystem="tab" outcome="ok" workspace_id="w5" tab_id="w5:t1"
2026-07-14T21:44:20.170430Z  INFO herdr::logging: session saved event="persist.save" subsystem="persist" outcome="ok" path=/Users/David.Vigh/.config/herdr/session.json workspaces=5
2026-07-14T21:44:20.568860Z  INFO herdr::logging: tab focused event="tab.focus" subsystem="tab" outcome="ok" workspace_id="w5" tab_id="w5:t1"
2026-07-14T21:44:25.574907Z  INFO herdr::logging: session saved event="persist.save" subsystem="persist" outcome="ok" path=/Users/David.Vigh/.config/herdr/session.json workspaces=5
2026-07-14T21:45:40.234056Z  INFO herdr::logging: tab focused event="tab.focus" subsystem="tab" outcome="ok" workspace_id="w5" tab_id="w5:t1"
2026-07-14T21:45:43.059555Z  INFO herdr::logging: tab focused event="tab.focus" subsystem="tab" outcome="ok" workspace_id="w5" tab_id="w5:t1"
2026-07-14T21:45:48.067912Z  INFO herdr::logging: session saved event="persist.save" subsystem="persist" outcome="ok" path=/Users/David.Vigh/.config/herdr/session.json workspaces=5
2026-07-14T21:46:23.034708Z  INFO herdr::logging: tab focused event="tab.focus" subsystem="tab" outcome="ok" workspace_id="w5" tab_id="w5:t1"
2026-07-14T21:46:25.109012Z  INFO herdr::logging: tab focused event="tab.focus" subsystem="tab" outcome="ok" workspace_id="w5" tab_id="w5:t1"
2026-07-14T21:46:30.114791Z  INFO herdr::logging: session saved event="persist.save" subsystem="persist" outcome="ok" path=/Users/David.Vigh/.config/herdr/session.json workspaces=5
2026-07-14T21:48:40.065053Z  INFO herdr::logging: tab focused event="tab.focus" subsystem="tab" outcome="ok" workspace_id="w5" tab_id="w5:t1"
2026-07-14T21:48:45.072257Z  INFO herdr::logging: session saved event="persist.save" subsystem="persist" outcome="ok" path=/Users/David.Vigh/.config/herdr/session.json workspaces=5
2026-07-14T21:49:24.681066Z  INFO herdr::logging: tab focused event="tab.focus" subsystem="tab" outcome="ok" workspace_id="w5" tab_id="w5:t1"
2026-07-14T21:49:29.685075Z  INFO herdr::logging: session saved event="persist.save" subsystem="persist" outcome="ok" path=/Users/David.Vigh/.config/herdr/session.json workspaces=5
2026-07-14T21:50:35.466475Z  INFO herdr::logging: tab focused event="tab.focus" subsystem="tab" outcome="ok" workspace_id="w5" tab_id="w5:t1"
2026-07-14T21:50:40.474714Z  INFO herdr::logging: session saved event="persist.save" subsystem="persist" outcome="ok" path=/Users/David.Vigh/.config/herdr/session.json workspaces=5
2026-07-14T21:51:09.849841Z  INFO herdr::logging: tab focused event="tab.focus" subsystem="tab" outcome="ok" workspace_id="w5" tab_id="w5:t1"
2026-07-14T21:51:14.855509Z  INFO herdr::logging: session saved event="persist.save" subsystem="persist" outcome="ok" path=/Users/David.Vigh/.config/herdr/session.json workspaces=5
2026-07-14T21:51:43.964629Z  INFO herdr::logging: tab focused event="tab.focus" subsystem="tab" outcome="ok" workspace_id="w5" tab_id="w5:t1"
2026-07-14T21:51:48.976437Z  INFO herdr::logging: session saved event="persist.save" subsystem="persist" outcome="ok" path=/Users/David.Vigh/.config/herdr/session.json workspaces=5
2026-07-14T21:55:21.389291Z  INFO herdr::logging: tab focused event="tab.focus" subsystem="tab" outcome="ok" workspace_id="w5" tab_id="w5:t1"
2026-07-14T21:55:26.406467Z  INFO herdr::logging: session saved event="persist.save" subsystem="persist" outcome="ok" path=/Users/David.Vigh/.config/herdr/session.json workspaces=5
2026-07-14T22:02:00.520659Z  INFO herdr::logging: checking for updates event="update.check.start" subsystem="update" outcome="started"
2026-07-14T22:02:00.682337Z  WARN herdr::detect::manifest_update: skipping unknown remote manifest agent agent="maki"
2026-07-14T22:02:48.099541Z  INFO herdr::logging: tab focused event="tab.focus" subsystem="tab" outcome="ok" workspace_id="w5" tab_id="w5:t1"
2026-07-14T22:02:53.110860Z  INFO herdr::logging: session saved event="persist.save" subsystem="persist" outcome="ok" path=/Users/David.Vigh/.config/herdr/session.json workspaces=5
2026-07-14T22:07:28.786378Z  INFO herdr::logging: tab focused event="tab.focus" subsystem="tab" outcome="ok" workspace_id="w5" tab_id="w5:t2"
2026-07-14T22:07:33.791323Z  INFO herdr::logging: session saved event="persist.save" subsystem="persist" outcome="ok" path=/Users/David.Vigh/.config/herdr/session.json workspaces=5
2026-07-14T22:09:28.682499Z  INFO herdr::logging: spawning pane terminal event="pane.spawn.start" subsystem="pane" outcome="started" pane_id=13 rows=67 cols=204 scrollback_limit_bytes=10000000
2026-07-14T22:09:28.687979Z  INFO herdr::logging: pane child spawned event="pane.spawned" subsystem="pane" outcome="ok" pane_id=13 pid=83731
2026-07-14T22:09:28.688173Z  INFO herdr::logging: tab focused event="tab.focus" subsystem="tab" outcome="ok" workspace_id="w5" tab_id="w5:t3"
2026-07-14T22:09:33.691713Z  INFO herdr::logging: session saved event="persist.save" subsystem="persist" outcome="ok" path=/Users/David.Vigh/.config/herdr/session.json workspaces=5
2026-07-14T22:10:20.875422Z  INFO herdr::logging: tab focused event="tab.focus" subsystem="tab" outcome="ok" workspace_id="w5" tab_id="w5:t2"
2026-07-14T22:10:25.879026Z  INFO herdr::logging: session saved event="persist.save" subsystem="persist" outcome="ok" path=/Users/David.Vigh/.config/herdr/session.json workspaces=5
2026-07-14T22:12:04.091633Z  INFO herdr::logging: tab focused event="tab.focus" subsystem="tab" outcome="ok" workspace_id="w5" tab_id="w5:t1"
2026-07-14T22:12:08.297722Z  INFO herdr::logging: tab focused event="tab.focus" subsystem="tab" outcome="ok" workspace_id="w5" tab_id="w5:t2"
2026-07-14T22:12:13.301225Z  INFO herdr::logging: session saved event="persist.save" subsystem="persist" outcome="ok" path=/Users/David.Vigh/.config/herdr/session.json workspaces=5
2026-07-14T22:21:30.514713Z  INFO herdr::logging: tab focused event="tab.focus" subsystem="tab" outcome="ok" workspace_id="w5" tab_id="w5:t3"
2026-07-14T22:21:35.523268Z  INFO herdr::logging: session saved event="persist.save" subsystem="persist" outcome="ok" path=/Users/David.Vigh/.config/herdr/session.json workspaces=5
2026-07-14T22:32:00.496400Z  INFO herdr::logging: checking for updates event="update.check.start" subsystem="update" outcome="started"
2026-07-14T22:32:00.651806Z  WARN herdr::detect::manifest_update: skipping unknown remote manifest agent agent="maki"
2026-07-14T22:34:22.362826Z  INFO herdr::logging: tab focused event="tab.focus" subsystem="tab" outcome="ok" workspace_id="w5" tab_id="w5:t2"
2026-07-14T22:34:27.367471Z  INFO herdr::logging: session saved event="persist.save" subsystem="persist" outcome="ok" path=/Users/David.Vigh/.config/herdr/session.json workspaces=5
2026-07-14T22:34:54.774037Z  INFO herdr::pane: agent changed pane=12 previous_agent=None agent=Some(OpenCode) process=opencode pgid=Some(78597)
2026-07-14T22:34:59.770155Z  INFO herdr::logging: session saved event="persist.save" subsystem="persist" outcome="ok" path=/Users/David.Vigh/.config/herdr/session.json workspaces=5
2026-07-14T22:37:08.392933Z  INFO herdr::logging: tab focused event="tab.focus" subsystem="tab" outcome="ok" workspace_id="w5" tab_id="w5:t3"
2026-07-14T22:37:13.398558Z  INFO herdr::logging: session saved event="persist.save" subsystem="persist" outcome="ok" path=/Users/David.Vigh/.config/herdr/session.json workspaces=5
2026-07-14T22:37:45.827779Z  INFO herdr::logging: tab focused event="tab.focus" subsystem="tab" outcome="ok" workspace_id="w5" tab_id="w5:t2"
2026-07-14T22:37:50.833854Z  INFO herdr::logging: session saved event="persist.save" subsystem="persist" outcome="ok" path=/Users/David.Vigh/.config/herdr/session.json workspaces=5
2026-07-14T22:39:03.819663Z  INFO herdr::logging: tab focused event="tab.focus" subsystem="tab" outcome="ok" workspace_id="w5" tab_id="w5:t3"
2026-07-14T22:39:08.823646Z  INFO herdr::logging: session saved event="persist.save" subsystem="persist" outcome="ok" path=/Users/David.Vigh/.config/herdr/session.json workspaces=5
2026-07-14T22:50:50.684040Z  INFO herdr::logging: tab focused event="tab.focus" subsystem="tab" outcome="ok" workspace_id="w5" tab_id="w5:t2"
2026-07-14T22:50:55.687571Z  INFO herdr::logging: session saved event="persist.save" subsystem="persist" outcome="ok" path=/Users/David.Vigh/.config/herdr/session.json workspaces=5
2026-07-14T22:51:16.426497Z  INFO herdr::pane: agent changed pane=12 previous_agent=None agent=Some(OpenCode) process=opencode pgid=Some(78597)
2026-07-14T22:51:21.424732Z  INFO herdr::logging: session saved event="persist.save" subsystem="persist" outcome="ok" path=/Users/David.Vigh/.config/herdr/session.json workspaces=5
2026-07-14T23:02:00.549082Z  INFO herdr::logging: checking for updates event="update.check.start" subsystem="update" outcome="started"
2026-07-14T23:02:00.730251Z  WARN herdr::detect::manifest_update: skipping unknown remote manifest agent agent="maki"
2026-07-14T23:32:00.560960Z  INFO herdr::logging: checking for updates event="update.check.start" subsystem="update" outcome="started"
2026-07-14T23:32:00.705422Z  WARN herdr::detect::manifest_update: skipping unknown remote manifest agent agent="maki"
2026-07-15T00:02:00.587033Z  INFO herdr::logging: checking for updates event="update.check.start" subsystem="update" outcome="started"
2026-07-15T00:02:00.783880Z  WARN herdr::detect::manifest_update: skipping unknown remote manifest agent agent="maki"
2026-07-15T00:32:00.611241Z  INFO herdr::logging: checking for updates event="update.check.start" subsystem="update" outcome="started"
2026-07-15T00:32:00.761678Z  WARN herdr::detect::manifest_update: skipping unknown remote manifest agent agent="maki"
2026-07-15T01:02:00.625016Z  INFO herdr::logging: checking for updates event="update.check.start" subsystem="update" outcome="started"
2026-07-15T01:02:00.836969Z  WARN herdr::detect::manifest_update: skipping unknown remote manifest agent agent="maki"
2026-07-15T01:32:00.561956Z  INFO herdr::logging: checking for updates event="update.check.start" subsystem="update" outcome="started"
2026-07-15T01:32:00.723199Z  WARN herdr::detect::manifest_update: skipping unknown remote manifest agent agent="maki"
2026-07-15T02:02:00.555775Z  INFO herdr::logging: checking for updates event="update.check.start" subsystem="update" outcome="started"
2026-07-15T02:02:00.774833Z  WARN herdr::detect::manifest_update: skipping unknown remote manifest agent agent="maki"
2026-07-15T02:32:00.582552Z  INFO herdr::logging: checking for updates event="update.check.start" subsystem="update" outcome="started"
2026-07-15T02:32:00.745398Z  WARN herdr::detect::manifest_update: skipping unknown remote manifest agent agent="maki"
2026-07-15T03:02:00.551244Z  INFO herdr::logging: checking for updates event="update.check.start" subsystem="update" outcome="started"
2026-07-15T03:02:00.790762Z  WARN herdr::detect::manifest_update: skipping unknown remote manifest agent agent="maki"
2026-07-15T03:32:00.578063Z  INFO herdr::logging: checking for updates event="update.check.start" subsystem="update" outcome="started"
2026-07-15T03:32:00.726237Z  WARN herdr::detect::manifest_update: skipping unknown remote manifest agent agent="maki"
2026-07-15T04:02:00.540202Z  INFO herdr::logging: checking for updates event="update.check.start" subsystem="update" outcome="started"
2026-07-15T04:02:00.697891Z  WARN herdr::detect::manifest_update: skipping unknown remote manifest agent agent="maki"
2026-07-15T04:32:00.558057Z  INFO herdr::logging: checking for updates event="update.check.start" subsystem="update" outcome="started"
2026-07-15T04:32:00.742182Z  WARN herdr::detect::manifest_update: skipping unknown remote manifest agent agent="maki"
2026-07-15T05:02:00.564612Z  INFO herdr::logging: checking for updates event="update.check.start" subsystem="update" outcome="started"
2026-07-15T05:02:00.768371Z  WARN herdr::detect::manifest_update: skipping unknown remote manifest agent agent="maki"
2026-07-15T05:32:00.584051Z  INFO herdr::logging: checking for updates event="update.check.start" subsystem="update" outcome="started"
2026-07-15T05:32:00.786315Z  WARN herdr::detect::manifest_update: skipping unknown remote manifest agent agent="maki"
2026-07-15T06:02:00.570355Z  INFO herdr::logging: checking for updates event="update.check.start" subsystem="update" outcome="started"
2026-07-15T06:02:00.757690Z  WARN herdr::detect::manifest_update: skipping unknown remote manifest agent agent="maki"
2026-07-15T06:32:00.591574Z  INFO herdr::logging: checking for updates event="update.check.start" subsystem="update" outcome="started"
2026-07-15T06:32:00.746376Z  WARN herdr::detect::manifest_update: skipping unknown remote manifest agent agent="maki"
2026-07-15T07:02:00.578093Z  INFO herdr::logging: checking for updates event="update.check.start" subsystem="update" outcome="started"
2026-07-15T07:02:00.739952Z  WARN herdr::detect::manifest_update: skipping unknown remote manifest agent agent="maki"
2026-07-15T07:32:00.590269Z  INFO herdr::logging: checking for updates event="update.check.start" subsystem="update" outcome="started"
2026-07-15T07:32:00.762784Z  WARN herdr::detect::manifest_update: skipping unknown remote manifest agent agent="maki"
2026-07-15T08:02:00.571102Z  INFO herdr::logging: checking for updates event="update.check.start" subsystem="update" outcome="started"
2026-07-15T08:02:00.722907Z  WARN herdr::detect::manifest_update: skipping unknown remote manifest agent agent="maki"
2026-07-15T08:32:00.556183Z  INFO herdr::logging: checking for updates event="update.check.start" subsystem="update" outcome="started"
2026-07-15T08:32:00.764443Z  WARN herdr::detect::manifest_update: skipping unknown remote manifest agent agent="maki"
2026-07-15T09:02:00.571040Z  INFO herdr::logging: checking for updates event="update.check.start" subsystem="update" outcome="started"
2026-07-15T09:02:00.786084Z  WARN herdr::detect::manifest_update: skipping unknown remote manifest agent agent="maki"
2026-07-15T09:32:00.563033Z  INFO herdr::logging: checking for updates event="update.check.start" subsystem="update" outcome="started"
2026-07-15T09:32:00.748810Z  WARN herdr::detect::manifest_update: skipping unknown remote manifest agent agent="maki"
2026-07-15T10:02:00.525475Z  INFO herdr::logging: checking for updates event="update.check.start" subsystem="update" outcome="started"
2026-07-15T10:02:00.700683Z  WARN herdr::detect::manifest_update: skipping unknown remote manifest agent agent="maki"
2026-07-15T10:32:00.524686Z  INFO herdr::logging: checking for updates event="update.check.start" subsystem="update" outcome="started"
2026-07-15T10:32:00.694836Z  WARN herdr::detect::manifest_update: skipping unknown remote manifest agent agent="maki"
2026-07-15T11:02:00.537507Z  INFO herdr::logging: checking for updates event="update.check.start" subsystem="update" outcome="started"
2026-07-15T11:02:00.680673Z  WARN herdr::detect::manifest_update: skipping unknown remote manifest agent agent="maki"
2026-07-15T11:32:00.561322Z  INFO herdr::logging: checking for updates event="update.check.start" subsystem="update" outcome="started"
2026-07-15T11:32:00.760075Z  WARN herdr::detect::manifest_update: skipping unknown remote manifest agent agent="maki"
2026-07-15T12:02:00.559797Z  INFO herdr::logging: checking for updates event="update.check.start" subsystem="update" outcome="started"
2026-07-15T12:02:00.761114Z  WARN herdr::detect::manifest_update: skipping unknown remote manifest agent agent="maki"
2026-07-15T12:32:00.537069Z  INFO herdr::logging: checking for updates event="update.check.start" subsystem="update" outcome="started"
2026-07-15T12:32:00.753198Z  WARN herdr::detect::manifest_update: skipping unknown remote manifest agent agent="maki"
2026-07-15T13:02:00.555267Z  INFO herdr::logging: checking for updates event="update.check.start" subsystem="update" outcome="started"
2026-07-15T13:02:00.714964Z  WARN herdr::detect::manifest_update: skipping unknown remote manifest agent agent="maki"
2026-07-15T13:32:00.582574Z  INFO herdr::logging: checking for updates event="update.check.start" subsystem="update" outcome="started"
2026-07-15T13:32:00.815550Z  WARN herdr::detect::manifest_update: skipping unknown remote manifest agent agent="maki"
2026-07-15T14:02:00.559080Z  INFO herdr::logging: checking for updates event="update.check.start" subsystem="update" outcome="started"
2026-07-15T14:02:00.744994Z  WARN herdr::detect::manifest_update: skipping unknown remote manifest agent agent="maki"
2026-07-15T14:32:00.603887Z  INFO herdr::logging: checking for updates event="update.check.start" subsystem="update" outcome="started"
2026-07-15T14:32:00.810429Z  WARN herdr::detect::manifest_update: skipping unknown remote manifest agent agent="maki"
2026-07-15T15:02:00.613744Z  INFO herdr::logging: checking for updates event="update.check.start" subsystem="update" outcome="started"
2026-07-15T15:02:00.795803Z  WARN herdr::detect::manifest_update: skipping unknown remote manifest agent agent="maki"
2026-07-15T15:05:00.934828Z  INFO herdr::logging: tab focused event="tab.focus" subsystem="tab" outcome="ok" workspace_id="w5" tab_id="w5:t3"
2026-07-15T15:05:05.946573Z  INFO herdr::logging: session saved event="persist.save" subsystem="persist" outcome="ok" path=/Users/David.Vigh/.config/herdr/session.json workspaces=5
2026-07-15T15:05:48.711447Z  INFO herdr::logging: tab focused event="tab.focus" subsystem="tab" outcome="ok" workspace_id="w5" tab_id="w5:t2"
2026-07-15T15:05:51.425555Z  INFO herdr::logging: tab focused event="tab.focus" subsystem="tab" outcome="ok" workspace_id="w5" tab_id="w5:t1"
2026-07-15T15:05:56.432688Z  INFO herdr::logging: session saved event="persist.save" subsystem="persist" outcome="ok" path=/Users/David.Vigh/.config/herdr/session.json workspaces=5
2026-07-15T15:05:57.533238Z  INFO herdr::pane: agent changed pane=8 previous_agent=Some(OpenCode) agent=None pgid=Some(97571)
2026-07-15T15:05:58.392355Z  INFO herdr::logging: tab focused event="tab.focus" subsystem="tab" outcome="ok" workspace_id="w5" tab_id="w5:t2"
2026-07-15T15:06:00.566373Z  INFO herdr::pane: agent changed pane=12 previous_agent=Some(OpenCode) agent=None pgid=Some(47674)
2026-07-15T15:06:02.856808Z  INFO herdr::logging: workspace focused event="workspace.focus" subsystem="workspace" outcome="ok" workspace_id="w5"
2026-07-15T15:06:02.856906Z  INFO herdr::logging: tab focused event="tab.focus" subsystem="tab" outcome="ok" workspace_id="w5" tab_id="w5:t2"
2026-07-15T15:06:03.704021Z  INFO herdr::logging: workspace focused event="workspace.focus" subsystem="workspace" outcome="ok" workspace_id="w4"
2026-07-15T15:06:03.704148Z  INFO herdr::logging: tab focused event="tab.focus" subsystem="tab" outcome="ok" workspace_id="w4" tab_id="w4:t1"
2026-07-15T15:06:04.836305Z  INFO herdr::logging: workspace focused event="workspace.focus" subsystem="workspace" outcome="ok" workspace_id="w5"
2026-07-15T15:06:04.836423Z  INFO herdr::logging: tab focused event="tab.focus" subsystem="tab" outcome="ok" workspace_id="w5" tab_id="w5:t2"
2026-07-15T15:06:09.840239Z  INFO herdr::logging: session saved event="persist.save" subsystem="persist" outcome="ok" path=/Users/David.Vigh/.config/herdr/session.json workspaces=5
2026-07-15T15:17:50.303685Z  INFO herdr::logging: workspace focused event="workspace.focus" subsystem="workspace" outcome="ok" workspace_id="w1"
2026-07-15T15:17:50.303745Z  INFO herdr::logging: tab focused event="tab.focus" subsystem="tab" outcome="ok" workspace_id="w1" tab_id="w1:t2"
2026-07-15T15:17:55.263055Z  INFO herdr::logging: tab focused event="tab.focus" subsystem="tab" outcome="ok" workspace_id="w1" tab_id="w1:t1"
2026-07-15T15:18:00.271227Z  INFO herdr::logging: session saved event="persist.save" subsystem="persist" outcome="ok" path=/Users/David.Vigh/.config/herdr/session.json workspaces=5
2026-07-15T15:18:03.458219Z  INFO herdr::pane: agent changed pane=1 previous_agent=Some(OpenCode) agent=None pgid=Some(71936)
2026-07-15T15:18:05.470817Z  INFO herdr::pane: agent changed pane=1 previous_agent=None agent=Some(OpenCode) process=opencode pgid=Some(64366)
2026-07-15T15:22:00.120927Z  INFO herdr::pane: agent changed pane=1 previous_agent=None agent=Some(OpenCode) process=opencode pgid=Some(64366)
2026-07-15T15:22:05.107590Z  INFO herdr::logging: session saved event="persist.save" subsystem="persist" outcome="ok" path=/Users/David.Vigh/.config/herdr/session.json workspaces=5
2026-07-15T15:23:16.472766Z  INFO herdr::logging: tab focused event="tab.focus" subsystem="tab" outcome="ok" workspace_id="w1" tab_id="w1:t4"
2026-07-15T15:23:21.476718Z  INFO herdr::logging: session saved event="persist.save" subsystem="persist" outcome="ok" path=/Users/David.Vigh/.config/herdr/session.json workspaces=5
2026-07-15T15:29:48.052864Z  INFO herdr::logging: tab focused event="tab.focus" subsystem="tab" outcome="ok" workspace_id="w1" tab_id="w1:t1"
2026-07-15T15:29:53.057767Z  INFO herdr::logging: session saved event="persist.save" subsystem="persist" outcome="ok" path=/Users/David.Vigh/.config/herdr/session.json workspaces=5
2026-07-15T15:32:00.552916Z  INFO herdr::logging: checking for updates event="update.check.start" subsystem="update" outcome="started"
2026-07-15T15:32:00.726918Z  WARN herdr::detect::manifest_update: skipping unknown remote manifest agent agent="maki"
2026-07-15T16:02:00.574699Z  INFO herdr::logging: checking for updates event="update.check.start" subsystem="update" outcome="started"
2026-07-15T16:02:00.723560Z  WARN herdr::detect::manifest_update: skipping unknown remote manifest agent agent="maki"
2026-07-15T16:08:46.592711Z  INFO herdr::logging: workspace focused event="workspace.focus" subsystem="workspace" outcome="ok" workspace_id="w5"
2026-07-15T16:08:46.592808Z  INFO herdr::logging: tab focused event="tab.focus" subsystem="tab" outcome="ok" workspace_id="w5" tab_id="w5:t2"
2026-07-15T16:08:49.673893Z  INFO herdr::pane: agent changed pane=12 previous_agent=None agent=Some(OpenCode) process=opencode pgid=Some(69647)
2026-07-15T16:08:51.602691Z  INFO herdr::logging: session saved event="persist.save" subsystem="persist" outcome="ok" path=/Users/David.Vigh/.config/herdr/session.json workspaces=5
2026-07-15T16:09:07.345473Z  INFO herdr::pane: agent changed pane=12 previous_agent=None agent=Some(OpenCode) process=opencode pgid=Some(69647)
2026-07-15T16:09:12.079127Z  INFO herdr::logging: workspace focused event="workspace.focus" subsystem="workspace" outcome="ok" workspace_id="w4"
2026-07-15T16:09:12.079182Z  INFO herdr::logging: tab focused event="tab.focus" subsystem="tab" outcome="ok" workspace_id="w4" tab_id="w4:t1"
2026-07-15T16:09:17.086632Z  INFO herdr::logging: session saved event="persist.save" subsystem="persist" outcome="ok" path=/Users/David.Vigh/.config/herdr/session.json workspaces=5
2026-07-15T16:09:19.007087Z  INFO herdr::logging: workspace focused event="workspace.focus" subsystem="workspace" outcome="ok" workspace_id="w5"
2026-07-15T16:09:19.007141Z  INFO herdr::logging: tab focused event="tab.focus" subsystem="tab" outcome="ok" workspace_id="w5" tab_id="w5:t2"
2026-07-15T16:09:24.010937Z  INFO herdr::logging: session saved event="persist.save" subsystem="persist" outcome="ok" path=/Users/David.Vigh/.config/herdr/session.json workspaces=5
2026-07-15T16:11:50.153481Z  INFO herdr::logging: workspace focused event="workspace.focus" subsystem="workspace" outcome="ok" workspace_id="w4"
2026-07-15T16:11:50.153524Z  INFO herdr::logging: tab focused event="tab.focus" subsystem="tab" outcome="ok" workspace_id="w4" tab_id="w4:t1"
2026-07-15T16:11:51.204845Z  INFO herdr::logging: workspace focused event="workspace.focus" subsystem="workspace" outcome="ok" workspace_id="w1"
2026-07-15T16:11:51.204909Z  INFO herdr::logging: tab focused event="tab.focus" subsystem="tab" outcome="ok" workspace_id="w1" tab_id="w1:t1"
2026-07-15T16:11:56.207626Z  INFO herdr::logging: session saved event="persist.save" subsystem="persist" outcome="ok" path=/Users/David.Vigh/.config/herdr/session.json workspaces=5
2026-07-15T16:12:29.216971Z  INFO herdr::pane: agent changed pane=1 previous_agent=None agent=Some(OpenCode) process=opencode pgid=Some(64366)
2026-07-15T16:12:34.217229Z  INFO herdr::logging: session saved event="persist.save" subsystem="persist" outcome="ok" path=/Users/David.Vigh/.config/herdr/session.json workspaces=5
2026-07-15T16:14:52.411262Z  INFO herdr::logging: workspace focused event="workspace.focus" subsystem="workspace" outcome="ok" workspace_id="w5"
2026-07-15T16:14:52.411315Z  INFO herdr::logging: tab focused event="tab.focus" subsystem="tab" outcome="ok" workspace_id="w5" tab_id="w5:t2"
2026-07-15T16:14:57.413665Z  INFO herdr::logging: session saved event="persist.save" subsystem="persist" outcome="ok" path=/Users/David.Vigh/.config/herdr/session.json workspaces=5
2026-07-15T16:15:00.611194Z  INFO herdr::logging: workspace focused event="workspace.focus" subsystem="workspace" outcome="ok" workspace_id="w1"
2026-07-15T16:15:00.611237Z  INFO herdr::logging: tab focused event="tab.focus" subsystem="tab" outcome="ok" workspace_id="w1" tab_id="w1:t1"
2026-07-15T16:15:05.617570Z  INFO herdr::logging: session saved event="persist.save" subsystem="persist" outcome="ok" path=/Users/David.Vigh/.config/herdr/session.json workspaces=5
2026-07-15T16:15:31.894464Z  INFO herdr::logging: tab focused event="tab.focus" subsystem="tab" outcome="ok" workspace_id="w1" tab_id="w1:t4"
2026-07-15T16:15:36.900271Z  INFO herdr::logging: session saved event="persist.save" subsystem="persist" outcome="ok" path=/Users/David.Vigh/.config/herdr/session.json workspaces=5
2026-07-15T16:16:10.731389Z  INFO herdr::logging: tab focused event="tab.focus" subsystem="tab" outcome="ok" workspace_id="w1" tab_id="w1:t2"
2026-07-15T16:16:14.413731Z  INFO herdr::logging: tab focused event="tab.focus" subsystem="tab" outcome="ok" workspace_id="w1" tab_id="w1:t1"
2026-07-15T16:16:19.421550Z  INFO herdr::logging: session saved event="persist.save" subsystem="persist" outcome="ok" path=/Users/David.Vigh/.config/herdr/session.json workspaces=5
2026-07-15T16:16:24.611353Z  INFO herdr::logging: workspace focused event="workspace.focus" subsystem="workspace" outcome="ok" workspace_id="w5"
2026-07-15T16:16:24.611391Z  INFO herdr::logging: tab focused event="tab.focus" subsystem="tab" outcome="ok" workspace_id="w5" tab_id="w5:t2"
2026-07-15T16:16:29.615064Z  INFO herdr::logging: session saved event="persist.save" subsystem="persist" outcome="ok" path=/Users/David.Vigh/.config/herdr/session.json workspaces=5
2026-07-15T16:16:36.624128Z  INFO herdr::logging: workspace focused event="workspace.focus" subsystem="workspace" outcome="ok" workspace_id="w1"
2026-07-15T16:16:36.624165Z  INFO herdr::logging: tab focused event="tab.focus" subsystem="tab" outcome="ok" workspace_id="w1" tab_id="w1:t1"
2026-07-15T16:16:41.628238Z  INFO herdr::logging: session saved event="persist.save" subsystem="persist" outcome="ok" path=/Users/David.Vigh/.config/herdr/session.json workspaces=5
2026-07-15T16:19:14.093943Z  INFO herdr::logging: tab focused event="tab.focus" subsystem="tab" outcome="ok" workspace_id="w1" tab_id="w1:t4"
2026-07-15T16:19:15.660589Z  INFO herdr::logging: tab focused event="tab.focus" subsystem="tab" outcome="ok" workspace_id="w1" tab_id="w1:t2"
2026-07-15T16:19:16.168855Z  INFO herdr::logging: tab focused event="tab.focus" subsystem="tab" outcome="ok" workspace_id="w1" tab_id="w1:t3"
2026-07-15T16:19:21.173780Z  INFO herdr::logging: session saved event="persist.save" subsystem="persist" outcome="ok" path=/Users/David.Vigh/.config/herdr/session.json workspaces=5
2026-07-15T16:19:21.827310Z  INFO herdr::logging: tab focused event="tab.focus" subsystem="tab" outcome="ok" workspace_id="w1" tab_id="w1:t4"
2026-07-15T16:19:26.830570Z  INFO herdr::logging: session saved event="persist.save" subsystem="persist" outcome="ok" path=/Users/David.Vigh/.config/herdr/session.json workspaces=5
2026-07-15T16:19:52.796251Z  INFO herdr::pane: agent changed pane=6 previous_agent=None agent=Some(OpenCode) process=opencode pgid=Some(74180)
2026-07-15T16:20:05.554362Z  INFO herdr::pane: agent changed pane=6 previous_agent=Some(OpenCode) agent=None pgid=Some(91388)
2026-07-15T16:20:13.132632Z  INFO herdr::pane: agent changed pane=6 previous_agent=None agent=Some(OpenCode) process=opencode pgid=Some(76186)
2026-07-15T16:21:25.909776Z  INFO herdr::pane: agent changed pane=6 previous_agent=None agent=Some(OpenCode) process=opencode pgid=Some(76186)
2026-07-15T16:21:30.894439Z  INFO herdr::logging: session saved event="persist.save" subsystem="persist" outcome="ok" path=/Users/David.Vigh/.config/herdr/session.json workspaces=5
2026-07-15T16:22:02.510479Z  INFO herdr::logging: workspace focused event="workspace.focus" subsystem="workspace" outcome="ok" workspace_id="w5"
2026-07-15T16:22:02.510534Z  INFO herdr::logging: tab focused event="tab.focus" subsystem="tab" outcome="ok" workspace_id="w5" tab_id="w5:t2"
2026-07-15T16:22:07.514214Z  INFO herdr::logging: session saved event="persist.save" subsystem="persist" outcome="ok" path=/Users/David.Vigh/.config/herdr/session.json workspaces=5
2026-07-15T16:32:00.552019Z  INFO herdr::logging: checking for updates event="update.check.start" subsystem="update" outcome="started"
2026-07-15T16:32:00.700127Z  WARN herdr::detect::manifest_update: skipping unknown remote manifest agent agent="maki"
2026-07-15T16:42:59.166656Z  INFO herdr::logging: workspace focused event="workspace.focus" subsystem="workspace" outcome="ok" workspace_id="w1"
2026-07-15T16:42:59.166705Z  INFO herdr::logging: tab focused event="tab.focus" subsystem="tab" outcome="ok" workspace_id="w1" tab_id="w1:t4"
2026-07-15T16:43:04.174235Z  INFO herdr::logging: session saved event="persist.save" subsystem="persist" outcome="ok" path=/Users/David.Vigh/.config/herdr/session.json workspaces=5
2026-07-15T16:46:08.226452Z  INFO herdr::logging: workspace focused event="workspace.focus" subsystem="workspace" outcome="ok" workspace_id="w5"
2026-07-15T16:46:08.226501Z  INFO herdr::logging: tab focused event="tab.focus" subsystem="tab" outcome="ok" workspace_id="w5" tab_id="w5:t2"
2026-07-15T16:46:13.233126Z  INFO herdr::logging: session saved event="persist.save" subsystem="persist" outcome="ok" path=/Users/David.Vigh/.config/herdr/session.json workspaces=5
2026-07-15T16:46:19.710621Z  INFO herdr::logging: spawning pane terminal event="pane.spawn.start" subsystem="pane" outcome="started" pane_id=14 rows=67 cols=204 scrollback_limit_bytes=10000000
2026-07-15T16:46:19.716585Z  INFO herdr::logging: pane child spawned event="pane.spawned" subsystem="pane" outcome="ok" pane_id=14 pid=80581
2026-07-15T16:46:19.716771Z  INFO herdr::logging: tab renamed event="tab.rename" subsystem="tab" outcome="ok" workspace_id="w5" tab_id="w5:t4"
2026-07-15T16:46:19.716814Z  INFO herdr::logging: tab focused event="tab.focus" subsystem="tab" outcome="ok" workspace_id="w5" tab_id="w5:t4"
2026-07-15T16:46:24.723269Z  INFO herdr::logging: session saved event="persist.save" subsystem="persist" outcome="ok" path=/Users/David.Vigh/.config/herdr/session.json workspaces=5
2026-07-15T17:02:00.546511Z  INFO herdr::logging: checking for updates event="update.check.start" subsystem="update" outcome="started"
2026-07-15T17:02:00.694162Z  WARN herdr::detect::manifest_update: skipping unknown remote manifest agent agent="maki"
2026-07-15T17:32:00.575966Z  INFO herdr::logging: checking for updates event="update.check.start" subsystem="update" outcome="started"
2026-07-15T17:32:00.725955Z  WARN herdr::detect::manifest_update: skipping unknown remote manifest agent agent="maki"
2026-07-15T17:37:12.954794Z  INFO herdr::pane: agent changed pane=14 previous_agent=None agent=Some(OpenCode) process=opencode pgid=Some(85628)
2026-07-15T17:37:30.081070Z  INFO herdr::pane: agent changed pane=14 previous_agent=None agent=Some(OpenCode) process=opencode pgid=Some(85628)
2026-07-15T17:37:35.072811Z  INFO herdr::logging: session saved event="persist.save" subsystem="persist" outcome="ok" path=/Users/David.Vigh/.config/herdr/session.json workspaces=5
2026-07-15T17:37:50.656871Z  INFO herdr::logging: tab focused event="tab.focus" subsystem="tab" outcome="ok" workspace_id="w5" tab_id="w5:t2"
2026-07-15T17:37:55.659144Z  INFO herdr::logging: session saved event="persist.save" subsystem="persist" outcome="ok" path=/Users/David.Vigh/.config/herdr/session.json workspaces=5
2026-07-15T17:37:56.036928Z  INFO herdr::logging: tab focused event="tab.focus" subsystem="tab" outcome="ok" workspace_id="w5" tab_id="w5:t4"
2026-07-15T17:37:58.197271Z  INFO herdr::logging: tab focused event="tab.focus" subsystem="tab" outcome="ok" workspace_id="w5" tab_id="w5:t2"
2026-07-15T17:38:03.202133Z  INFO herdr::logging: session saved event="persist.save" subsystem="persist" outcome="ok" path=/Users/David.Vigh/.config/herdr/session.json workspaces=5
2026-07-15T17:38:05.552956Z  INFO herdr::pane: agent changed pane=12 previous_agent=Some(OpenCode) agent=None pgid=Some(47674)
2026-07-15T17:38:07.565866Z  INFO herdr::pane: agent changed pane=12 previous_agent=None agent=Some(OpenCode) process=opencode pgid=Some(87695)
2026-07-15T17:38:10.251845Z  INFO herdr::logging: session saved event="persist.save" subsystem="persist" outcome="ok" path=/Users/David.Vigh/.config/herdr/session.json workspaces=5
2026-07-15T17:40:22.338858Z  INFO herdr::pane: agent changed pane=12 previous_agent=None agent=Some(OpenCode) process=opencode pgid=Some(87695)
2026-07-15T17:40:27.332758Z  INFO herdr::logging: session saved event="persist.save" subsystem="persist" outcome="ok" path=/Users/David.Vigh/.config/herdr/session.json workspaces=5
2026-07-15T17:40:52.003644Z  INFO herdr::logging: session saved event="persist.save" subsystem="persist" outcome="ok" path=/Users/David.Vigh/.config/herdr/session.json workspaces=5
2026-07-15T18:02:00.580798Z  INFO herdr::logging: checking for updates event="update.check.start" subsystem="update" outcome="started"
2026-07-15T18:02:00.789607Z  WARN herdr::detect::manifest_update: skipping unknown remote manifest agent agent="maki"
2026-07-15T18:12:14.725153Z  INFO herdr::logging: workspace focused event="workspace.focus" subsystem="workspace" outcome="ok" workspace_id="w1"
2026-07-15T18:12:14.725181Z  INFO herdr::logging: tab focused event="tab.focus" subsystem="tab" outcome="ok" workspace_id="w1" tab_id="w1:t2"
2026-07-15T18:12:19.708304Z  INFO herdr::logging: tab focused event="tab.focus" subsystem="tab" outcome="ok" workspace_id="w1" tab_id="w1:t4"
2026-07-15T18:12:21.930055Z  INFO herdr::logging: tab focused event="tab.focus" subsystem="tab" outcome="ok" workspace_id="w1" tab_id="w1:t2"
2026-07-15T18:12:25.986384Z  INFO herdr::logging: tab focused event="tab.focus" subsystem="tab" outcome="ok" workspace_id="w1" tab_id="w1:t3"
2026-07-15T18:12:29.487696Z  INFO herdr::pane: agent changed pane=5 previous_agent=Some(OpenCode) agent=None pgid=Some(86591)
2026-07-15T18:12:30.992510Z  INFO herdr::logging: session saved event="persist.save" subsystem="persist" outcome="ok" path=/Users/David.Vigh/.config/herdr/session.json workspaces=5
2026-07-15T18:13:03.605854Z  INFO herdr::logging: tab focused event="tab.focus" subsystem="tab" outcome="ok" workspace_id="w1" tab_id="w1:t2"
2026-07-15T18:13:08.612631Z  INFO herdr::logging: session saved event="persist.save" subsystem="persist" outcome="ok" path=/Users/David.Vigh/.config/herdr/session.json workspaces=5
2026-07-15T18:15:25.634994Z  INFO herdr::logging: workspace focused event="workspace.focus" subsystem="workspace" outcome="ok" workspace_id="w5"
2026-07-15T18:15:25.635043Z  INFO herdr::logging: tab focused event="tab.focus" subsystem="tab" outcome="ok" workspace_id="w5" tab_id="w5:t4"
2026-07-15T18:15:30.638985Z  INFO herdr::logging: session saved event="persist.save" subsystem="persist" outcome="ok" path=/Users/David.Vigh/.config/herdr/session.json workspaces=5
2026-07-15T18:16:03.219628Z  INFO herdr::logging: tab focused event="tab.focus" subsystem="tab" outcome="ok" workspace_id="w5" tab_id="w5:t2"
2026-07-15T18:16:08.224775Z  INFO herdr::logging: session saved event="persist.save" subsystem="persist" outcome="ok" path=/Users/David.Vigh/.config/herdr/session.json workspaces=5
2026-07-15T18:16:53.635339Z  INFO herdr::logging: tab focused event="tab.focus" subsystem="tab" outcome="ok" workspace_id="w5" tab_id="w5:t4"
2026-07-15T18:16:56.602296Z  INFO herdr::pane: agent changed pane=14 previous_agent=Some(OpenCode) agent=None pgid=Some(80581)
2026-07-15T18:16:57.382253Z  INFO herdr::logging: workspace focused event="workspace.focus" subsystem="workspace" outcome="ok" workspace_id="w1"
2026-07-15T18:16:57.382296Z  INFO herdr::logging: tab focused event="tab.focus" subsystem="tab" outcome="ok" workspace_id="w1" tab_id="w1:t2"
2026-07-15T18:17:02.388855Z  INFO herdr::logging: session saved event="persist.save" subsystem="persist" outcome="ok" path=/Users/David.Vigh/.config/herdr/session.json workspaces=5
2026-07-15T18:23:53.971635Z  INFO herdr::logging: workspace focused event="workspace.focus" subsystem="workspace" outcome="ok" workspace_id="w5"
2026-07-15T18:23:53.971684Z  INFO herdr::logging: tab focused event="tab.focus" subsystem="tab" outcome="ok" workspace_id="w5" tab_id="w5:t2"
2026-07-15T18:23:58.975341Z  INFO herdr::logging: session saved event="persist.save" subsystem="persist" outcome="ok" path=/Users/David.Vigh/.config/herdr/session.json workspaces=5
2026-07-15T18:24:00.122250Z  INFO herdr::logging: workspace focused event="workspace.focus" subsystem="workspace" outcome="ok" workspace_id="w1"
2026-07-15T18:24:00.122282Z  INFO herdr::logging: tab focused event="tab.focus" subsystem="tab" outcome="ok" workspace_id="w1" tab_id="w1:t2"
2026-07-15T18:24:05.127469Z  INFO herdr::logging: session saved event="persist.save" subsystem="persist" outcome="ok" path=/Users/David.Vigh/.config/herdr/session.json workspaces=5
2026-07-15T18:27:30.138049Z  INFO herdr::logging: session saved event="persist.save" subsystem="persist" outcome="ok" path=/Users/David.Vigh/.config/herdr/session.json workspaces=5
2026-07-15T18:32:00.647074Z  INFO herdr::logging: checking for updates event="update.check.start" subsystem="update" outcome="started"
2026-07-15T18:32:00.841050Z  WARN herdr::detect::manifest_update: skipping unknown remote manifest agent agent="maki"
2026-07-15T19:02:00.684357Z  INFO herdr::logging: checking for updates event="update.check.start" subsystem="update" outcome="started"
2026-07-15T19:02:00.877058Z  WARN herdr::detect::manifest_update: skipping unknown remote manifest agent agent="maki"
2026-07-15T19:18:42.091362Z  INFO herdr::logging: workspace focused event="workspace.focus" subsystem="workspace" outcome="ok" workspace_id="w5"
2026-07-15T19:18:42.093938Z  INFO herdr::logging: tab focused event="tab.focus" subsystem="tab" outcome="ok" workspace_id="w5" tab_id="w5:t2"
2026-07-15T19:18:47.104929Z  INFO herdr::logging: session saved event="persist.save" subsystem="persist" outcome="ok" path=/Users/David.Vigh/.config/herdr/session.json workspaces=5
2026-07-15T19:19:21.945237Z  INFO herdr::logging: session saved event="persist.save" subsystem="persist" outcome="ok" path=/Users/David.Vigh/.config/herdr/session.json workspaces=5
2026-07-15T19:22:58.797890Z  INFO herdr::logging: tab focused event="tab.focus" subsystem="tab" outcome="ok" workspace_id="w5" tab_id="w5:t3"
2026-07-15T19:23:03.806508Z  INFO herdr::logging: session saved event="persist.save" subsystem="persist" outcome="ok" path=/Users/David.Vigh/.config/herdr/session.json workspaces=5
2026-07-15T19:32:00.646357Z  INFO herdr::logging: checking for updates event="update.check.start" subsystem="update" outcome="started"
2026-07-15T19:32:00.799247Z  WARN herdr::detect::manifest_update: skipping unknown remote manifest agent agent="maki"
2026-07-15T19:40:00.086951Z  INFO herdr::server::headless: client resize client_id=2 cols=154 rows=43 cell_width_px=0 cell_height_px=0
2026-07-15T21:50:12.912519Z  INFO herdr::pane: agent changed pane=13 previous_agent=None agent=Some(OpenCode) process=opencode pgid=Some(97677)
2026-07-15T21:50:58.905978Z  INFO herdr::pane: agent changed pane=13 previous_agent=None agent=Some(OpenCode) process=opencode pgid=Some(97677)
2026-07-15T21:51:03.896513Z  INFO herdr::logging: session saved event="persist.save" subsystem="persist" outcome="ok" path=/Users/David.Vigh/.config/herdr/session.json workspaces=5
2026-07-15T21:51:47.860651Z  INFO herdr::logging: session saved event="persist.save" subsystem="persist" outcome="ok" path=/Users/David.Vigh/.config/herdr/session.json workspaces=5
2026-07-15T21:53:29.619319Z  INFO herdr::logging: tab focused event="tab.focus" subsystem="tab" outcome="ok" workspace_id="w5" tab_id="w5:t4"
2026-07-15T21:53:34.624927Z  INFO herdr::logging: session saved event="persist.save" subsystem="persist" outcome="ok" path=/Users/David.Vigh/.config/herdr/session.json workspaces=5
2026-07-15T21:53:35.990879Z  INFO herdr::pane: agent changed pane=14 previous_agent=None agent=Some(OpenCode) process=opencode pgid=Some(241)
2026-07-15T21:54:25.501489Z  INFO herdr::pane: agent changed pane=14 previous_agent=None agent=Some(OpenCode) process=opencode pgid=Some(241)
2026-07-15T21:54:30.495215Z  INFO herdr::logging: session saved event="persist.save" subsystem="persist" outcome="ok" path=/Users/David.Vigh/.config/herdr/session.json workspaces=5
2026-07-15T21:54:41.070932Z  INFO herdr::logging: tab focused event="tab.focus" subsystem="tab" outcome="ok" workspace_id="w5" tab_id="w5:t3"
2026-07-15T21:54:46.073346Z  INFO herdr::logging: session saved event="persist.save" subsystem="persist" outcome="ok" path=/Users/David.Vigh/.config/herdr/session.json workspaces=5
2026-07-15T21:59:02.871427Z  INFO herdr::logging: tab focused event="tab.focus" subsystem="tab" outcome="ok" workspace_id="w5" tab_id="w5:t4"
2026-07-15T21:59:07.876579Z  INFO herdr::logging: session saved event="persist.save" subsystem="persist" outcome="ok" path=/Users/David.Vigh/.config/herdr/session.json workspaces=5
2026-07-15T21:59:12.158846Z  INFO herdr::logging: tab focused event="tab.focus" subsystem="tab" outcome="ok" workspace_id="w5" tab_id="w5:t3"
2026-07-15T21:59:17.163877Z  INFO herdr::logging: session saved event="persist.save" subsystem="persist" outcome="ok" path=/Users/David.Vigh/.config/herdr/session.json workspaces=5
2026-07-15T21:59:21.450343Z  INFO herdr::logging: tab focused event="tab.focus" subsystem="tab" outcome="ok" workspace_id="w5" tab_id="w5:t4"
2026-07-15T21:59:26.455177Z  INFO herdr::logging: session saved event="persist.save" subsystem="persist" outcome="ok" path=/Users/David.Vigh/.config/herdr/session.json workspaces=5
2026-07-15T22:00:03.584816Z  INFO herdr::logging: session saved event="persist.save" subsystem="persist" outcome="ok" path=/Users/David.Vigh/.config/herdr/session.json workspaces=5
2026-07-15T22:02:53.377796Z  INFO herdr::logging: checking for updates event="update.check.start" subsystem="update" outcome="started"
2026-07-15T22:02:53.599427Z  INFO herdr::logging: update available event="update.available" subsystem="update" outcome="ok" version="0.7.4"
2026-07-15T22:02:53.668649Z  WARN herdr::detect::manifest_update: skipping unknown remote manifest agent agent="maki"
2026-07-15T22:02:53.830918Z  INFO herdr::update: auto-update check: v0.7.4 available through Homebrew, waiting for explicit install
2026-07-15T22:13:03.792819Z  INFO herdr::logging: tab focused event="tab.focus" subsystem="tab" outcome="ok" workspace_id="w5" tab_id="w5:t3"
2026-07-15T22:13:06.618356Z  INFO herdr::logging: workspace focused event="workspace.focus" subsystem="workspace" outcome="ok" workspace_id="w6"
2026-07-15T22:13:06.618448Z  INFO herdr::logging: tab focused event="tab.focus" subsystem="tab" outcome="ok" workspace_id="w6" tab_id="w6:t1"
2026-07-15T22:13:08.121916Z  INFO herdr::logging: workspace focused event="workspace.focus" subsystem="workspace" outcome="ok" workspace_id="w5"
2026-07-15T22:13:08.121960Z  INFO herdr::logging: tab focused event="tab.focus" subsystem="tab" outcome="ok" workspace_id="w5" tab_id="w5:t3"
2026-07-15T22:13:13.129293Z  INFO herdr::logging: session saved event="persist.save" subsystem="persist" outcome="ok" path=/Users/David.Vigh/.config/herdr/session.json workspaces=5
2026-07-15T22:14:18.534438Z  INFO herdr::logging: tab focused event="tab.focus" subsystem="tab" outcome="ok" workspace_id="w5" tab_id="w5:t4"
2026-07-15T22:14:23.543018Z  INFO herdr::logging: session saved event="persist.save" subsystem="persist" outcome="ok" path=/Users/David.Vigh/.config/herdr/session.json workspaces=5
2026-07-15T22:15:38.641547Z  INFO herdr::logging: tab focused event="tab.focus" subsystem="tab" outcome="ok" workspace_id="w5" tab_id="w5:t3"
2026-07-15T22:15:40.317231Z  INFO herdr::logging: tab focused event="tab.focus" subsystem="tab" outcome="ok" workspace_id="w5" tab_id="w5:t4"
2026-07-15T22:15:45.320984Z  INFO herdr::logging: session saved event="persist.save" subsystem="persist" outcome="ok" path=/Users/David.Vigh/.config/herdr/session.json workspaces=5
2026-07-15T22:32:53.498196Z  WARN herdr::detect::manifest_update: skipping unknown remote manifest agent agent="maki"
2026-07-15T22:48:45.033081Z  INFO herdr::logging: tab focused event="tab.focus" subsystem="tab" outcome="ok" workspace_id="w5" tab_id="w5:t3"
2026-07-15T22:48:50.040699Z  INFO herdr::logging: session saved event="persist.save" subsystem="persist" outcome="ok" path=/Users/David.Vigh/.config/herdr/session.json workspaces=5
2026-07-15T22:48:52.213458Z  INFO herdr::logging: spawning pane terminal event="pane.spawn.start" subsystem="pane" outcome="started" pane_id=15 rows=42 cols=129 scrollback_limit_bytes=10000000
2026-07-15T22:48:52.223274Z  INFO herdr::logging: pane child spawned event="pane.spawned" subsystem="pane" outcome="ok" pane_id=15 pid=6254
2026-07-15T22:48:52.223684Z  INFO herdr::logging: tab renamed event="tab.rename" subsystem="tab" outcome="ok" workspace_id="w5" tab_id="w5:t5"
2026-07-15T22:48:52.223710Z  INFO herdr::logging: tab focused event="tab.focus" subsystem="tab" outcome="ok" workspace_id="w5" tab_id="w5:t5"
2026-07-15T22:48:57.230092Z  INFO herdr::logging: session saved event="persist.save" subsystem="persist" outcome="ok" path=/Users/David.Vigh/.config/herdr/session.json workspaces=5
2026-07-15T22:50:18.548706Z  INFO herdr::logging: tab focused event="tab.focus" subsystem="tab" outcome="ok" workspace_id="w5" tab_id="w5:t4"
2026-07-15T22:50:23.556225Z  INFO herdr::logging: session saved event="persist.save" subsystem="persist" outcome="ok" path=/Users/David.Vigh/.config/herdr/session.json workspaces=5
2026-07-15T23:02:53.522016Z  WARN herdr::detect::manifest_update: skipping unknown remote manifest agent agent="maki"
2026-07-16T10:00:15.254613Z  WARN herdr::detect::manifest_update: skipping unknown remote manifest agent agent="maki"
2026-07-16T14:53:23.840113Z  INFO herdr::logging: workspace focused event="workspace.focus" subsystem="workspace" outcome="ok" workspace_id="w1"
2026-07-16T14:53:23.840395Z  INFO herdr::logging: tab focused event="tab.focus" subsystem="tab" outcome="ok" workspace_id="w1" tab_id="w1:t2"
2026-07-16T14:53:28.846712Z  INFO herdr::logging: session saved event="persist.save" subsystem="persist" outcome="ok" path=/Users/David.Vigh/.config/herdr/session.json workspaces=5
2026-07-16T14:53:29.454767Z  INFO herdr::logging: tab focused event="tab.focus" subsystem="tab" outcome="ok" workspace_id="w1" tab_id="w1:t3"
2026-07-16T14:53:34.458717Z  INFO herdr::logging: session saved event="persist.save" subsystem="persist" outcome="ok" path=/Users/David.Vigh/.config/herdr/session.json workspaces=5
2026-07-16T14:54:11.485789Z  INFO herdr::logging: tab focused event="tab.focus" subsystem="tab" outcome="ok" workspace_id="w1" tab_id="w1:t2"
2026-07-16T14:54:16.417505Z  INFO herdr::pane: agent changed pane=2 previous_agent=Some(OpenCode) agent=None pgid=Some(74631)
2026-07-16T14:54:16.493739Z  INFO herdr::logging: session saved event="persist.save" subsystem="persist" outcome="ok" path=/Users/David.Vigh/.config/herdr/session.json workspaces=5
2026-07-16T14:54:19.441481Z  INFO herdr::pane: agent changed pane=2 previous_agent=None agent=Some(OpenCode) process=opencode pgid=Some(10988)
2026-07-16T14:54:23.996395Z  INFO herdr::pane: agent changed pane=2 previous_agent=Some(OpenCode) agent=None pgid=Some(74631)
2026-07-16T14:54:31.059369Z  INFO herdr::pane: agent changed pane=2 previous_agent=None agent=Some(OpenCode) process=opencode pgid=Some(11291)
2026-07-16T14:55:14.056581Z  INFO herdr::pane: agent changed pane=2 previous_agent=None agent=Some(OpenCode) process=opencode pgid=Some(11291)
2026-07-16T14:55:19.039924Z  INFO herdr::logging: session saved event="persist.save" subsystem="persist" outcome="ok" path=/Users/David.Vigh/.config/herdr/session.json workspaces=5
2026-07-16T14:55:23.215134Z  INFO herdr::logging: tab focused event="tab.focus" subsystem="tab" outcome="ok" workspace_id="w1" tab_id="w1:t1"
2026-07-16T14:55:28.219277Z  INFO herdr::logging: session saved event="persist.save" subsystem="persist" outcome="ok" path=/Users/David.Vigh/.config/herdr/session.json workspaces=5
2026-07-16T14:55:31.386402Z  INFO herdr::pane: agent changed pane=1 previous_agent=Some(OpenCode) agent=None pgid=Some(71936)
2026-07-16T14:55:36.090023Z  INFO herdr::logging: session saved event="persist.save" subsystem="persist" outcome="ok" path=/Users/David.Vigh/.config/herdr/session.json workspaces=5
2026-07-16T14:57:00.735419Z  INFO herdr::logging: tab focused event="tab.focus" subsystem="tab" outcome="ok" workspace_id="w1" tab_id="w1:t2"
2026-07-16T14:57:05.738582Z  INFO herdr::logging: session saved event="persist.save" subsystem="persist" outcome="ok" path=/Users/David.Vigh/.config/herdr/session.json workspaces=5
2026-07-16T14:59:49.825761Z  INFO herdr::logging: workspace focused event="workspace.focus" subsystem="workspace" outcome="ok" workspace_id="w5"
2026-07-16T14:59:49.825846Z  INFO herdr::logging: tab focused event="tab.focus" subsystem="tab" outcome="ok" workspace_id="w5" tab_id="w5:t4"
2026-07-16T14:59:54.833916Z  INFO herdr::logging: session saved event="persist.save" subsystem="persist" outcome="ok" path=/Users/David.Vigh/.config/herdr/session.json workspaces=5
2026-07-16T14:59:55.841969Z  INFO herdr::logging: tab focused event="tab.focus" subsystem="tab" outcome="ok" workspace_id="w5" tab_id="w5:t4"
2026-07-16T14:59:56.576608Z  INFO herdr::logging: tab focused event="tab.focus" subsystem="tab" outcome="ok" workspace_id="w5" tab_id="w5:t5"
2026-07-16T15:00:01.578668Z  INFO herdr::logging: session saved event="persist.save" subsystem="persist" outcome="ok" path=/Users/David.Vigh/.config/herdr/session.json workspaces=5
2026-07-16T15:01:57.231297Z  INFO herdr::logging: workspace focused event="workspace.focus" subsystem="workspace" outcome="ok" workspace_id="w1"
2026-07-16T15:01:57.231343Z  INFO herdr::logging: tab focused event="tab.focus" subsystem="tab" outcome="ok" workspace_id="w1" tab_id="w1:t2"
2026-07-16T15:02:02.234199Z  INFO herdr::logging: session saved event="persist.save" subsystem="persist" outcome="ok" path=/Users/David.Vigh/.config/herdr/session.json workspaces=5
2026-07-16T15:02:22.952654Z  INFO herdr::logging: session saved event="persist.save" subsystem="persist" outcome="ok" path=/Users/David.Vigh/.config/herdr/session.json workspaces=5
2026-07-16T15:11:14.602921Z  INFO herdr::server::headless: client resize client_id=2 cols=229 rows=68 cell_width_px=0 cell_height_px=0
2026-07-16T15:15:20.676512Z  INFO herdr::logging: session saved event="persist.save" subsystem="persist" outcome="ok" path=/Users/David.Vigh/.config/herdr/session.json workspaces=5
2026-07-16T15:18:07.912288Z  WARN herdr::detect::manifest_update: skipping unknown remote manifest agent agent="maki"
2026-07-16T15:48:07.901010Z  WARN herdr::detect::manifest_update: skipping unknown remote manifest agent agent="maki"
2026-07-16T16:08:29.004814Z  INFO herdr::logging: tab focused event="tab.focus" subsystem="tab" outcome="ok" workspace_id="w1" tab_id="w1:t3"
2026-07-16T16:08:34.007178Z  INFO herdr::logging: session saved event="persist.save" subsystem="persist" outcome="ok" path=/Users/David.Vigh/.config/herdr/session.json workspaces=5
2026-07-16T16:18:07.860108Z  WARN herdr::detect::manifest_update: skipping unknown remote manifest agent agent="maki"
2026-07-16T16:21:45.968789Z  INFO herdr::logging: tab focused event="tab.focus" subsystem="tab" outcome="ok" workspace_id="w1" tab_id="w1:t2"
2026-07-16T16:21:50.972910Z  INFO herdr::logging: session saved event="persist.save" subsystem="persist" outcome="ok" path=/Users/David.Vigh/.config/herdr/session.json workspaces=5
2026-07-16T16:22:03.242963Z  INFO herdr::pane: agent changed pane=2 previous_agent=None agent=Some(OpenCode) process=opencode pgid=Some(11291)
2026-07-16T16:22:08.240328Z  INFO herdr::logging: session saved event="persist.save" subsystem="persist" outcome="ok" path=/Users/David.Vigh/.config/herdr/session.json workspaces=5
2026-07-16T16:30:05.937885Z  INFO herdr::logging: workspace focused event="workspace.focus" subsystem="workspace" outcome="ok" workspace_id="w5"
2026-07-16T16:30:05.937941Z  INFO herdr::logging: tab focused event="tab.focus" subsystem="tab" outcome="ok" workspace_id="w5" tab_id="w5:t5"
2026-07-16T16:30:10.937063Z  INFO herdr::pane: agent changed pane=15 previous_agent=None agent=Some(OpenCode) process=opencode pgid=Some(20283)
2026-07-16T16:30:10.939446Z  INFO herdr::logging: session saved event="persist.save" subsystem="persist" outcome="ok" path=/Users/David.Vigh/.config/herdr/session.json workspaces=5
2026-07-16T16:31:08.681979Z  INFO herdr::pane: agent changed pane=15 previous_agent=None agent=Some(OpenCode) process=opencode pgid=Some(20283)
2026-07-16T16:31:13.673850Z  INFO herdr::logging: session saved event="persist.save" subsystem="persist" outcome="ok" path=/Users/David.Vigh/.config/herdr/session.json workspaces=5
2026-07-16T16:46:52.074458Z  INFO herdr::logging: workspace focused event="workspace.focus" subsystem="workspace" outcome="ok" workspace_id="w1"
2026-07-16T16:46:52.074513Z  INFO herdr::logging: tab focused event="tab.focus" subsystem="tab" outcome="ok" workspace_id="w1" tab_id="w1:t2"
2026-07-16T16:46:57.080591Z  INFO herdr::logging: session saved event="persist.save" subsystem="persist" outcome="ok" path=/Users/David.Vigh/.config/herdr/session.json workspaces=5
2026-07-16T16:48:07.894853Z  WARN herdr::detect::manifest_update: skipping unknown remote manifest agent agent="maki"
2026-07-16T17:11:41.206477Z  INFO herdr::logging: tab focused event="tab.focus" subsystem="tab" outcome="ok" workspace_id="w1" tab_id="w1:t4"
2026-07-16T17:11:42.835021Z  INFO herdr::logging: tab focused event="tab.focus" subsystem="tab" outcome="ok" workspace_id="w1" tab_id="w1:t3"
2026-07-16T17:11:47.840664Z  INFO herdr::logging: session saved event="persist.save" subsystem="persist" outcome="ok" path=/Users/David.Vigh/.config/herdr/session.json workspaces=5
2026-07-16T17:12:35.768154Z  INFO herdr::pane: agent changed pane=5 previous_agent=None agent=Some(OpenCode) process=opencode pgid=Some(23303)
2026-07-16T17:13:57.966510Z  INFO herdr::pane: agent changed pane=5 previous_agent=None agent=Some(OpenCode) process=opencode pgid=Some(23303)
2026-07-16T17:14:02.953156Z  INFO herdr::logging: session saved event="persist.save" subsystem="persist" outcome="ok" path=/Users/David.Vigh/.config/herdr/session.json workspaces=5
2026-07-16T17:18:07.865031Z  WARN herdr::detect::manifest_update: skipping unknown remote manifest agent agent="maki"
2026-07-16T17:48:07.939984Z  WARN herdr::detect::manifest_update: skipping unknown remote manifest agent agent="maki"
2026-07-16T17:53:02.995666Z  INFO herdr::server::headless: client resize client_id=2 cols=226 rows=68 cell_width_px=0 cell_height_px=0
2026-07-16T18:18:07.960107Z  WARN herdr::detect::manifest_update: skipping unknown remote manifest agent agent="maki"
2026-07-16T18:48:07.996049Z  WARN herdr::detect::manifest_update: skipping unknown remote manifest agent agent="maki"
2026-07-16T18:59:04.683067Z  INFO herdr::logging: tab focused event="tab.focus" subsystem="tab" outcome="ok" workspace_id="w1" tab_id="w1:t4"
2026-07-16T18:59:07.396014Z  INFO herdr::pane: agent changed pane=6 previous_agent=Some(OpenCode) agent=None pgid=Some(91388)
2026-07-16T18:59:12.095197Z  INFO herdr::logging: session saved event="persist.save" subsystem="persist" outcome="ok" path=/Users/David.Vigh/.config/herdr/session.json workspaces=5
2026-07-16T18:59:49.225345Z  INFO herdr::pane: agent changed pane=6 previous_agent=None agent=Some(OpenCode) process=opencode pgid=Some(32441)
2026-07-16T18:59:57.745121Z  INFO herdr::pane: agent changed pane=6 previous_agent=Some(OpenCode) agent=None pgid=Some(91388)
2026-07-16T19:00:01.274593Z  INFO herdr::pane: agent changed pane=6 previous_agent=None agent=Some(OpenCode) process=opencode pgid=Some(33235)
2026-07-16T19:00:18.426087Z  INFO herdr::pane: agent changed pane=6 previous_agent=None agent=Some(OpenCode) process=opencode pgid=Some(33235)
2026-07-16T19:00:23.082192Z  INFO herdr::logging: tab focused event="tab.focus" subsystem="tab" outcome="ok" workspace_id="w1" tab_id="w1:t3"
2026-07-16T19:00:28.084926Z  INFO herdr::logging: session saved event="persist.save" subsystem="persist" outcome="ok" path=/Users/David.Vigh/.config/herdr/session.json workspaces=5
2026-07-16T19:18:07.998077Z  WARN herdr::detect::manifest_update: skipping unknown remote manifest agent agent="maki"
2026-07-16T19:29:06.194966Z  INFO herdr::server::headless: client resize client_id=2 cols=229 rows=68 cell_width_px=0 cell_height_px=0
2026-07-16T19:31:05.081873Z  INFO herdr::logging: tab focused event="tab.focus" subsystem="tab" outcome="ok" workspace_id="w1" tab_id="w1:t4"
2026-07-16T19:31:08.032706Z  INFO herdr::logging: tab focused event="tab.focus" subsystem="tab" outcome="ok" workspace_id="w1" tab_id="w1:t3"
2026-07-16T19:31:13.039242Z  INFO herdr::logging: session saved event="persist.save" subsystem="persist" outcome="ok" path=/Users/David.Vigh/.config/herdr/session.json workspaces=5
2026-07-16T19:31:16.322118Z  INFO herdr::pane: agent changed pane=5 previous_agent=Some(OpenCode) agent=None pgid=Some(86591)
2026-07-16T19:31:20.601623Z  INFO herdr::logging: tab focused event="tab.focus" subsystem="tab" outcome="ok" workspace_id="w1" tab_id="w1:t2"
2026-07-16T19:31:23.293924Z  INFO herdr::logging: tab focused event="tab.focus" subsystem="tab" outcome="ok" workspace_id="w1" tab_id="w1:t1"
2026-07-16T19:31:25.292959Z  INFO herdr::logging: tab focused event="tab.focus" subsystem="tab" outcome="ok" workspace_id="w1" tab_id="w1:t3"
2026-07-16T19:31:26.453290Z  INFO herdr::logging: tab focused event="tab.focus" subsystem="tab" outcome="ok" workspace_id="w1" tab_id="w1:t4"
2026-07-16T19:31:31.462047Z  INFO herdr::logging: session saved event="persist.save" subsystem="persist" outcome="ok" path=/Users/David.Vigh/.config/herdr/session.json workspaces=5
2026-07-16T19:31:45.102768Z  INFO herdr::pane: agent changed pane=6 previous_agent=Some(OpenCode) agent=None pgid=Some(91388)
2026-07-16T19:31:49.799232Z  INFO herdr::logging: session saved event="persist.save" subsystem="persist" outcome="ok" path=/Users/David.Vigh/.config/herdr/session.json workspaces=5
2026-07-16T19:31:56.030471Z  INFO herdr::logging: tab focused event="tab.focus" subsystem="tab" outcome="ok" workspace_id="w1" tab_id="w1:t3"
2026-07-16T19:32:01.030190Z  INFO herdr::logging: session saved event="persist.save" subsystem="persist" outcome="ok" path=/Users/David.Vigh/.config/herdr/session.json workspaces=5
2026-07-16T19:34:11.805000Z  INFO herdr::pane: agent changed pane=5 previous_agent=None agent=Some(OpenCode) process=opencode pgid=Some(36881)
2026-07-16T19:34:39.549626Z  INFO herdr::pane: agent changed pane=5 previous_agent=None agent=Some(OpenCode) process=opencode pgid=Some(36881)
2026-07-16T19:34:44.554936Z  INFO herdr::logging: session saved event="persist.save" subsystem="persist" outcome="ok" path=/Users/David.Vigh/.config/herdr/session.json workspaces=5
2026-07-16T19:43:00.894618Z  INFO herdr::logging: tab focused event="tab.focus" subsystem="tab" outcome="ok" workspace_id="w1" tab_id="w1:t2"
2026-07-16T19:43:05.901337Z  INFO herdr::logging: session saved event="persist.save" subsystem="persist" outcome="ok" path=/Users/David.Vigh/.config/herdr/session.json workspaces=5
2026-07-16T19:43:55.667132Z  INFO herdr::logging: tab focused event="tab.focus" subsystem="tab" outcome="ok" workspace_id="w1" tab_id="w1:t3"
2026-07-16T19:44:00.673662Z  INFO herdr::logging: session saved event="persist.save" subsystem="persist" outcome="ok" path=/Users/David.Vigh/.config/herdr/session.json workspaces=5
2026-07-16T19:48:07.909969Z  WARN herdr::detect::manifest_update: skipping unknown remote manifest agent agent="maki"
2026-07-16T19:52:15.953425Z  INFO herdr::logging: tab focused event="tab.focus" subsystem="tab" outcome="ok" workspace_id="w1" tab_id="w1:t2"
2026-07-16T19:52:20.956438Z  INFO herdr::logging: session saved event="persist.save" subsystem="persist" outcome="ok" path=/Users/David.Vigh/.config/herdr/session.json workspaces=5
2026-07-16T19:52:33.280912Z  INFO herdr::logging: tab focused event="tab.focus" subsystem="tab" outcome="ok" workspace_id="w1" tab_id="w1:t3"
2026-07-16T19:52:38.282905Z  INFO herdr::logging: session saved event="persist.save" subsystem="persist" outcome="ok" path=/Users/David.Vigh/.config/herdr/session.json workspaces=5
2026-07-16T19:56:02.966616Z  INFO herdr::logging: tab focused event="tab.focus" subsystem="tab" outcome="ok" workspace_id="w1" tab_id="w1:t2"
2026-07-16T19:56:07.970483Z  INFO herdr::logging: session saved event="persist.save" subsystem="persist" outcome="ok" path=/Users/David.Vigh/.config/herdr/session.json workspaces=5
2026-07-16T19:57:15.571267Z  INFO herdr::logging: tab focused event="tab.focus" subsystem="tab" outcome="ok" workspace_id="w1" tab_id="w1:t3"
2026-07-16T19:57:20.578308Z  INFO herdr::logging: session saved event="persist.save" subsystem="persist" outcome="ok" path=/Users/David.Vigh/.config/herdr/session.json workspaces=5
2026-07-16T20:08:48.172985Z  INFO herdr::logging: tab focused event="tab.focus" subsystem="tab" outcome="ok" workspace_id="w1" tab_id="w1:t2"
2026-07-16T20:08:53.175268Z  INFO herdr::logging: session saved event="persist.save" subsystem="persist" outcome="ok" path=/Users/David.Vigh/.config/herdr/session.json workspaces=5
2026-07-16T20:09:12.670531Z  INFO herdr::logging: tab focused event="tab.focus" subsystem="tab" outcome="ok" workspace_id="w1" tab_id="w1:t3"
2026-07-16T20:09:17.674766Z  INFO herdr::logging: session saved event="persist.save" subsystem="persist" outcome="ok" path=/Users/David.Vigh/.config/herdr/session.json workspaces=5
2026-07-16T20:13:05.578035Z  INFO herdr::logging: tab focused event="tab.focus" subsystem="tab" outcome="ok" workspace_id="w1" tab_id="w1:t4"
2026-07-16T20:13:10.583132Z  INFO herdr::logging: session saved event="persist.save" subsystem="persist" outcome="ok" path=/Users/David.Vigh/.config/herdr/session.json workspaces=5
2026-07-16T20:13:59.146156Z  INFO herdr::logging: tab focused event="tab.focus" subsystem="tab" outcome="ok" workspace_id="w1" tab_id="w1:t1"
2026-07-16T20:13:59.804712Z  INFO herdr::logging: tab focused event="tab.focus" subsystem="tab" outcome="ok" workspace_id="w1" tab_id="w1:t2"
2026-07-16T20:14:04.811859Z  INFO herdr::logging: session saved event="persist.save" subsystem="persist" outcome="ok" path=/Users/David.Vigh/.config/herdr/session.json workspaces=5
2026-07-16T20:18:07.980406Z  WARN herdr::detect::manifest_update: skipping unknown remote manifest agent agent="maki"
2026-07-16T20:27:26.214055Z  INFO herdr::logging: session saved event="persist.save" subsystem="persist" outcome="ok" path=/Users/David.Vigh/.config/herdr/session.json workspaces=5
2026-07-16T20:33:26.281026Z  INFO herdr::logging: session saved event="persist.save" subsystem="persist" outcome="ok" path=/Users/David.Vigh/.config/herdr/session.json workspaces=5
2026-07-16T20:48:07.952252Z  WARN herdr::detect::manifest_update: skipping unknown remote manifest agent agent="maki"
2026-07-16T21:16:34.746987Z  INFO herdr::logging: tab focused event="tab.focus" subsystem="tab" outcome="ok" workspace_id="w1" tab_id="w1:t4"
2026-07-16T21:16:35.385888Z  INFO herdr::logging: tab focused event="tab.focus" subsystem="tab" outcome="ok" workspace_id="w1" tab_id="w1:t3"
2026-07-16T21:16:40.392366Z  INFO herdr::logging: session saved event="persist.save" subsystem="persist" outcome="ok" path=/Users/David.Vigh/.config/herdr/session.json workspaces=5
2026-07-16T21:16:40.798952Z  INFO herdr::pane: agent changed pane=5 previous_agent=Some(OpenCode) agent=None pgid=Some(86591)
2026-07-16T21:16:45.504195Z  INFO herdr::logging: session saved event="persist.save" subsystem="persist" outcome="ok" path=/Users/David.Vigh/.config/herdr/session.json workspaces=5
2026-07-16T21:18:07.978038Z  WARN herdr::detect::manifest_update: skipping unknown remote manifest agent agent="maki"
2026-07-16T21:48:08.004890Z  WARN herdr::detect::manifest_update: skipping unknown remote manifest agent agent="maki"
2026-07-16T21:54:09.632785Z  INFO herdr::pane: agent changed pane=5 previous_agent=None agent=Some(OpenCode) process=opencode pgid=Some(59720)
2026-07-16T21:54:47.013369Z  INFO herdr::pane: agent changed pane=5 previous_agent=None agent=Some(OpenCode) process=opencode pgid=Some(59720)
2026-07-16T21:54:52.004335Z  INFO herdr::logging: session saved event="persist.save" subsystem="persist" outcome="ok" path=/Users/David.Vigh/.config/herdr/session.json workspaces=5
2026-07-16T22:18:08.013780Z  WARN herdr::detect::manifest_update: skipping unknown remote manifest agent agent="maki"
2026-07-16T22:25:38.092203Z  INFO herdr::logging: tab focused event="tab.focus" subsystem="tab" outcome="ok" workspace_id="w1" tab_id="w1:t4"
2026-07-16T22:25:43.099692Z  INFO herdr::logging: session saved event="persist.save" subsystem="persist" outcome="ok" path=/Users/David.Vigh/.config/herdr/session.json workspaces=5
2026-07-16T22:48:08.001577Z  WARN herdr::detect::manifest_update: skipping unknown remote manifest agent agent="maki"
2026-07-16T23:18:08.009229Z  WARN herdr::detect::manifest_update: skipping unknown remote manifest agent agent="maki"
2026-07-16T23:48:08.052914Z  WARN herdr::detect::manifest_update: skipping unknown remote manifest agent agent="maki"
2026-07-17T00:18:08.092298Z  WARN herdr::detect::manifest_update: skipping unknown remote manifest agent agent="maki"
2026-07-17T00:48:08.068603Z  WARN herdr::detect::manifest_update: skipping unknown remote manifest agent agent="maki"
2026-07-17T01:18:08.060875Z  WARN herdr::detect::manifest_update: skipping unknown remote manifest agent agent="maki"
2026-07-17T01:48:08.092291Z  WARN herdr::detect::manifest_update: skipping unknown remote manifest agent agent="maki"
2026-07-17T02:18:08.119296Z  WARN herdr::detect::manifest_update: skipping unknown remote manifest agent agent="maki"
2026-07-17T02:48:08.094072Z  WARN herdr::detect::manifest_update: skipping unknown remote manifest agent agent="maki"
2026-07-17T03:18:08.117750Z  WARN herdr::detect::manifest_update: skipping unknown remote manifest agent agent="maki"
2026-07-17T03:48:08.090962Z  WARN herdr::detect::manifest_update: skipping unknown remote manifest agent agent="maki"
2026-07-17T04:18:08.107442Z  WARN herdr::detect::manifest_update: skipping unknown remote manifest agent agent="maki"
2026-07-17T04:48:08.073701Z  WARN herdr::detect::manifest_update: skipping unknown remote manifest agent agent="maki"
2026-07-17T05:18:08.052310Z  WARN herdr::detect::manifest_update: skipping unknown remote manifest agent agent="maki"
2026-07-17T05:48:08.010222Z  WARN herdr::detect::manifest_update: skipping unknown remote manifest agent agent="maki"
2026-07-17T06:18:08.051901Z  WARN herdr::detect::manifest_update: skipping unknown remote manifest agent agent="maki"
2026-07-17T06:48:08.065502Z  WARN herdr::detect::manifest_update: skipping unknown remote manifest agent agent="maki"
2026-07-17T07:18:08.117194Z  WARN herdr::detect::manifest_update: skipping unknown remote manifest agent agent="maki"
2026-07-17T07:48:08.117649Z  WARN herdr::detect::manifest_update: skipping unknown remote manifest agent agent="maki"
2026-07-17T08:18:08.136770Z  WARN herdr::detect::manifest_update: skipping unknown remote manifest agent agent="maki"
2026-07-17T08:48:08.085574Z  WARN herdr::detect::manifest_update: skipping unknown remote manifest agent agent="maki"
2026-07-17T09:18:08.092060Z  WARN herdr::detect::manifest_update: skipping unknown remote manifest agent agent="maki"
2026-07-17T09:48:08.103256Z  WARN herdr::detect::manifest_update: skipping unknown remote manifest agent agent="maki"
2026-07-17T10:18:08.135521Z  WARN herdr::detect::manifest_update: skipping unknown remote manifest agent agent="maki"
2026-07-17T10:48:08.128983Z  WARN herdr::detect::manifest_update: skipping unknown remote manifest agent agent="maki"
2026-07-17T11:18:08.193678Z  WARN herdr::detect::manifest_update: skipping unknown remote manifest agent agent="maki"
2026-07-17T11:48:08.106150Z  WARN herdr::detect::manifest_update: skipping unknown remote manifest agent agent="maki"
2026-07-17T12:18:08.156069Z  WARN herdr::detect::manifest_update: skipping unknown remote manifest agent agent="maki"
2026-07-17T12:48:08.179085Z  WARN herdr::detect::manifest_update: skipping unknown remote manifest agent agent="maki"
2026-07-17T13:18:08.136308Z  WARN herdr::detect::manifest_update: skipping unknown remote manifest agent agent="maki"
2026-07-17T13:48:08.155497Z  WARN herdr::detect::manifest_update: skipping unknown remote manifest agent agent="maki"
2026-07-17T14:18:08.219379Z  WARN herdr::detect::manifest_update: skipping unknown remote manifest agent agent="maki"
2026-07-17T14:48:08.199338Z  WARN herdr::detect::manifest_update: skipping unknown remote manifest agent agent="maki"
2026-07-17T15:18:08.198780Z  WARN herdr::detect::manifest_update: skipping unknown remote manifest agent agent="maki"
2026-07-17T15:48:08.176566Z  WARN herdr::detect::manifest_update: skipping unknown remote manifest agent agent="maki"
2026-07-17T16:18:08.133784Z  WARN herdr::detect::manifest_update: skipping unknown remote manifest agent agent="maki"
2026-07-17T16:48:08.160152Z  WARN herdr::detect::manifest_update: skipping unknown remote manifest agent agent="maki"
2026-07-17T17:18:08.203430Z  WARN herdr::detect::manifest_update: skipping unknown remote manifest agent agent="maki"
2026-07-17T17:31:29.012383Z  INFO herdr::logging: workspace focused event="workspace.focus" subsystem="workspace" outcome="ok" workspace_id="w5"
2026-07-17T17:31:29.012494Z  INFO herdr::logging: tab focused event="tab.focus" subsystem="tab" outcome="ok" workspace_id="w5" tab_id="w5:t5"
2026-07-17T17:31:31.126648Z  INFO herdr::logging: workspace focused event="workspace.focus" subsystem="workspace" outcome="ok" workspace_id="w6"
2026-07-17T17:31:31.126710Z  INFO herdr::logging: tab focused event="tab.focus" subsystem="tab" outcome="ok" workspace_id="w6" tab_id="w6:t1"
2026-07-17T17:31:32.408376Z  INFO herdr::logging: workspace focused event="workspace.focus" subsystem="workspace" outcome="ok" workspace_id="w4"
2026-07-17T17:31:32.408418Z  INFO herdr::logging: tab focused event="tab.focus" subsystem="tab" outcome="ok" workspace_id="w4" tab_id="w4:t1"
2026-07-17T17:31:37.415710Z  INFO herdr::logging: session saved event="persist.save" subsystem="persist" outcome="ok" path=/Users/David.Vigh/.config/herdr/session.json workspaces=5
2026-07-17T17:48:08.191709Z  WARN herdr::detect::manifest_update: skipping unknown remote manifest agent agent="maki"
2026-07-17T18:18:08.236021Z  WARN herdr::detect::manifest_update: skipping unknown remote manifest agent agent="maki"
2026-07-17T18:48:08.255590Z  WARN herdr::detect::manifest_update: skipping unknown remote manifest agent agent="maki"
2026-07-17T19:18:08.218969Z  WARN herdr::detect::manifest_update: skipping unknown remote manifest agent agent="maki"
2026-07-17T19:48:08.243957Z  WARN herdr::detect::manifest_update: skipping unknown remote manifest agent agent="maki"
2026-07-17T20:18:08.316600Z  WARN herdr::detect::manifest_update: skipping unknown remote manifest agent agent="maki"
2026-07-17T20:48:08.275210Z  WARN herdr::detect::manifest_update: skipping unknown remote manifest agent agent="maki"
2026-07-17T21:18:08.242153Z  WARN herdr::detect::manifest_update: skipping unknown remote manifest agent agent="maki"
2026-07-17T21:48:08.259855Z  WARN herdr::detect::manifest_update: skipping unknown remote manifest agent agent="maki"
2026-07-17T22:18:08.251758Z  WARN herdr::detect::manifest_update: skipping unknown remote manifest agent agent="maki"
2026-07-17T22:48:08.302649Z  WARN herdr::detect::manifest_update: skipping unknown remote manifest agent agent="maki"
2026-07-17T23:18:08.295416Z  WARN herdr::detect::manifest_update: skipping unknown remote manifest agent agent="maki"
2026-07-17T23:48:08.263501Z  WARN herdr::detect::manifest_update: skipping unknown remote manifest agent agent="maki"
2026-07-18T00:18:08.265917Z  WARN herdr::detect::manifest_update: skipping unknown remote manifest agent agent="maki"
2026-07-18T00:48:08.251472Z  WARN herdr::detect::manifest_update: skipping unknown remote manifest agent agent="maki"
2026-07-18T01:18:08.249833Z  WARN herdr::detect::manifest_update: skipping unknown remote manifest agent agent="maki"
2026-07-18T01:48:08.229001Z  WARN herdr::detect::manifest_update: skipping unknown remote manifest agent agent="maki"
2026-07-18T02:18:08.311576Z  WARN herdr::detect::manifest_update: skipping unknown remote manifest agent agent="maki"
2026-07-18T02:48:08.246215Z  WARN herdr::detect::manifest_update: skipping unknown remote manifest agent agent="maki"
2026-07-18T03:18:08.287909Z  WARN herdr::detect::manifest_update: skipping unknown remote manifest agent agent="maki"
2026-07-18T03:48:08.236287Z  WARN herdr::detect::manifest_update: skipping unknown remote manifest agent agent="maki"
2026-07-18T04:18:08.306092Z  WARN herdr::detect::manifest_update: skipping unknown remote manifest agent agent="maki"
2026-07-18T04:48:08.289405Z  WARN herdr::detect::manifest_update: skipping unknown remote manifest agent agent="maki"
2026-07-18T05:18:08.312169Z  WARN herdr::detect::manifest_update: skipping unknown remote manifest agent agent="maki"
2026-07-18T05:48:08.243708Z  WARN herdr::detect::manifest_update: skipping unknown remote manifest agent agent="maki"
2026-07-18T06:18:08.217750Z  WARN herdr::detect::manifest_update: skipping unknown remote manifest agent agent="maki"
2026-07-18T06:48:08.329557Z  WARN herdr::detect::manifest_update: skipping unknown remote manifest agent agent="maki"
2026-07-18T07:18:08.303053Z  WARN herdr::detect::manifest_update: skipping unknown remote manifest agent agent="maki"
2026-07-18T07:48:08.242925Z  WARN herdr::detect::manifest_update: skipping unknown remote manifest agent agent="maki"
2026-07-18T08:18:08.295509Z  WARN herdr::detect::manifest_update: skipping unknown remote manifest agent agent="maki"
2026-07-18T08:48:08.300966Z  WARN herdr::detect::manifest_update: skipping unknown remote manifest agent agent="maki"
2026-07-18T09:18:08.327836Z  WARN herdr::detect::manifest_update: skipping unknown remote manifest agent agent="maki"
2026-07-18T09:48:08.335624Z  WARN herdr::detect::manifest_update: skipping unknown remote manifest agent agent="maki"
2026-07-18T10:18:08.301827Z  WARN herdr::detect::manifest_update: skipping unknown remote manifest agent agent="maki"
2026-07-18T10:48:08.289354Z  WARN herdr::detect::manifest_update: skipping unknown remote manifest agent agent="maki"
2026-07-18T11:18:08.284329Z  WARN herdr::detect::manifest_update: skipping unknown remote manifest agent agent="maki"
2026-07-18T11:48:08.312122Z  WARN herdr::detect::manifest_update: skipping unknown remote manifest agent agent="maki"
2026-07-18T12:18:08.295997Z  WARN herdr::detect::manifest_update: skipping unknown remote manifest agent agent="maki"
2026-07-18T12:48:08.321633Z  WARN herdr::detect::manifest_update: skipping unknown remote manifest agent agent="maki"
2026-07-18T13:18:08.263924Z  WARN herdr::detect::manifest_update: skipping unknown remote manifest agent agent="maki"
2026-07-18T13:48:08.324841Z  WARN herdr::detect::manifest_update: skipping unknown remote manifest agent agent="maki"
2026-07-18T14:18:08.255808Z  WARN herdr::detect::manifest_update: skipping unknown remote manifest agent agent="maki"
2026-07-18T14:48:08.271343Z  WARN herdr::detect::manifest_update: skipping unknown remote manifest agent agent="maki"
2026-07-18T15:18:08.266002Z  WARN herdr::detect::manifest_update: skipping unknown remote manifest agent agent="maki"
2026-07-18T15:48:08.270926Z  WARN herdr::detect::manifest_update: skipping unknown remote manifest agent agent="maki"
2026-07-18T16:18:08.216187Z  WARN herdr::detect::manifest_update: skipping unknown remote manifest agent agent="maki"
2026-07-18T16:48:08.325216Z  WARN herdr::detect::manifest_update: skipping unknown remote manifest agent agent="maki"
2026-07-18T17:18:08.316520Z  WARN herdr::detect::manifest_update: skipping unknown remote manifest agent agent="maki"
2026-07-18T17:48:08.296815Z  WARN herdr::detect::manifest_update: skipping unknown remote manifest agent agent="maki"
2026-07-18T18:18:08.310542Z  WARN herdr::detect::manifest_update: skipping unknown remote manifest agent agent="maki"
2026-07-18T18:48:08.379882Z  WARN herdr::detect::manifest_update: skipping unknown remote manifest agent agent="maki"
2026-07-18T19:18:08.319567Z  WARN herdr::detect::manifest_update: skipping unknown remote manifest agent agent="maki"
2026-07-18T19:48:08.307224Z  WARN herdr::detect::manifest_update: skipping unknown remote manifest agent agent="maki"
2026-07-18T20:18:08.332525Z  WARN herdr::detect::manifest_update: skipping unknown remote manifest agent agent="maki"
2026-07-18T20:48:08.312902Z  WARN herdr::detect::manifest_update: skipping unknown remote manifest agent agent="maki"
2026-07-18T21:18:08.309062Z  WARN herdr::detect::manifest_update: skipping unknown remote manifest agent agent="maki"
2026-07-18T21:48:08.281465Z  WARN herdr::detect::manifest_update: skipping unknown remote manifest agent agent="maki"
2026-07-18T22:18:08.307018Z  WARN herdr::detect::manifest_update: skipping unknown remote manifest agent agent="maki"
2026-07-18T22:48:08.262506Z  WARN herdr::detect::manifest_update: skipping unknown remote manifest agent agent="maki"
2026-07-18T23:18:08.297014Z  WARN herdr::detect::manifest_update: skipping unknown remote manifest agent agent="maki"
2026-07-18T23:48:08.303778Z  WARN herdr::detect::manifest_update: skipping unknown remote manifest agent agent="maki"
2026-07-19T00:18:08.314440Z  WARN herdr::detect::manifest_update: skipping unknown remote manifest agent agent="maki"
2026-07-19T00:48:08.344674Z  WARN herdr::detect::manifest_update: skipping unknown remote manifest agent agent="maki"
2026-07-19T01:18:08.346885Z  WARN herdr::detect::manifest_update: skipping unknown remote manifest agent agent="maki"
2026-07-19T01:48:08.312853Z  WARN herdr::detect::manifest_update: skipping unknown remote manifest agent agent="maki"
2026-07-19T02:18:08.361308Z  WARN herdr::detect::manifest_update: skipping unknown remote manifest agent agent="maki"
2026-07-19T02:48:08.324777Z  WARN herdr::detect::manifest_update: skipping unknown remote manifest agent agent="maki"
2026-07-19T03:18:08.355779Z  WARN herdr::detect::manifest_update: skipping unknown remote manifest agent agent="maki"
2026-07-19T03:48:08.334129Z  WARN herdr::detect::manifest_update: skipping unknown remote manifest agent agent="maki"
2026-07-19T04:18:08.373226Z  WARN herdr::detect::manifest_update: skipping unknown remote manifest agent agent="maki"
2026-07-19T04:48:08.368124Z  WARN herdr::detect::manifest_update: skipping unknown remote manifest agent agent="maki"
2026-07-19T05:18:08.428376Z  WARN herdr::detect::manifest_update: skipping unknown remote manifest agent agent="maki"
2026-07-19T05:48:08.323843Z  WARN herdr::detect::manifest_update: skipping unknown remote manifest agent agent="maki"
2026-07-19T06:18:08.316395Z  WARN herdr::detect::manifest_update: skipping unknown remote manifest agent agent="maki"
2026-07-19T06:48:08.311375Z  WARN herdr::detect::manifest_update: skipping unknown remote manifest agent agent="maki"
2026-07-19T07:18:08.280249Z  WARN herdr::detect::manifest_update: skipping unknown remote manifest agent agent="maki"
2026-07-19T07:48:08.330978Z  WARN herdr::detect::manifest_update: skipping unknown remote manifest agent agent="maki"
2026-07-19T08:18:08.282600Z  WARN herdr::detect::manifest_update: skipping unknown remote manifest agent agent="maki"
2026-07-19T08:48:08.312867Z  WARN herdr::detect::manifest_update: skipping unknown remote manifest agent agent="maki"
2026-07-19T09:18:08.287925Z  WARN herdr::detect::manifest_update: skipping unknown remote manifest agent agent="maki"
2026-07-19T09:48:08.285156Z  WARN herdr::detect::manifest_update: skipping unknown remote manifest agent agent="maki"
2026-07-19T10:18:08.266275Z  WARN herdr::detect::manifest_update: skipping unknown remote manifest agent agent="maki"
2026-07-19T10:48:08.320621Z  WARN herdr::detect::manifest_update: skipping unknown remote manifest agent agent="maki"
2026-07-19T11:18:08.321928Z  WARN herdr::detect::manifest_update: skipping unknown remote manifest agent agent="maki"
2026-07-19T11:48:08.324320Z  WARN herdr::detect::manifest_update: skipping unknown remote manifest agent agent="maki"
2026-07-19T12:18:08.334936Z  WARN herdr::detect::manifest_update: skipping unknown remote manifest agent agent="maki"
2026-07-19T12:48:08.314877Z  WARN herdr::detect::manifest_update: skipping unknown remote manifest agent agent="maki"
2026-07-19T13:18:08.264834Z  WARN herdr::detect::manifest_update: skipping unknown remote manifest agent agent="maki"
2026-07-19T13:48:08.274393Z  WARN herdr::detect::manifest_update: skipping unknown remote manifest agent agent="maki"
2026-07-19T14:18:08.269484Z  WARN herdr::detect::manifest_update: skipping unknown remote manifest agent agent="maki"
2026-07-19T14:48:08.247815Z  WARN herdr::detect::manifest_update: skipping unknown remote manifest agent agent="maki"
2026-07-19T15:18:08.342446Z  WARN herdr::detect::manifest_update: skipping unknown remote manifest agent agent="maki"
2026-07-19T15:48:08.318670Z  WARN herdr::detect::manifest_update: skipping unknown remote manifest agent agent="maki"
2026-07-19T16:18:08.337949Z  WARN herdr::detect::manifest_update: skipping unknown remote manifest agent agent="maki"
2026-07-19T16:48:08.323151Z  WARN herdr::detect::manifest_update: skipping unknown remote manifest agent agent="maki"
2026-07-19T19:36:32.594478Z  WARN herdr::detect::manifest_update: agent detection manifest update failed: failed to fetch https://herdr.dev/agent-detection/index.toml
2026-07-19T20:18:45.264997Z  WARN herdr::detect::manifest_update: agent detection manifest update failed: failed to fetch https://herdr.dev/agent-detection/index.toml
2026-07-19T21:49:47.273959Z  WARN herdr::detect::manifest_update: agent detection manifest update failed: failed to fetch https://herdr.dev/agent-detection/index.toml
2026-07-20T00:39:48.952359Z  WARN herdr::detect::manifest_update: agent detection manifest update failed: failed to fetch https://herdr.dev/agent-detection/index.toml
2026-07-20T14:55:31.274841Z  WARN herdr::detect::manifest_update: agent detection manifest update failed: failed to fetch https://herdr.dev/agent-detection/index.toml
2026-07-20T15:18:56.638876Z  INFO herdr::server::headless: client resize client_id=2 cols=154 rows=43 cell_width_px=0 cell_height_px=0
2026-07-20T15:19:30.093184Z  INFO herdr::server::headless: client resize client_id=2 cols=229 rows=57 cell_width_px=0 cell_height_px=0
2026-07-20T15:33:46.753080Z  WARN herdr::detect::manifest_update: skipping unknown remote manifest agent agent="maki"
2026-07-20T16:36:04.129232Z  INFO herdr::server::headless: client resize client_id=2 cols=174 rows=42 cell_width_px=0 cell_height_px=0
2026-07-20T16:36:05.063078Z  INFO herdr::server::headless: client resize client_id=2 cols=229 rows=57 cell_width_px=0 cell_height_px=0
2026-07-20T16:36:06.759714Z  WARN herdr::detect::manifest_update: skipping unknown remote manifest agent agent="maki"
2026-07-20T16:55:37.949819Z  INFO herdr::logging: workspace focused event="workspace.focus" subsystem="workspace" outcome="ok" workspace_id="w1"
2026-07-20T16:55:37.949869Z  INFO herdr::logging: tab focused event="tab.focus" subsystem="tab" outcome="ok" workspace_id="w1" tab_id="w1:t4"
2026-07-20T16:55:42.954080Z  INFO herdr::logging: session saved event="persist.save" subsystem="persist" outcome="ok" path=/Users/David.Vigh/.config/herdr/session.json workspaces=5
2026-07-20T16:55:57.608200Z  INFO herdr::pane: agent changed pane=6 previous_agent=None agent=Some(OpenCode) process=opencode pgid=Some(61727)
2026-07-20T16:56:57.492007Z  INFO herdr::pane: agent changed pane=6 previous_agent=None agent=Some(OpenCode) process=opencode pgid=Some(61727)
2026-07-20T16:57:02.482629Z  INFO herdr::logging: session saved event="persist.save" subsystem="persist" outcome="ok" path=/Users/David.Vigh/.config/herdr/session.json workspaces=5
2026-07-20T16:57:12.775823Z  INFO herdr::logging: tab focused event="tab.focus" subsystem="tab" outcome="ok" workspace_id="w1" tab_id="w1:t3"
2026-07-20T16:57:15.158220Z  INFO herdr::pane: agent changed pane=5 previous_agent=Some(OpenCode) agent=None pgid=Some(86591)
2026-07-20T16:57:19.853710Z  INFO herdr::logging: session saved event="persist.save" subsystem="persist" outcome="ok" path=/Users/David.Vigh/.config/herdr/session.json workspaces=5
2026-07-20T17:00:47.091193Z  INFO herdr::server::headless: client resize client_id=2 cols=154 rows=43 cell_width_px=0 cell_height_px=0
2026-07-20T17:06:06.513003Z  WARN herdr::detect::manifest_update: skipping unknown remote manifest agent agent="maki"
2026-07-20T17:45:20.258567Z  WARN herdr::detect::manifest_update: skipping unknown remote manifest agent agent="maki"
2026-07-20T18:15:28.801742Z  WARN herdr::detect::manifest_update: skipping unknown remote manifest agent agent="maki"
2026-07-20T18:17:33.129191Z  INFO herdr::server::headless: client resize client_id=2 cols=229 rows=57 cell_width_px=0 cell_height_px=0
2026-07-20T18:39:17.885196Z  INFO herdr::logging: tab focused event="tab.focus" subsystem="tab" outcome="ok" workspace_id="w1" tab_id="w1:t4"
2026-07-20T18:39:22.894763Z  INFO herdr::logging: session saved event="persist.save" subsystem="persist" outcome="ok" path=/Users/David.Vigh/.config/herdr/session.json workspaces=5
2026-07-20T18:46:50.454625Z  WARN herdr::detect::manifest_update: skipping unknown remote manifest agent agent="maki"
2026-07-20T18:49:30.965497Z  INFO herdr::logging: workspace focused event="workspace.focus" subsystem="workspace" outcome="ok" workspace_id="w2"
2026-07-20T18:49:30.965557Z  INFO herdr::logging: tab focused event="tab.focus" subsystem="tab" outcome="ok" workspace_id="w2" tab_id="w2:t1"
2026-07-20T18:49:35.969385Z  INFO herdr::logging: session saved event="persist.save" subsystem="persist" outcome="ok" path=/Users/David.Vigh/.config/herdr/session.json workspaces=5
2026-07-20T18:49:40.539013Z  INFO herdr::pane: agent changed pane=3 previous_agent=None agent=Some(OpenCode) process=opencode pgid=Some(69967)
2026-07-20T18:49:49.033156Z  INFO herdr::pane: agent changed pane=3 previous_agent=None agent=Some(OpenCode) process=opencode pgid=Some(69967)
2026-07-20T18:49:50.857368Z  INFO herdr::pane: agent changed pane=3 previous_agent=Some(OpenCode) agent=None pgid=Some(76504)
2026-07-20T18:49:55.558129Z  INFO herdr::logging: session saved event="persist.save" subsystem="persist" outcome="ok" path=/Users/David.Vigh/.config/herdr/session.json workspaces=5
2026-07-20T18:53:13.398456Z  INFO herdr::pane: agent changed pane=3 previous_agent=None agent=Some(OpenCode) process=opencode pgid=Some(71244)
2026-07-20T18:53:42.225772Z  INFO herdr::pane: agent changed pane=3 previous_agent=Some(OpenCode) agent=None pgid=Some(76504)
2026-07-20T18:53:43.737382Z  INFO herdr::pane: agent changed pane=3 previous_agent=None agent=Some(OpenCode) process=opencode pgid=Some(71995)
2026-07-20T18:53:56.183918Z  INFO herdr::pane: agent changed pane=3 previous_agent=Some(OpenCode) agent=None pgid=Some(76504)
2026-07-20T18:54:33.969345Z  INFO herdr::pane: agent changed pane=3 previous_agent=None agent=Some(OpenCode) process=opencode pgid=Some(72799)
2026-07-20T18:54:44.602304Z  INFO herdr::pane: agent changed pane=3 previous_agent=Some(OpenCode) agent=None pgid=Some(76504)
2026-07-20T18:54:47.727610Z  INFO herdr::logging: workspace focused event="workspace.focus" subsystem="workspace" outcome="ok" workspace_id="w1"
2026-07-20T18:54:47.727661Z  INFO herdr::logging: tab focused event="tab.focus" subsystem="tab" outcome="ok" workspace_id="w1" tab_id="w1:t4"
2026-07-20T18:54:52.516051Z  INFO herdr::pane: agent changed pane=6 previous_agent=Some(OpenCode) agent=None pgid=Some(91388)
2026-07-20T18:54:55.551771Z  INFO herdr::pane: agent changed pane=6 previous_agent=None agent=Some(OpenCode) process=opencode pgid=Some(73564)
2026-07-20T18:54:57.216191Z  INFO herdr::logging: session saved event="persist.save" subsystem="persist" outcome="ok" path=/Users/David.Vigh/.config/herdr/session.json workspaces=5
2026-07-20T18:55:04.008189Z  INFO herdr::pane: agent changed pane=6 previous_agent=None agent=Some(OpenCode) process=opencode pgid=Some(73564)
2026-07-20T18:55:09.001064Z  INFO herdr::logging: session saved event="persist.save" subsystem="persist" outcome="ok" path=/Users/David.Vigh/.config/herdr/session.json workspaces=5
2026-07-20T18:55:09.988848Z  INFO herdr::logging: tab focused event="tab.focus" subsystem="tab" outcome="ok" workspace_id="w1" tab_id="w1:t3"
2026-07-20T18:55:11.625087Z  INFO herdr::logging: tab focused event="tab.focus" subsystem="tab" outcome="ok" workspace_id="w1" tab_id="w1:t4"
2026-07-20T18:55:16.626741Z  INFO herdr::logging: session saved event="persist.save" subsystem="persist" outcome="ok" path=/Users/David.Vigh/.config/herdr/session.json workspaces=5
2026-07-20T18:55:16.812341Z  INFO herdr::logging: tab focused event="tab.focus" subsystem="tab" outcome="ok" workspace_id="w1" tab_id="w1:t3"
2026-07-20T18:55:21.819134Z  INFO herdr::logging: session saved event="persist.save" subsystem="persist" outcome="ok" path=/Users/David.Vigh/.config/herdr/session.json workspaces=5
2026-07-20T18:55:25.777546Z  INFO herdr::logging: tab renamed event="tab.rename" subsystem="tab" outcome="ok" workspace_id="w1" tab_id="w1:t3"
2026-07-20T18:55:29.495499Z  INFO herdr::pane: agent changed pane=5 previous_agent=None agent=Some(Claude) process=claude pgid=Some(74398)
2026-07-20T18:55:30.781378Z  INFO herdr::logging: session saved event="persist.save" subsystem="persist" outcome="ok" path=/Users/David.Vigh/.config/herdr/session.json workspaces=5
2026-07-20T18:55:39.595006Z  INFO herdr::logging: tab focused event="tab.focus" subsystem="tab" outcome="ok" workspace_id="w1" tab_id="w1:t4"
2026-07-20T18:55:44.596448Z  INFO herdr::logging: session saved event="persist.save" subsystem="persist" outcome="ok" path=/Users/David.Vigh/.config/herdr/session.json workspaces=5
2026-07-20T18:55:53.195761Z  INFO herdr::logging: tab focused event="tab.focus" subsystem="tab" outcome="ok" workspace_id="w1" tab_id="w1:t3"
2026-07-20T18:55:58.199325Z  INFO herdr::logging: session saved event="persist.save" subsystem="persist" outcome="ok" path=/Users/David.Vigh/.config/herdr/session.json workspaces=5
2026-07-20T18:56:56.283807Z  INFO herdr::logging: tab focused event="tab.focus" subsystem="tab" outcome="ok" workspace_id="w1" tab_id="w1:t4"
2026-07-20T18:57:01.287077Z  INFO herdr::logging: session saved event="persist.save" subsystem="persist" outcome="ok" path=/Users/David.Vigh/.config/herdr/session.json workspaces=5
2026-07-20T18:57:21.280126Z  INFO herdr::logging: tab focused event="tab.focus" subsystem="tab" outcome="ok" workspace_id="w1" tab_id="w1:t3"
2026-07-20T18:57:26.282616Z  INFO herdr::logging: session saved event="persist.save" subsystem="persist" outcome="ok" path=/Users/David.Vigh/.config/herdr/session.json workspaces=5
2026-07-20T18:58:02.191766Z  INFO herdr::logging: tab focused event="tab.focus" subsystem="tab" outcome="ok" workspace_id="w1" tab_id="w1:t4"
2026-07-20T18:58:07.200313Z  INFO herdr::logging: session saved event="persist.save" subsystem="persist" outcome="ok" path=/Users/David.Vigh/.config/herdr/session.json workspaces=5
2026-07-20T19:01:04.059889Z  INFO herdr::logging: tab focused event="tab.focus" subsystem="tab" outcome="ok" workspace_id="w1" tab_id="w1:t3"
2026-07-20T19:01:09.068485Z  INFO herdr::logging: session saved event="persist.save" subsystem="persist" outcome="ok" path=/Users/David.Vigh/.config/herdr/session.json workspaces=5
2026-07-20T19:02:35.308719Z  INFO herdr::logging: tab focused event="tab.focus" subsystem="tab" outcome="ok" workspace_id="w1" tab_id="w1:t4"
2026-07-20T19:02:40.312845Z  INFO herdr::logging: session saved event="persist.save" subsystem="persist" outcome="ok" path=/Users/David.Vigh/.config/herdr/session.json workspaces=5
2026-07-20T19:06:02.711625Z  INFO herdr::logging: tab focused event="tab.focus" subsystem="tab" outcome="ok" workspace_id="w1" tab_id="w1:t3"
2026-07-20T19:06:07.719929Z  INFO herdr::logging: session saved event="persist.save" subsystem="persist" outcome="ok" path=/Users/David.Vigh/.config/herdr/session.json workspaces=5
2026-07-20T19:10:54.799990Z  INFO herdr::logging: tab focused event="tab.focus" subsystem="tab" outcome="ok" workspace_id="w1" tab_id="w1:t2"
2026-07-20T19:10:59.804151Z  INFO herdr::logging: session saved event="persist.save" subsystem="persist" outcome="ok" path=/Users/David.Vigh/.config/herdr/session.json workspaces=5
2026-07-20T19:11:00.386161Z  INFO herdr::pane: agent changed pane=2 previous_agent=Some(OpenCode) agent=None pgid=Some(74631)
2026-07-20T19:11:05.085372Z  INFO herdr::logging: session saved event="persist.save" subsystem="persist" outcome="ok" path=/Users/David.Vigh/.config/herdr/session.json workspaces=5
2026-07-20T19:11:10.981492Z  INFO herdr::pane: agent changed pane=2 previous_agent=None agent=Some(OpenCode) process=opencode pgid=Some(75150)
2026-07-20T19:12:05.016003Z  INFO herdr::pane: agent changed pane=2 previous_agent=None agent=Some(OpenCode) process=opencode pgid=Some(75150)
2026-07-20T19:12:07.754483Z  INFO herdr::logging: tab focused event="tab.focus" subsystem="tab" outcome="ok" workspace_id="w1" tab_id="w1:t3"
2026-07-20T19:12:12.758196Z  INFO herdr::logging: session saved event="persist.save" subsystem="persist" outcome="ok" path=/Users/David.Vigh/.config/herdr/session.json workspaces=5
2026-07-20T19:12:42.045440Z  INFO herdr::logging: tab focused event="tab.focus" subsystem="tab" outcome="ok" workspace_id="w1" tab_id="w1:t2"
2026-07-20T19:12:45.874707Z  INFO herdr::logging: tab focused event="tab.focus" subsystem="tab" outcome="ok" workspace_id="w1" tab_id="w1:t3"
2026-07-20T19:12:50.879321Z  INFO herdr::logging: session saved event="persist.save" subsystem="persist" outcome="ok" path=/Users/David.Vigh/.config/herdr/session.json workspaces=5
2026-07-20T19:13:55.541814Z  INFO herdr::logging: tab focused event="tab.focus" subsystem="tab" outcome="ok" workspace_id="w1" tab_id="w1:t2"
2026-07-20T19:14:00.544778Z  INFO herdr::logging: session saved event="persist.save" subsystem="persist" outcome="ok" path=/Users/David.Vigh/.config/herdr/session.json workspaces=5
2026-07-20T19:16:02.453944Z  INFO herdr::logging: tab focused event="tab.focus" subsystem="tab" outcome="ok" workspace_id="w1" tab_id="w1:t3"
2026-07-20T19:16:07.457671Z  INFO herdr::logging: session saved event="persist.save" subsystem="persist" outcome="ok" path=/Users/David.Vigh/.config/herdr/session.json workspaces=5
2026-07-20T19:16:50.431186Z  WARN herdr::detect::manifest_update: skipping unknown remote manifest agent agent="maki"
2026-07-20T19:46:50.455106Z  WARN herdr::detect::manifest_update: skipping unknown remote manifest agent agent="maki"
2026-07-20T20:00:36.195283Z  INFO herdr::server::headless: client resize client_id=2 cols=154 rows=43 cell_width_px=0 cell_height_px=0
2026-07-20T20:17:01.866494Z  WARN herdr::detect::manifest_update: skipping unknown remote manifest agent agent="maki"
2026-07-20T20:47:41.358950Z  WARN herdr::detect::manifest_update: skipping unknown remote manifest agent agent="maki"
2026-07-20T21:12:02.589352Z  INFO herdr::server::headless: client resize client_id=2 cols=229 rows=57 cell_width_px=0 cell_height_px=0
2026-07-20T21:13:20.683818Z  INFO herdr::logging: tab focused event="tab.focus" subsystem="tab" outcome="ok" workspace_id="w1" tab_id="w1:t4"
2026-07-20T21:13:25.696968Z  INFO herdr::logging: session saved event="persist.save" subsystem="persist" outcome="ok" path=/Users/David.Vigh/.config/herdr/session.json workspaces=5
2026-07-20T21:13:27.232440Z  INFO herdr::logging: tab focused event="tab.focus" subsystem="tab" outcome="ok" workspace_id="w1" tab_id="w1:t3"
2026-07-20T21:13:32.240185Z  INFO herdr::logging: session saved event="persist.save" subsystem="persist" outcome="ok" path=/Users/David.Vigh/.config/herdr/session.json workspaces=5
2026-07-20T21:13:38.020869Z  INFO herdr::logging: tab focused event="tab.focus" subsystem="tab" outcome="ok" workspace_id="w1" tab_id="w1:t2"
2026-07-20T21:13:40.987529Z  INFO herdr::logging: tab focused event="tab.focus" subsystem="tab" outcome="ok" workspace_id="w1" tab_id="w1:t4"
2026-07-20T21:13:41.726263Z  INFO herdr::logging: workspace focused event="workspace.focus" subsystem="workspace" outcome="ok" workspace_id="w5"
2026-07-20T21:13:41.726388Z  INFO herdr::logging: tab focused event="tab.focus" subsystem="tab" outcome="ok" workspace_id="w5" tab_id="w5:t2"
2026-07-20T21:13:46.731549Z  INFO herdr::logging: session saved event="persist.save" subsystem="persist" outcome="ok" path=/Users/David.Vigh/.config/herdr/session.json workspaces=5
2026-07-20T21:14:00.819018Z  INFO herdr::pane: agent changed pane=12 previous_agent=Some(OpenCode) agent=None pgid=Some(47674)
2026-07-20T21:14:03.423664Z  INFO herdr::logging: workspace focused event="workspace.focus" subsystem="workspace" outcome="ok" workspace_id="w1"
2026-07-20T21:14:03.423777Z  INFO herdr::logging: tab focused event="tab.focus" subsystem="tab" outcome="ok" workspace_id="w1" tab_id="w1:t3"
2026-07-20T21:14:08.428681Z  INFO herdr::logging: session saved event="persist.save" subsystem="persist" outcome="ok" path=/Users/David.Vigh/.config/herdr/session.json workspaces=5
2026-07-20T21:14:16.122626Z  INFO herdr::logging: tab focused event="tab.focus" subsystem="tab" outcome="ok" workspace_id="w1" tab_id="w1:t2"
2026-07-20T21:14:21.127974Z  INFO herdr::logging: session saved event="persist.save" subsystem="persist" outcome="ok" path=/Users/David.Vigh/.config/herdr/session.json workspaces=5
2026-07-20T21:14:30.539834Z  INFO herdr::logging: tab focused event="tab.focus" subsystem="tab" outcome="ok" workspace_id="w1" tab_id="w1:t3"
2026-07-20T21:14:35.543019Z  INFO herdr::logging: session saved event="persist.save" subsystem="persist" outcome="ok" path=/Users/David.Vigh/.config/herdr/session.json workspaces=5
2026-07-20T21:22:39.749089Z  WARN herdr::detect::manifest_update: skipping unknown remote manifest agent agent="maki"
2026-07-20T21:34:20.366326Z  INFO herdr::logging: tab focused event="tab.focus" subsystem="tab" outcome="ok" workspace_id="w1" tab_id="w1:t4"
2026-07-20T21:34:21.760186Z  INFO herdr::logging: tab focused event="tab.focus" subsystem="tab" outcome="ok" workspace_id="w1" tab_id="w1:t2"
2026-07-20T21:34:26.764998Z  INFO herdr::logging: session saved event="persist.save" subsystem="persist" outcome="ok" path=/Users/David.Vigh/.config/herdr/session.json workspaces=5
2026-07-20T21:35:09.205882Z  INFO herdr::logging: tab focused event="tab.focus" subsystem="tab" outcome="ok" workspace_id="w1" tab_id="w1:t3"
2026-07-20T21:35:14.211355Z  INFO herdr::logging: session saved event="persist.save" subsystem="persist" outcome="ok" path=/Users/David.Vigh/.config/herdr/session.json workspaces=5
2026-07-20T21:36:00.862662Z  INFO herdr::logging: workspace focused event="workspace.focus" subsystem="workspace" outcome="ok" workspace_id="w6"
2026-07-20T21:36:00.862723Z  INFO herdr::logging: tab focused event="tab.focus" subsystem="tab" outcome="ok" workspace_id="w6" tab_id="w6:t1"
2026-07-20T21:36:01.376937Z  INFO herdr::logging: workspace focused event="workspace.focus" subsystem="workspace" outcome="ok" workspace_id="w4"
2026-07-20T21:36:01.376995Z  INFO herdr::logging: tab focused event="tab.focus" subsystem="tab" outcome="ok" workspace_id="w4" tab_id="w4:t1"
2026-07-20T21:36:06.379693Z  INFO herdr::logging: session saved event="persist.save" subsystem="persist" outcome="ok" path=/Users/David.Vigh/.config/herdr/session.json workspaces=5
2026-07-20T21:36:15.202246Z  INFO herdr::pane: agent changed pane=7 previous_agent=None agent=Some(OpenCode) process=opencode pgid=Some(80656)
2026-07-20T21:36:55.759993Z  INFO herdr::pane: agent changed pane=7 previous_agent=None agent=Some(OpenCode) process=opencode pgid=Some(80656)
2026-07-20T21:37:00.753709Z  INFO herdr::logging: session saved event="persist.save" subsystem="persist" outcome="ok" path=/Users/David.Vigh/.config/herdr/session.json workspaces=5
2026-07-20T21:37:47.465072Z  INFO herdr::logging: workspace focused event="workspace.focus" subsystem="workspace" outcome="ok" workspace_id="w1"
2026-07-20T21:37:47.465122Z  INFO herdr::logging: tab focused event="tab.focus" subsystem="tab" outcome="ok" workspace_id="w1" tab_id="w1:t3"
2026-07-20T21:37:49.046766Z  INFO herdr::logging: tab focused event="tab.focus" subsystem="tab" outcome="ok" workspace_id="w1" tab_id="w1:t2"
2026-07-20T21:37:52.472574Z  INFO herdr::logging: workspace focused event="workspace.focus" subsystem="workspace" outcome="ok" workspace_id="w4"
2026-07-20T21:37:52.472619Z  INFO herdr::logging: tab focused event="tab.focus" subsystem="tab" outcome="ok" workspace_id="w4" tab_id="w4:t1"
2026-07-20T21:37:55.570261Z  INFO herdr::logging: workspace focused event="workspace.focus" subsystem="workspace" outcome="ok" workspace_id="w1"
2026-07-20T21:37:55.570289Z  INFO herdr::logging: tab focused event="tab.focus" subsystem="tab" outcome="ok" workspace_id="w1" tab_id="w1:t2"
2026-07-20T21:38:00.574818Z  INFO herdr::logging: session saved event="persist.save" subsystem="persist" outcome="ok" path=/Users/David.Vigh/.config/herdr/session.json workspaces=5
2026-07-20T21:38:17.218643Z  INFO herdr::logging: tab focused event="tab.focus" subsystem="tab" outcome="ok" workspace_id="w1" tab_id="w1:t3"
2026-07-20T21:38:22.220601Z  INFO herdr::logging: session saved event="persist.save" subsystem="persist" outcome="ok" path=/Users/David.Vigh/.config/herdr/session.json workspaces=5
2026-07-20T21:38:24.950482Z  INFO herdr::logging: workspace focused event="workspace.focus" subsystem="workspace" outcome="ok" workspace_id="w4"
2026-07-20T21:38:24.950530Z  INFO herdr::logging: tab focused event="tab.focus" subsystem="tab" outcome="ok" workspace_id="w4" tab_id="w4:t1"
2026-07-20T21:38:29.052796Z  INFO herdr::logging: workspace focused event="workspace.focus" subsystem="workspace" outcome="ok" workspace_id="w1"
2026-07-20T21:38:29.052841Z  INFO herdr::logging: tab focused event="tab.focus" subsystem="tab" outcome="ok" workspace_id="w1" tab_id="w1:t2"
2026-07-20T21:38:34.056452Z  INFO herdr::logging: session saved event="persist.save" subsystem="persist" outcome="ok" path=/Users/David.Vigh/.config/herdr/session.json workspaces=5
2026-07-20T21:39:12.813045Z  INFO herdr::logging: tab focused event="tab.focus" subsystem="tab" outcome="ok" workspace_id="w1" tab_id="w1:t3"
2026-07-20T21:39:17.819473Z  INFO herdr::logging: session saved event="persist.save" subsystem="persist" outcome="ok" path=/Users/David.Vigh/.config/herdr/session.json workspaces=5
2026-07-20T21:39:22.558109Z  INFO herdr::logging: workspace focused event="workspace.focus" subsystem="workspace" outcome="ok" workspace_id="w4"
2026-07-20T21:39:22.558162Z  INFO herdr::logging: tab focused event="tab.focus" subsystem="tab" outcome="ok" workspace_id="w4" tab_id="w4:t1"
2026-07-20T21:39:27.561994Z  INFO herdr::logging: session saved event="persist.save" subsystem="persist" outcome="ok" path=/Users/David.Vigh/.config/herdr/session.json workspaces=5
2026-07-20T21:39:32.623586Z  INFO herdr::logging: workspace focused event="workspace.focus" subsystem="workspace" outcome="ok" workspace_id="w2"
2026-07-20T21:39:32.623629Z  INFO herdr::logging: tab focused event="tab.focus" subsystem="tab" outcome="ok" workspace_id="w2" tab_id="w2:t1"
2026-07-20T21:39:37.626449Z  INFO herdr::logging: session saved event="persist.save" subsystem="persist" outcome="ok" path=/Users/David.Vigh/.config/herdr/session.json workspaces=5
2026-07-20T21:39:46.463516Z  INFO herdr::pane: agent changed pane=3 previous_agent=None agent=Some(OpenCode) process=opencode pgid=Some(81730)
2026-07-20T21:40:52.475164Z  INFO herdr::pane: agent changed pane=3 previous_agent=None agent=Some(OpenCode) process=opencode pgid=Some(81730)
2026-07-20T21:40:57.465596Z  INFO herdr::logging: session saved event="persist.save" subsystem="persist" outcome="ok" path=/Users/David.Vigh/.config/herdr/session.json workspaces=5
2026-07-20T21:42:11.363406Z  INFO herdr::pane: agent changed pane=3 previous_agent=None agent=Some(OpenCode) process=opencode pgid=Some(81730)
2026-07-20T21:42:14.037948Z  INFO herdr::logging: workspace focused event="workspace.focus" subsystem="workspace" outcome="ok" workspace_id="w1"
2026-07-20T21:42:14.038020Z  INFO herdr::logging: tab focused event="tab.focus" subsystem="tab" outcome="ok" workspace_id="w1" tab_id="w1:t4"
2026-07-20T21:42:19.046635Z  INFO herdr::logging: session saved event="persist.save" subsystem="persist" outcome="ok" path=/Users/David.Vigh/.config/herdr/session.json workspaces=5
2026-07-20T21:42:27.915929Z  INFO herdr::logging: tab focused event="tab.focus" subsystem="tab" outcome="ok" workspace_id="w1" tab_id="w1:t2"
2026-07-20T21:42:31.823545Z  INFO herdr::logging: workspace focused event="workspace.focus" subsystem="workspace" outcome="ok" workspace_id="w4"
2026-07-20T21:42:31.823597Z  INFO herdr::logging: tab focused event="tab.focus" subsystem="tab" outcome="ok" workspace_id="w4" tab_id="w4:t1"
2026-07-20T21:42:36.829906Z  INFO herdr::logging: session saved event="persist.save" subsystem="persist" outcome="ok" path=/Users/David.Vigh/.config/herdr/session.json workspaces=5
2026-07-20T21:52:39.839919Z  WARN herdr::detect::manifest_update: skipping unknown remote manifest agent agent="maki"
2026-07-20T22:09:12.111579Z  INFO herdr::logging: workspace focused event="workspace.focus" subsystem="workspace" outcome="ok" workspace_id="w1"
2026-07-20T22:09:12.114577Z  INFO herdr::logging: tab focused event="tab.focus" subsystem="tab" outcome="ok" workspace_id="w1" tab_id="w1:t3"
2026-07-20T22:09:14.851108Z  INFO herdr::logging: tab focused event="tab.focus" subsystem="tab" outcome="ok" workspace_id="w1" tab_id="w1:t4"
2026-07-20T22:09:19.855878Z  INFO herdr::logging: session saved event="persist.save" subsystem="persist" outcome="ok" path=/Users/David.Vigh/.config/herdr/session.json workspaces=5
2026-07-20T22:09:20.613157Z  INFO herdr::logging: tab focused event="tab.focus" subsystem="tab" outcome="ok" workspace_id="w1" tab_id="w1:t2"
2026-07-20T22:09:25.615978Z  INFO herdr::logging: session saved event="persist.save" subsystem="persist" outcome="ok" path=/Users/David.Vigh/.config/herdr/session.json workspaces=5
2026-07-20T22:10:23.226927Z  INFO herdr::logging: tab focused event="tab.focus" subsystem="tab" outcome="ok" workspace_id="w1" tab_id="w1:t3"
2026-07-20T22:10:28.229428Z  INFO herdr::logging: session saved event="persist.save" subsystem="persist" outcome="ok" path=/Users/David.Vigh/.config/herdr/session.json workspaces=5
2026-07-20T22:10:29.329536Z  INFO herdr::logging: workspace focused event="workspace.focus" subsystem="workspace" outcome="ok" workspace_id="w2"
2026-07-20T22:10:29.329600Z  INFO herdr::logging: tab focused event="tab.focus" subsystem="tab" outcome="ok" workspace_id="w2" tab_id="w2:t1"
2026-07-20T22:10:34.336862Z  INFO herdr::logging: session saved event="persist.save" subsystem="persist" outcome="ok" path=/Users/David.Vigh/.config/herdr/session.json workspaces=5
2026-07-20T22:22:08.082526Z  INFO herdr::logging: workspace focused event="workspace.focus" subsystem="workspace" outcome="ok" workspace_id="w1"
2026-07-20T22:22:08.082650Z  INFO herdr::logging: tab focused event="tab.focus" subsystem="tab" outcome="ok" workspace_id="w1" tab_id="w1:t3"
2026-07-20T22:22:13.090912Z  INFO herdr::logging: session saved event="persist.save" subsystem="persist" outcome="ok" path=/Users/David.Vigh/.config/herdr/session.json workspaces=5
2026-07-20T22:22:22.666026Z  INFO herdr::logging: tab focused event="tab.focus" subsystem="tab" outcome="ok" workspace_id="w1" tab_id="w1:t2"
2026-07-20T22:22:27.243121Z  INFO herdr::logging: tab focused event="tab.focus" subsystem="tab" outcome="ok" workspace_id="w1" tab_id="w1:t4"
2026-07-20T22:22:32.249957Z  INFO herdr::logging: session saved event="persist.save" subsystem="persist" outcome="ok" path=/Users/David.Vigh/.config/herdr/session.json workspaces=5
2026-07-20T22:22:32.335326Z  INFO herdr::logging: workspace focused event="workspace.focus" subsystem="workspace" outcome="ok" workspace_id="w2"
2026-07-20T22:22:32.335415Z  INFO herdr::logging: tab focused event="tab.focus" subsystem="tab" outcome="ok" workspace_id="w2" tab_id="w2:t1"
2026-07-20T22:22:37.342556Z  INFO herdr::logging: session saved event="persist.save" subsystem="persist" outcome="ok" path=/Users/David.Vigh/.config/herdr/session.json workspaces=5
2026-07-20T22:22:39.781104Z  WARN herdr::detect::manifest_update: skipping unknown remote manifest agent agent="maki"
2026-07-20T22:23:20.904924Z  INFO herdr::logging: workspace focused event="workspace.focus" subsystem="workspace" outcome="ok" workspace_id="w1"
2026-07-20T22:23:20.904978Z  INFO herdr::logging: tab focused event="tab.focus" subsystem="tab" outcome="ok" workspace_id="w1" tab_id="w1:t3"
2026-07-20T22:23:25.913296Z  INFO herdr::logging: session saved event="persist.save" subsystem="persist" outcome="ok" path=/Users/David.Vigh/.config/herdr/session.json workspaces=5
2026-07-20T22:24:18.707400Z  INFO herdr::logging: tab focused event="tab.focus" subsystem="tab" outcome="ok" workspace_id="w1" tab_id="w1:t2"
2026-07-20T22:24:22.150080Z  INFO herdr::logging: workspace focused event="workspace.focus" subsystem="workspace" outcome="ok" workspace_id="w2"
2026-07-20T22:24:22.150200Z  INFO herdr::logging: tab focused event="tab.focus" subsystem="tab" outcome="ok" workspace_id="w2" tab_id="w2:t1"
2026-07-20T22:24:27.159222Z  INFO herdr::logging: session saved event="persist.save" subsystem="persist" outcome="ok" path=/Users/David.Vigh/.config/herdr/session.json workspaces=5
2026-07-20T22:26:40.090691Z  INFO herdr::logging: workspace focused event="workspace.focus" subsystem="workspace" outcome="ok" workspace_id="w1"
2026-07-20T22:26:40.090737Z  INFO herdr::logging: tab focused event="tab.focus" subsystem="tab" outcome="ok" workspace_id="w1" tab_id="w1:t3"
2026-07-20T22:26:45.094368Z  INFO herdr::logging: session saved event="persist.save" subsystem="persist" outcome="ok" path=/Users/David.Vigh/.config/herdr/session.json workspaces=5
2026-07-20T22:28:18.975958Z  INFO herdr::logging: workspace focused event="workspace.focus" subsystem="workspace" outcome="ok" workspace_id="w2"
2026-07-20T22:28:18.976060Z  INFO herdr::logging: tab focused event="tab.focus" subsystem="tab" outcome="ok" workspace_id="w2" tab_id="w2:t1"
2026-07-20T22:28:23.981425Z  INFO herdr::logging: session saved event="persist.save" subsystem="persist" outcome="ok" path=/Users/David.Vigh/.config/herdr/session.json workspaces=5
2026-07-20T22:29:13.813170Z  INFO herdr::logging: workspace focused event="workspace.focus" subsystem="workspace" outcome="ok" workspace_id="w1"
2026-07-20T22:29:13.813223Z  INFO herdr::logging: tab focused event="tab.focus" subsystem="tab" outcome="ok" workspace_id="w1" tab_id="w1:t3"
2026-07-20T22:29:18.819384Z  INFO herdr::logging: session saved event="persist.save" subsystem="persist" outcome="ok" path=/Users/David.Vigh/.config/herdr/session.json workspaces=5
2026-07-20T22:29:50.906845Z  INFO herdr::logging: workspace focused event="workspace.focus" subsystem="workspace" outcome="ok" workspace_id="w2"
2026-07-20T22:29:50.906890Z  INFO herdr::logging: tab focused event="tab.focus" subsystem="tab" outcome="ok" workspace_id="w2" tab_id="w2:t1"
2026-07-20T22:29:55.912940Z  INFO herdr::logging: session saved event="persist.save" subsystem="persist" outcome="ok" path=/Users/David.Vigh/.config/herdr/session.json workspaces=5
2026-07-20T22:38:20.622066Z  INFO herdr::logging: workspace focused event="workspace.focus" subsystem="workspace" outcome="ok" workspace_id="w1"
2026-07-20T22:38:20.622715Z  INFO herdr::logging: tab focused event="tab.focus" subsystem="tab" outcome="ok" workspace_id="w1" tab_id="w1:t3"
2026-07-20T22:38:25.629139Z  INFO herdr::logging: session saved event="persist.save" subsystem="persist" outcome="ok" path=/Users/David.Vigh/.config/herdr/session.json workspaces=5
2026-07-20T22:38:54.700378Z  INFO herdr::logging: workspace focused event="workspace.focus" subsystem="workspace" outcome="ok" workspace_id="w2"
2026-07-20T22:38:54.701110Z  INFO herdr::logging: tab focused event="tab.focus" subsystem="tab" outcome="ok" workspace_id="w2" tab_id="w2:t1"
2026-07-20T22:38:59.704137Z  INFO herdr::logging: session saved event="persist.save" subsystem="persist" outcome="ok" path=/Users/David.Vigh/.config/herdr/session.json workspaces=5
2026-07-20T22:52:39.772794Z  WARN herdr::detect::manifest_update: skipping unknown remote manifest agent agent="maki"
2026-07-20T22:57:12.893140Z  INFO herdr::logging: workspace focused event="workspace.focus" subsystem="workspace" outcome="ok" workspace_id="w5"
2026-07-20T22:57:12.893186Z  INFO herdr::logging: tab focused event="tab.focus" subsystem="tab" outcome="ok" workspace_id="w5" tab_id="w5:t2"
2026-07-20T22:57:13.966777Z  INFO herdr::logging: workspace focused event="workspace.focus" subsystem="workspace" outcome="ok" workspace_id="w6"
2026-07-20T22:57:13.966809Z  INFO herdr::logging: tab focused event="tab.focus" subsystem="tab" outcome="ok" workspace_id="w6" tab_id="w6:t1"
2026-07-20T22:57:17.094661Z  INFO herdr::logging: tab focused event="tab.focus" subsystem="tab" outcome="ok" workspace_id="w6" tab_id="w6:t2"
2026-07-20T22:57:22.100189Z  INFO herdr::logging: session saved event="persist.save" subsystem="persist" outcome="ok" path=/Users/David.Vigh/.config/herdr/session.json workspaces=5
2026-07-20T22:57:26.815825Z  INFO herdr::pane: agent changed pane=11 previous_agent=None agent=Some(OpenCode) process=opencode pgid=Some(85400)
2026-07-20T22:57:37.001692Z  INFO herdr::pane: agent changed pane=11 previous_agent=None agent=Some(OpenCode) process=opencode pgid=Some(85400)
2026-07-20T22:57:42.009175Z  INFO herdr::logging: session saved event="persist.save" subsystem="persist" outcome="ok" path=/Users/David.Vigh/.config/herdr/session.json workspaces=5
2026-07-20T23:22:39.829560Z  WARN herdr::detect::manifest_update: skipping unknown remote manifest agent agent="maki"
2026-07-20T23:42:18.576111Z  INFO herdr::logging: workspace focused event="workspace.focus" subsystem="workspace" outcome="ok" workspace_id="w2"
2026-07-20T23:42:18.576266Z  INFO herdr::logging: tab focused event="tab.focus" subsystem="tab" outcome="ok" workspace_id="w2" tab_id="w2:t1"
2026-07-20T23:42:23.583727Z  INFO herdr::logging: session saved event="persist.save" subsystem="persist" outcome="ok" path=/Users/David.Vigh/.config/herdr/session.json workspaces=5
2026-07-20T23:49:42.373167Z  INFO herdr::pane: agent changed pane=3 previous_agent=Some(OpenCode) agent=None pgid=Some(76504)
2026-07-20T23:49:47.070801Z  INFO herdr::logging: session saved event="persist.save" subsystem="persist" outcome="ok" path=/Users/David.Vigh/.config/herdr/session.json workspaces=5
2026-07-20T23:50:08.589042Z  INFO herdr::pane: agent changed pane=3 previous_agent=None agent=Some(Claude) process=claude pgid=Some(88442)
2026-07-20T23:52:39.842427Z  WARN herdr::detect::manifest_update: skipping unknown remote manifest agent agent="maki"
2026-07-21T14:01:12.077863Z  WARN herdr::detect::manifest_update: skipping unknown remote manifest agent agent="maki"
2026-07-21T14:06:36.227819Z  INFO herdr::server::headless: client resize client_id=2 cols=229 rows=42 cell_width_px=0 cell_height_px=0
2026-07-21T14:06:36.370010Z  INFO herdr::server::headless: client resize client_id=2 cols=174 rows=42 cell_width_px=0 cell_height_px=0
2026-07-21T14:06:55.831518Z  INFO herdr::server::headless: client resize client_id=2 cols=154 rows=43 cell_width_px=0 cell_height_px=0
2026-07-21T14:07:15.324128Z  INFO herdr::server::headless: client resize client_id=2 cols=174 rows=42 cell_width_px=0 cell_height_px=0
2026-07-21T14:07:15.737063Z  INFO herdr::server::headless: client resize client_id=2 cols=171 rows=42 cell_width_px=0 cell_height_px=0
2026-07-21T14:08:46.639273Z  INFO herdr::server::headless: client resize client_id=2 cols=174 rows=42 cell_width_px=0 cell_height_px=0
2026-07-21T14:08:49.090879Z  INFO herdr::server::headless: client resize client_id=2 cols=154 rows=43 cell_width_px=0 cell_height_px=0
2026-07-21T14:09:03.338375Z  INFO herdr::server::headless: client resize client_id=2 cols=229 rows=57 cell_width_px=0 cell_height_px=0
2026-07-21T14:14:46.074743Z  INFO herdr::logging: workspace focused event="workspace.focus" subsystem="workspace" outcome="ok" workspace_id="w1"
2026-07-21T14:14:46.074802Z  INFO herdr::logging: tab focused event="tab.focus" subsystem="tab" outcome="ok" workspace_id="w1" tab_id="w1:t2"
2026-07-21T14:14:47.916464Z  INFO herdr::logging: tab focused event="tab.focus" subsystem="tab" outcome="ok" workspace_id="w1" tab_id="w1:t3"
2026-07-21T14:14:52.923047Z  INFO herdr::logging: session saved event="persist.save" subsystem="persist" outcome="ok" path=/Users/David.Vigh/.config/herdr/session.json workspaces=5
2026-07-21T14:15:20.866053Z  INFO herdr::logging: workspace focused event="workspace.focus" subsystem="workspace" outcome="ok" workspace_id="w2"
2026-07-21T14:15:20.866115Z  INFO herdr::logging: tab focused event="tab.focus" subsystem="tab" outcome="ok" workspace_id="w2" tab_id="w2:t1"
2026-07-21T14:15:25.874983Z  INFO herdr::logging: session saved event="persist.save" subsystem="persist" outcome="ok" path=/Users/David.Vigh/.config/herdr/session.json workspaces=5
2026-07-21T14:16:17.342892Z  INFO herdr::logging: workspace focused event="workspace.focus" subsystem="workspace" outcome="ok" workspace_id="w1"
2026-07-21T14:16:17.342984Z  INFO herdr::logging: tab focused event="tab.focus" subsystem="tab" outcome="ok" workspace_id="w1" tab_id="w1:t3"
2026-07-21T14:16:22.345525Z  INFO herdr::logging: session saved event="persist.save" subsystem="persist" outcome="ok" path=/Users/David.Vigh/.config/herdr/session.json workspaces=5
2026-07-21T14:16:35.653525Z  INFO herdr::logging: workspace focused event="workspace.focus" subsystem="workspace" outcome="ok" workspace_id="w2"
2026-07-21T14:16:35.653627Z  INFO herdr::logging: tab focused event="tab.focus" subsystem="tab" outcome="ok" workspace_id="w2" tab_id="w2:t1"
2026-07-21T14:16:40.656699Z  INFO herdr::logging: session saved event="persist.save" subsystem="persist" outcome="ok" path=/Users/David.Vigh/.config/herdr/session.json workspaces=5
2026-07-21T14:17:33.535200Z  INFO herdr::logging: workspace focused event="workspace.focus" subsystem="workspace" outcome="ok" workspace_id="w1"
2026-07-21T14:17:33.535319Z  INFO herdr::logging: tab focused event="tab.focus" subsystem="tab" outcome="ok" workspace_id="w1" tab_id="w1:t3"
2026-07-21T14:17:38.538827Z  INFO herdr::logging: session saved event="persist.save" subsystem="persist" outcome="ok" path=/Users/David.Vigh/.config/herdr/session.json workspaces=5
2026-07-21T14:18:15.246940Z  INFO herdr::logging: workspace focused event="workspace.focus" subsystem="workspace" outcome="ok" workspace_id="w2"
2026-07-21T14:18:15.247039Z  INFO herdr::logging: tab focused event="tab.focus" subsystem="tab" outcome="ok" workspace_id="w2" tab_id="w2:t1"
2026-07-21T14:18:20.251900Z  INFO herdr::logging: session saved event="persist.save" subsystem="persist" outcome="ok" path=/Users/David.Vigh/.config/herdr/session.json workspaces=5
2026-07-21T14:33:32.833307Z  WARN herdr::detect::manifest_update: skipping unknown remote manifest agent agent="maki"
2026-07-21T14:38:27.091467Z  INFO herdr::logging: spawning pane terminal event="pane.spawn.start" subsystem="pane" outcome="started" pane_id=16 rows=56 cols=204 scrollback_limit_bytes=10000000
2026-07-21T14:38:27.097345Z  INFO herdr::logging: pane child spawned event="pane.spawned" subsystem="pane" outcome="ok" pane_id=16 pid=94694
2026-07-21T14:38:27.097583Z  INFO herdr::logging: tab focused event="tab.focus" subsystem="tab" outcome="ok" workspace_id="w2" tab_id="w2:t2"
2026-07-21T14:38:32.106117Z  INFO herdr::logging: session saved event="persist.save" subsystem="persist" outcome="ok" path=/Users/David.Vigh/.config/herdr/session.json workspaces=5
2026-07-21T14:38:34.245935Z  INFO herdr::logging: workspace focused event="workspace.focus" subsystem="workspace" outcome="ok" workspace_id="w1"
2026-07-21T14:38:34.246040Z  INFO herdr::logging: tab focused event="tab.focus" subsystem="tab" outcome="ok" workspace_id="w1" tab_id="w1:t3"
2026-07-21T14:38:39.248789Z  INFO herdr::logging: session saved event="persist.save" subsystem="persist" outcome="ok" path=/Users/David.Vigh/.config/herdr/session.json workspaces=5
2026-07-21T14:44:31.371288Z  INFO herdr::logging: workspace focused event="workspace.focus" subsystem="workspace" outcome="ok" workspace_id="w2"
2026-07-21T14:44:31.371367Z  INFO herdr::logging: tab focused event="tab.focus" subsystem="tab" outcome="ok" workspace_id="w2" tab_id="w2:t1"
2026-07-21T14:44:36.378770Z  INFO herdr::logging: session saved event="persist.save" subsystem="persist" outcome="ok" path=/Users/David.Vigh/.config/herdr/session.json workspaces=5
2026-07-21T14:49:16.921333Z  INFO herdr::logging: workspace focused event="workspace.focus" subsystem="workspace" outcome="ok" workspace_id="w1"
2026-07-21T14:49:16.921388Z  INFO herdr::logging: tab focused event="tab.focus" subsystem="tab" outcome="ok" workspace_id="w1" tab_id="w1:t3"
2026-07-21T14:49:21.927635Z  INFO herdr::logging: session saved event="persist.save" subsystem="persist" outcome="ok" path=/Users/David.Vigh/.config/herdr/session.json workspaces=5
2026-07-21T14:52:08.954773Z  INFO herdr::logging: workspace focused event="workspace.focus" subsystem="workspace" outcome="ok" workspace_id="w2"
2026-07-21T14:52:08.954847Z  INFO herdr::logging: tab focused event="tab.focus" subsystem="tab" outcome="ok" workspace_id="w2" tab_id="w2:t1"
2026-07-21T14:52:13.961995Z  INFO herdr::logging: session saved event="persist.save" subsystem="persist" outcome="ok" path=/Users/David.Vigh/.config/herdr/session.json workspaces=5
2026-07-21T15:03:32.910231Z  WARN herdr::detect::manifest_update: skipping unknown remote manifest agent agent="maki"
2026-07-21T15:33:32.950627Z  WARN herdr::detect::manifest_update: skipping unknown remote manifest agent agent="maki"
2026-07-21T15:50:24.538267Z  INFO herdr::logging: workspace focused event="workspace.focus" subsystem="workspace" outcome="ok" workspace_id="w4"
2026-07-21T15:50:24.538403Z  INFO herdr::logging: tab focused event="tab.focus" subsystem="tab" outcome="ok" workspace_id="w4" tab_id="w4:t1"
2026-07-21T15:50:25.600598Z  INFO herdr::logging: workspace focused event="workspace.focus" subsystem="workspace" outcome="ok" workspace_id="w1"
2026-07-21T15:50:25.600692Z  INFO herdr::logging: tab focused event="tab.focus" subsystem="tab" outcome="ok" workspace_id="w1" tab_id="w1:t3"
2026-07-21T15:50:28.032649Z  INFO herdr::logging: tab focused event="tab.focus" subsystem="tab" outcome="ok" workspace_id="w1" tab_id="w1:t4"
2026-07-21T15:50:31.388505Z  INFO herdr::logging: spawning pane terminal event="pane.spawn.start" subsystem="pane" outcome="started" pane_id=17 rows=56 cols=204 scrollback_limit_bytes=10000000
2026-07-21T15:50:31.393763Z  INFO herdr::logging: pane child spawned event="pane.spawned" subsystem="pane" outcome="ok" pane_id=17 pid=1737
2026-07-21T15:50:31.393962Z  INFO herdr::logging: tab focused event="tab.focus" subsystem="tab" outcome="ok" workspace_id="w1" tab_id="w1:t5"
2026-07-21T15:50:36.400700Z  INFO herdr::logging: session saved event="persist.save" subsystem="persist" outcome="ok" path=/Users/David.Vigh/.config/herdr/session.json workspaces=5
2026-07-21T16:03:32.926123Z  WARN herdr::detect::manifest_update: skipping unknown remote manifest agent agent="maki"
2026-07-21T16:10:13.840967Z  INFO herdr::logging: workspace focused event="workspace.focus" subsystem="workspace" outcome="ok" workspace_id="w2"
2026-07-21T16:10:13.841053Z  INFO herdr::logging: tab focused event="tab.focus" subsystem="tab" outcome="ok" workspace_id="w2" tab_id="w2:t1"
2026-07-21T16:10:18.847214Z  INFO herdr::logging: session saved event="persist.save" subsystem="persist" outcome="ok" path=/Users/David.Vigh/.config/herdr/session.json workspaces=5
2026-07-21T16:22:08.293900Z  INFO herdr::logging: tab focused event="tab.focus" subsystem="tab" outcome="ok" workspace_id="w2" tab_id="w2:t2"
2026-07-21T16:22:13.298579Z  INFO herdr::logging: session saved event="persist.save" subsystem="persist" outcome="ok" path=/Users/David.Vigh/.config/herdr/session.json workspaces=5
2026-07-21T16:23:38.510894Z  INFO herdr::logging: tab focused event="tab.focus" subsystem="tab" outcome="ok" workspace_id="w2" tab_id="w2:t1"
2026-07-21T16:23:43.519612Z  INFO herdr::logging: session saved event="persist.save" subsystem="persist" outcome="ok" path=/Users/David.Vigh/.config/herdr/session.json workspaces=5
2026-07-21T16:28:48.453887Z  INFO herdr::logging: workspace focused event="workspace.focus" subsystem="workspace" outcome="ok" workspace_id="w1"
2026-07-21T16:28:48.453990Z  INFO herdr::logging: tab focused event="tab.focus" subsystem="tab" outcome="ok" workspace_id="w1" tab_id="w1:t2"
2026-07-21T16:28:53.458900Z  INFO herdr::logging: session saved event="persist.save" subsystem="persist" outcome="ok" path=/Users/David.Vigh/.config/herdr/session.json workspaces=5
2026-07-21T16:29:22.496193Z  INFO herdr::logging: workspace focused event="workspace.focus" subsystem="workspace" outcome="ok" workspace_id="w2"
2026-07-21T16:29:22.496257Z  INFO herdr::logging: tab focused event="tab.focus" subsystem="tab" outcome="ok" workspace_id="w2" tab_id="w2:t1"
2026-07-21T16:29:27.504134Z  INFO herdr::logging: session saved event="persist.save" subsystem="persist" outcome="ok" path=/Users/David.Vigh/.config/herdr/session.json workspaces=5
2026-07-21T16:29:43.977449Z  INFO herdr::logging: workspace focused event="workspace.focus" subsystem="workspace" outcome="ok" workspace_id="w1"
2026-07-21T16:29:43.977480Z  INFO herdr::logging: tab focused event="tab.focus" subsystem="tab" outcome="ok" workspace_id="w1" tab_id="w1:t2"
2026-07-21T16:29:48.980477Z  INFO herdr::logging: session saved event="persist.save" subsystem="persist" outcome="ok" path=/Users/David.Vigh/.config/herdr/session.json workspaces=5
2026-07-21T16:32:04.662932Z  INFO herdr::logging: tab focused event="tab.focus" subsystem="tab" outcome="ok" workspace_id="w1" tab_id="w1:t4"
2026-07-21T16:32:09.666741Z  INFO herdr::logging: session saved event="persist.save" subsystem="persist" outcome="ok" path=/Users/David.Vigh/.config/herdr/session.json workspaces=5
2026-07-21T16:32:15.729227Z  INFO herdr::logging: tab focused event="tab.focus" subsystem="tab" outcome="ok" workspace_id="w1" tab_id="w1:t5"
2026-07-21T16:32:20.733102Z  INFO herdr::logging: session saved event="persist.save" subsystem="persist" outcome="ok" path=/Users/David.Vigh/.config/herdr/session.json workspaces=5
2026-07-21T16:32:57.402809Z  INFO herdr::pane: agent changed pane=17 previous_agent=None agent=Some(OpenCode) process=opencode pgid=Some(5835)
2026-07-21T16:33:32.879640Z  WARN herdr::detect::manifest_update: skipping unknown remote manifest agent agent="maki"
2026-07-21T16:33:56.553203Z  INFO herdr::pane: agent changed pane=17 previous_agent=None agent=Some(OpenCode) process=opencode pgid=Some(5835)
2026-07-21T16:34:00.185491Z  INFO herdr::logging: tab focused event="tab.focus" subsystem="tab" outcome="ok" workspace_id="w1" tab_id="w1:t2"
2026-07-21T16:34:04.263820Z  INFO herdr::logging: workspace focused event="workspace.focus" subsystem="workspace" outcome="ok" workspace_id="w2"
2026-07-21T16:34:04.263868Z  INFO herdr::logging: tab focused event="tab.focus" subsystem="tab" outcome="ok" workspace_id="w2" tab_id="w2:t1"
2026-07-21T16:34:09.269248Z  INFO herdr::logging: session saved event="persist.save" subsystem="persist" outcome="ok" path=/Users/David.Vigh/.config/herdr/session.json workspaces=5
2026-07-21T16:37:24.407249Z  INFO herdr::logging: workspace focused event="workspace.focus" subsystem="workspace" outcome="ok" workspace_id="w1"
2026-07-21T16:37:24.407351Z  INFO herdr::logging: tab focused event="tab.focus" subsystem="tab" outcome="ok" workspace_id="w1" tab_id="w1:t5"
2026-07-21T16:37:29.414408Z  INFO herdr::logging: session saved event="persist.save" subsystem="persist" outcome="ok" path=/Users/David.Vigh/.config/herdr/session.json workspaces=5
2026-07-21T16:38:36.376818Z  INFO herdr::logging: spawning pane terminal event="pane.spawn.start" subsystem="pane" outcome="started" pane_id=18 rows=56 cols=204 scrollback_limit_bytes=10000000
2026-07-21T16:38:36.385792Z  INFO herdr::logging: pane child spawned event="pane.spawned" subsystem="pane" outcome="ok" pane_id=18 pid=7120
2026-07-21T16:38:36.386200Z  INFO herdr::logging: tab focused event="tab.focus" subsystem="tab" outcome="ok" workspace_id="w1" tab_id="w1:t6"
2026-07-21T16:38:41.395620Z  INFO herdr::logging: session saved event="persist.save" subsystem="persist" outcome="ok" path=/Users/David.Vigh/.config/herdr/session.json workspaces=5
2026-07-21T16:38:54.545681Z  INFO herdr::logging: tab focused event="tab.focus" subsystem="tab" outcome="ok" workspace_id="w1" tab_id="w1:t5"
2026-07-21T16:38:59.552852Z  INFO herdr::logging: session saved event="persist.save" subsystem="persist" outcome="ok" path=/Users/David.Vigh/.config/herdr/session.json workspaces=5
2026-07-21T17:02:55.603618Z  INFO herdr::server::headless: client resize client_id=2 cols=154 rows=43 cell_width_px=0 cell_height_px=0
2026-07-21T17:03:35.171487Z  WARN herdr::detect::manifest_update: skipping unknown remote manifest agent agent="maki"
2026-07-21T17:34:11.687195Z  WARN herdr::detect::manifest_update: skipping unknown remote manifest agent agent="maki"
2026-07-21T17:54:50.547341Z  INFO herdr::server::headless: client resize client_id=2 cols=229 rows=57 cell_width_px=0 cell_height_px=0
2026-07-21T18:01:36.014594Z  INFO herdr::logging: tab focused event="tab.focus" subsystem="tab" outcome="ok" workspace_id="w1" tab_id="w1:t6"
2026-07-21T18:01:41.021344Z  INFO herdr::logging: session saved event="persist.save" subsystem="persist" outcome="ok" path=/Users/David.Vigh/.config/herdr/session.json workspaces=5
2026-07-21T18:01:48.460707Z  INFO herdr::pane: agent changed pane=18 previous_agent=None agent=Some(OpenCode) process=opencode pgid=Some(10898)
2026-07-21T18:02:25.656418Z  INFO herdr::pane: agent changed pane=18 previous_agent=None agent=Some(OpenCode) process=opencode pgid=Some(10898)
2026-07-21T18:02:30.649026Z  INFO herdr::logging: session saved event="persist.save" subsystem="persist" outcome="ok" path=/Users/David.Vigh/.config/herdr/session.json workspaces=5
2026-07-21T18:03:42.772620Z  INFO herdr::pane: agent changed pane=18 previous_agent=Some(OpenCode) agent=None pgid=Some(7120)
2026-07-21T18:03:47.475464Z  INFO herdr::logging: session saved event="persist.save" subsystem="persist" outcome="ok" path=/Users/David.Vigh/.config/herdr/session.json workspaces=5
2026-07-21T18:04:33.073448Z  INFO herdr::logging: workspace focused event="workspace.focus" subsystem="workspace" outcome="ok" workspace_id="w2"
2026-07-21T18:04:33.073542Z  INFO herdr::logging: tab focused event="tab.focus" subsystem="tab" outcome="ok" workspace_id="w2" tab_id="w2:t1"
2026-07-21T18:04:38.079915Z  INFO herdr::logging: session saved event="persist.save" subsystem="persist" outcome="ok" path=/Users/David.Vigh/.config/herdr/session.json workspaces=5
2026-07-21T18:04:53.121401Z  INFO herdr::logging: tab focused event="tab.focus" subsystem="tab" outcome="ok" workspace_id="w2" tab_id="w2:t2"
2026-07-21T18:04:58.127986Z  INFO herdr::logging: session saved event="persist.save" subsystem="persist" outcome="ok" path=/Users/David.Vigh/.config/herdr/session.json workspaces=5
2026-07-21T18:05:07.719458Z  INFO herdr::app::actions: copied selection to clipboard
2026-07-21T18:21:58.573717Z  WARN herdr::detect::manifest_update: skipping unknown remote manifest agent agent="maki"
2026-07-21T18:51:58.609271Z  WARN herdr::detect::manifest_update: skipping unknown remote manifest agent agent="maki"
2026-07-21T19:21:58.536706Z  WARN herdr::detect::manifest_update: skipping unknown remote manifest agent agent="maki"
2026-07-21T19:51:58.540788Z  WARN herdr::detect::manifest_update: skipping unknown remote manifest agent agent="maki"
2026-07-21T19:53:01.038900Z  INFO herdr::logging: tab focused event="tab.focus" subsystem="tab" outcome="ok" workspace_id="w2" tab_id="w2:t1"
2026-07-21T19:53:06.054742Z  INFO herdr::logging: session saved event="persist.save" subsystem="persist" outcome="ok" path=/Users/David.Vigh/.config/herdr/session.json workspaces=5
2026-07-21T19:53:24.189744Z  INFO herdr::pane: agent changed pane=3 previous_agent=Some(Claude) agent=None pgid=Some(76504)
2026-07-21T19:59:00.445789Z  INFO herdr::server::headless: client resize client_id=2 cols=154 rows=43 cell_width_px=0 cell_height_px=0
2026-07-21T19:59:00.751871Z  INFO herdr::server::headless: client resize client_id=2 cols=229 rows=43 cell_width_px=0 cell_height_px=0
2026-07-21T20:23:00.610557Z  INFO herdr::server::headless: client resize client_id=2 cols=229 rows=57 cell_width_px=0 cell_height_px=0
2026-07-21T20:26:40.282717Z  INFO herdr::pane: agent changed pane=3 previous_agent=None agent=Some(OpenCode) process=opencode pgid=Some(17920)
2026-07-21T20:27:25.603544Z  INFO herdr::pane: agent changed pane=3 previous_agent=None agent=Some(OpenCode) process=opencode pgid=Some(17920)
2026-07-21T20:27:30.598496Z  INFO herdr::logging: session saved event="persist.save" subsystem="persist" outcome="ok" path=/Users/David.Vigh/.config/herdr/session.json workspaces=5
2026-07-21T20:29:12.146895Z  WARN herdr::detect::manifest_update: skipping unknown remote manifest agent agent="maki"
2026-07-21T20:34:47.417603Z  INFO herdr::logging: workspace focused event="workspace.focus" subsystem="workspace" outcome="ok" workspace_id="w1"
2026-07-21T20:34:47.417654Z  INFO herdr::logging: tab focused event="tab.focus" subsystem="tab" outcome="ok" workspace_id="w1" tab_id="w1:t6"
2026-07-21T20:34:52.421012Z  INFO herdr::logging: session saved event="persist.save" subsystem="persist" outcome="ok" path=/Users/David.Vigh/.config/herdr/session.json workspaces=5
2026-07-21T20:35:02.701329Z  INFO herdr::pane: agent changed pane=18 previous_agent=None agent=Some(OpenCode) process=opencode pgid=Some(19140)
2026-07-21T20:36:53.517243Z  INFO herdr::pane: agent changed pane=18 previous_agent=None agent=Some(OpenCode) process=opencode pgid=Some(19140)
2026-07-21T20:36:58.508043Z  INFO herdr::logging: session saved event="persist.save" subsystem="persist" outcome="ok" path=/Users/David.Vigh/.config/herdr/session.json workspaces=5
2026-07-21T20:37:01.159572Z  INFO herdr::logging: workspace focused event="workspace.focus" subsystem="workspace" outcome="ok" workspace_id="w2"
2026-07-21T20:37:01.159618Z  INFO herdr::logging: tab focused event="tab.focus" subsystem="tab" outcome="ok" workspace_id="w2" tab_id="w2:t1"
2026-07-21T20:37:06.164319Z  INFO herdr::logging: session saved event="persist.save" subsystem="persist" outcome="ok" path=/Users/David.Vigh/.config/herdr/session.json workspaces=5
2026-07-21T20:56:39.249156Z  INFO herdr::logging: workspace focused event="workspace.focus" subsystem="workspace" outcome="ok" workspace_id="w1"
2026-07-21T20:56:39.252092Z  INFO herdr::logging: tab focused event="tab.focus" subsystem="tab" outcome="ok" workspace_id="w1" tab_id="w1:t6"
2026-07-21T20:56:44.256545Z  INFO herdr::logging: session saved event="persist.save" subsystem="persist" outcome="ok" path=/Users/David.Vigh/.config/herdr/session.json workspaces=5
2026-07-21T20:59:12.236335Z  WARN herdr::detect::manifest_update: skipping unknown remote manifest agent agent="maki"
2026-07-21T21:00:52.882783Z  INFO herdr::logging: workspace focused event="workspace.focus" subsystem="workspace" outcome="ok" workspace_id="w2"
2026-07-21T21:00:52.882850Z  INFO herdr::logging: tab focused event="tab.focus" subsystem="tab" outcome="ok" workspace_id="w2" tab_id="w2:t1"
2026-07-21T21:00:57.891457Z  INFO herdr::logging: session saved event="persist.save" subsystem="persist" outcome="ok" path=/Users/David.Vigh/.config/herdr/session.json workspaces=5
2026-07-21T21:02:41.804341Z  INFO herdr::logging: workspace focused event="workspace.focus" subsystem="workspace" outcome="ok" workspace_id="w1"
2026-07-21T21:02:41.804394Z  INFO herdr::logging: tab focused event="tab.focus" subsystem="tab" outcome="ok" workspace_id="w1" tab_id="w1:t6"
2026-07-21T21:02:46.813017Z  INFO herdr::logging: session saved event="persist.save" subsystem="persist" outcome="ok" path=/Users/David.Vigh/.config/herdr/session.json workspaces=5
2026-07-21T21:03:12.100516Z  INFO herdr::logging: workspace focused event="workspace.focus" subsystem="workspace" outcome="ok" workspace_id="w2"
2026-07-21T21:03:12.100567Z  INFO herdr::logging: tab focused event="tab.focus" subsystem="tab" outcome="ok" workspace_id="w2" tab_id="w2:t1"
2026-07-21T21:03:17.106063Z  INFO herdr::logging: session saved event="persist.save" subsystem="persist" outcome="ok" path=/Users/David.Vigh/.config/herdr/session.json workspaces=5
2026-07-21T21:04:31.455141Z  INFO herdr::logging: workspace focused event="workspace.focus" subsystem="workspace" outcome="ok" workspace_id="w1"
2026-07-21T21:04:31.455188Z  INFO herdr::logging: tab focused event="tab.focus" subsystem="tab" outcome="ok" workspace_id="w1" tab_id="w1:t6"
2026-07-21T21:04:36.344982Z  INFO herdr::logging: workspace focused event="workspace.focus" subsystem="workspace" outcome="ok" workspace_id="w2"
2026-07-21T21:04:36.345017Z  INFO herdr::logging: tab focused event="tab.focus" subsystem="tab" outcome="ok" workspace_id="w2" tab_id="w2:t1"
2026-07-21T21:04:41.350068Z  INFO herdr::logging: session saved event="persist.save" subsystem="persist" outcome="ok" path=/Users/David.Vigh/.config/herdr/session.json workspaces=5
2026-07-21T21:04:49.582383Z  INFO herdr::logging: tab focused event="tab.focus" subsystem="tab" outcome="ok" workspace_id="w2" tab_id="w2:t2"
2026-07-21T21:04:54.586800Z  INFO herdr::logging: session saved event="persist.save" subsystem="persist" outcome="ok" path=/Users/David.Vigh/.config/herdr/session.json workspaces=5
2026-07-21T21:05:06.756933Z  INFO herdr::logging: tab focused event="tab.focus" subsystem="tab" outcome="ok" workspace_id="w2" tab_id="w2:t1"
2026-07-21T21:05:11.764839Z  INFO herdr::logging: session saved event="persist.save" subsystem="persist" outcome="ok" path=/Users/David.Vigh/.config/herdr/session.json workspaces=5
2026-07-21T21:06:44.354016Z  INFO herdr::logging: workspace focused event="workspace.focus" subsystem="workspace" outcome="ok" workspace_id="w1"
2026-07-21T21:06:44.354049Z  INFO herdr::logging: tab focused event="tab.focus" subsystem="tab" outcome="ok" workspace_id="w1" tab_id="w1:t6"
2026-07-21T21:06:48.095979Z  INFO herdr::logging: workspace focused event="workspace.focus" subsystem="workspace" outcome="ok" workspace_id="w2"
2026-07-21T21:06:48.096022Z  INFO herdr::logging: tab focused event="tab.focus" subsystem="tab" outcome="ok" workspace_id="w2" tab_id="w2:t1"
2026-07-21T21:06:53.099998Z  INFO herdr::logging: session saved event="persist.save" subsystem="persist" outcome="ok" path=/Users/David.Vigh/.config/herdr/session.json workspaces=5
2026-07-21T21:07:27.798937Z  INFO herdr::logging: workspace focused event="workspace.focus" subsystem="workspace" outcome="ok" workspace_id="w1"
2026-07-21T21:07:27.798987Z  INFO herdr::logging: tab focused event="tab.focus" subsystem="tab" outcome="ok" workspace_id="w1" tab_id="w1:t5"
2026-07-21T21:07:32.803962Z  INFO herdr::logging: session saved event="persist.save" subsystem="persist" outcome="ok" path=/Users/David.Vigh/.config/herdr/session.json workspaces=5
2026-07-21T21:07:34.644896Z  INFO herdr::logging: tab focused event="tab.focus" subsystem="tab" outcome="ok" workspace_id="w1" tab_id="w1:t4"
2026-07-21T21:07:39.647000Z  INFO herdr::logging: session saved event="persist.save" subsystem="persist" outcome="ok" path=/Users/David.Vigh/.config/herdr/session.json workspaces=5
2026-07-21T21:07:41.644468Z  INFO herdr::logging: tab focused event="tab.focus" subsystem="tab" outcome="ok" workspace_id="w1" tab_id="w1:t3"
2026-07-21T21:07:46.646020Z  INFO herdr::logging: session saved event="persist.save" subsystem="persist" outcome="ok" path=/Users/David.Vigh/.config/herdr/session.json workspaces=5
2026-07-21T21:07:47.924471Z  INFO herdr::pane: agent changed pane=5 previous_agent=Some(Claude) agent=None pgid=Some(86591)
2026-07-21T21:07:56.485591Z  INFO herdr::pane: agent changed pane=5 previous_agent=None agent=Some(OpenCode) process=opencode pgid=Some(21425)
2026-07-21T21:09:06.262346Z  INFO herdr::logging: tab focused event="tab.focus" subsystem="tab" outcome="ok" workspace_id="w1" tab_id="w1:t6"
2026-07-21T21:09:08.318008Z  INFO herdr::logging: tab focused event="tab.focus" subsystem="tab" outcome="ok" workspace_id="w1" tab_id="w1:t5"
2026-07-21T21:09:09.923693Z  INFO herdr::logging: tab focused event="tab.focus" subsystem="tab" outcome="ok" workspace_id="w1" tab_id="w1:t4"
2026-07-21T21:09:14.925686Z  INFO herdr::logging: session saved event="persist.save" subsystem="persist" outcome="ok" path=/Users/David.Vigh/.config/herdr/session.json workspaces=5
2026-07-21T21:09:16.823458Z  INFO herdr::logging: tab focused event="tab.focus" subsystem="tab" outcome="ok" workspace_id="w1" tab_id="w1:t2"
2026-07-21T21:09:17.977141Z  INFO herdr::logging: tab focused event="tab.focus" subsystem="tab" outcome="ok" workspace_id="w1" tab_id="w1:t1"
2026-07-21T21:09:18.292523Z  INFO herdr::logging: tab focused event="tab.focus" subsystem="tab" outcome="ok" workspace_id="w1" tab_id="w1:t2"
2026-07-21T21:09:23.294877Z  INFO herdr::logging: session saved event="persist.save" subsystem="persist" outcome="ok" path=/Users/David.Vigh/.config/herdr/session.json workspaces=5
2026-07-21T21:09:29.365643Z  INFO herdr::pane: agent changed pane=2 previous_agent=Some(OpenCode) agent=None pgid=Some(74631)
2026-07-21T21:09:34.067319Z  INFO herdr::logging: session saved event="persist.save" subsystem="persist" outcome="ok" path=/Users/David.Vigh/.config/herdr/session.json workspaces=5
2026-07-21T21:11:09.037590Z  INFO herdr::logging: tab focused event="tab.focus" subsystem="tab" outcome="ok" workspace_id="w1" tab_id="w1:t3"
2026-07-21T21:11:14.045301Z  INFO herdr::logging: session saved event="persist.save" subsystem="persist" outcome="ok" path=/Users/David.Vigh/.config/herdr/session.json workspaces=5
2026-07-21T21:12:37.688515Z  INFO herdr::pane: agent changed pane=5 previous_agent=None agent=Some(OpenCode) process=opencode pgid=Some(21425)
2026-07-21T21:12:40.235111Z  INFO herdr::logging: tab focused event="tab.focus" subsystem="tab" outcome="ok" workspace_id="w1" tab_id="w1:t6"
2026-07-21T21:12:45.238820Z  INFO herdr::logging: session saved event="persist.save" subsystem="persist" outcome="ok" path=/Users/David.Vigh/.config/herdr/session.json workspaces=5
2026-07-21T21:12:51.333490Z  INFO herdr::logging: workspace focused event="workspace.focus" subsystem="workspace" outcome="ok" workspace_id="w2"
2026-07-21T21:12:51.333531Z  INFO herdr::logging: tab focused event="tab.focus" subsystem="tab" outcome="ok" workspace_id="w2" tab_id="w2:t1"
2026-07-21T21:12:56.335867Z  INFO herdr::logging: session saved event="persist.save" subsystem="persist" outcome="ok" path=/Users/David.Vigh/.config/herdr/session.json workspaces=5
2026-07-21T21:14:34.190032Z  INFO herdr::logging: workspace focused event="workspace.focus" subsystem="workspace" outcome="ok" workspace_id="w1"
2026-07-21T21:14:34.190080Z  INFO herdr::logging: tab focused event="tab.focus" subsystem="tab" outcome="ok" workspace_id="w1" tab_id="w1:t3"
2026-07-21T21:14:39.192523Z  INFO herdr::logging: session saved event="persist.save" subsystem="persist" outcome="ok" path=/Users/David.Vigh/.config/herdr/session.json workspaces=5
2026-07-21T21:14:41.050161Z  INFO herdr::logging: tab focused event="tab.focus" subsystem="tab" outcome="ok" workspace_id="w1" tab_id="w1:t6"
2026-07-21T21:14:46.054147Z  INFO herdr::logging: session saved event="persist.save" subsystem="persist" outcome="ok" path=/Users/David.Vigh/.config/herdr/session.json workspaces=5
2026-07-21T21:18:16.827300Z  INFO herdr::logging: spawning pane terminal event="pane.spawn.start" subsystem="pane" outcome="started" pane_id=19 rows=56 cols=204 scrollback_limit_bytes=10000000
2026-07-21T21:18:16.836051Z  INFO herdr::logging: pane child spawned event="pane.spawned" subsystem="pane" outcome="ok" pane_id=19 pid=24479
2026-07-21T21:18:16.836383Z  INFO herdr::logging: tab renamed event="tab.rename" subsystem="tab" outcome="ok" workspace_id="w1" tab_id="w1:t7"
2026-07-21T21:18:16.836411Z  INFO herdr::logging: tab focused event="tab.focus" subsystem="tab" outcome="ok" workspace_id="w1" tab_id="w1:t7"
2026-07-21T21:18:21.840924Z  INFO herdr::logging: session saved event="persist.save" subsystem="persist" outcome="ok" path=/Users/David.Vigh/.config/herdr/session.json workspaces=5
2026-07-21T21:21:39.632534Z  INFO herdr::logging: tab focused event="tab.focus" subsystem="tab" outcome="ok" workspace_id="w1" tab_id="w1:t3"
2026-07-21T21:21:44.639337Z  INFO herdr::logging: session saved event="persist.save" subsystem="persist" outcome="ok" path=/Users/David.Vigh/.config/herdr/session.json workspaces=5
2026-07-21T21:29:12.245191Z  WARN herdr::detect::manifest_update: skipping unknown remote manifest agent agent="maki"
2026-07-21T21:33:09.646814Z  INFO herdr::pane: agent changed pane=5 previous_agent=Some(OpenCode) agent=None pgid=Some(86591)
2026-07-21T21:33:14.347209Z  INFO herdr::logging: session saved event="persist.save" subsystem="persist" outcome="ok" path=/Users/David.Vigh/.config/herdr/session.json workspaces=5
2026-07-21T21:59:12.259422Z  WARN herdr::detect::manifest_update: skipping unknown remote manifest agent agent="maki"
2026-07-21T22:29:12.301761Z  WARN herdr::detect::manifest_update: skipping unknown remote manifest agent agent="maki"
2026-07-21T22:42:14.265290Z  INFO herdr::pane: agent changed pane=5 previous_agent=None agent=Some(OpenCode) process=opencode pgid=Some(35418)
2026-07-21T22:43:36.264508Z  INFO herdr::pane: agent changed pane=5 previous_agent=None agent=Some(OpenCode) process=opencode pgid=Some(35418)
2026-07-21T22:43:41.255325Z  INFO herdr::logging: session saved event="persist.save" subsystem="persist" outcome="ok" path=/Users/David.Vigh/.config/herdr/session.json workspaces=5
2026-07-21T22:51:58.856169Z  INFO herdr::logging: tab focused event="tab.focus" subsystem="tab" outcome="ok" workspace_id="w1" tab_id="w1:t4"
2026-07-21T22:52:00.592573Z  INFO herdr::logging: tab focused event="tab.focus" subsystem="tab" outcome="ok" workspace_id="w1" tab_id="w1:t2"
2026-07-21T22:52:05.596544Z  INFO herdr::logging: session saved event="persist.save" subsystem="persist" outcome="ok" path=/Users/David.Vigh/.config/herdr/session.json workspaces=5
2026-07-21T22:53:31.967063Z  INFO herdr::logging: tab focused event="tab.focus" subsystem="tab" outcome="ok" workspace_id="w1" tab_id="w1:t3"
2026-07-21T22:53:35.616205Z  INFO herdr::logging: tab focused event="tab.focus" subsystem="tab" outcome="ok" workspace_id="w1" tab_id="w1:t2"
2026-07-21T22:53:40.623421Z  INFO herdr::logging: session saved event="persist.save" subsystem="persist" outcome="ok" path=/Users/David.Vigh/.config/herdr/session.json workspaces=5
2026-07-21T22:54:13.896041Z  INFO herdr::logging: tab focused event="tab.focus" subsystem="tab" outcome="ok" workspace_id="w1" tab_id="w1:t3"
2026-07-21T22:54:18.901226Z  INFO herdr::logging: session saved event="persist.save" subsystem="persist" outcome="ok" path=/Users/David.Vigh/.config/herdr/session.json workspaces=5
2026-07-21T22:55:33.840042Z  INFO herdr::logging: tab focused event="tab.focus" subsystem="tab" outcome="ok" workspace_id="w1" tab_id="w1:t4"
2026-07-21T22:55:34.449992Z  INFO herdr::logging: tab focused event="tab.focus" subsystem="tab" outcome="ok" workspace_id="w1" tab_id="w1:t2"
2026-07-21T22:55:38.992069Z  INFO herdr::logging: tab focused event="tab.focus" subsystem="tab" outcome="ok" workspace_id="w1" tab_id="w1:t3"
2026-07-21T22:55:43.995216Z  INFO herdr::logging: session saved event="persist.save" subsystem="persist" outcome="ok" path=/Users/David.Vigh/.config/herdr/session.json workspaces=5
2026-07-21T22:55:44.019548Z  INFO herdr::logging: tab focused event="tab.focus" subsystem="tab" outcome="ok" workspace_id="w1" tab_id="w1:t2"
2026-07-21T22:55:49.026617Z  INFO herdr::logging: session saved event="persist.save" subsystem="persist" outcome="ok" path=/Users/David.Vigh/.config/herdr/session.json workspaces=5
2026-07-21T22:56:30.580831Z  INFO herdr::logging: tab focused event="tab.focus" subsystem="tab" outcome="ok" workspace_id="w1" tab_id="w1:t3"
2026-07-21T22:56:35.585599Z  INFO herdr::logging: session saved event="persist.save" subsystem="persist" outcome="ok" path=/Users/David.Vigh/.config/herdr/session.json workspaces=5
2026-07-21T22:59:11.957603Z  INFO herdr::logging: tab focused event="tab.focus" subsystem="tab" outcome="ok" workspace_id="w1" tab_id="w1:t2"
2026-07-21T22:59:12.217144Z  WARN herdr::detect::manifest_update: skipping unknown remote manifest agent agent="maki"
2026-07-21T22:59:16.965678Z  INFO herdr::logging: session saved event="persist.save" subsystem="persist" outcome="ok" path=/Users/David.Vigh/.config/herdr/session.json workspaces=5
2026-07-21T22:59:26.396226Z  INFO herdr::logging: tab focused event="tab.focus" subsystem="tab" outcome="ok" workspace_id="w1" tab_id="w1:t3"
2026-07-21T22:59:31.400967Z  INFO herdr::logging: session saved event="persist.save" subsystem="persist" outcome="ok" path=/Users/David.Vigh/.config/herdr/session.json workspaces=5
2026-07-21T22:59:46.273790Z  INFO herdr::logging: tab focused event="tab.focus" subsystem="tab" outcome="ok" workspace_id="w1" tab_id="w1:t7"
2026-07-21T22:59:51.279694Z  INFO herdr::logging: session saved event="persist.save" subsystem="persist" outcome="ok" path=/Users/David.Vigh/.config/herdr/session.json workspaces=5
2026-07-21T22:59:59.592230Z  INFO herdr::logging: tab focused event="tab.focus" subsystem="tab" outcome="ok" workspace_id="w1" tab_id="w1:t3"
2026-07-21T23:00:04.594646Z  INFO herdr::logging: session saved event="persist.save" subsystem="persist" outcome="ok" path=/Users/David.Vigh/.config/herdr/session.json workspaces=5
2026-07-21T23:08:51.499933Z  INFO herdr::logging: tab focused event="tab.focus" subsystem="tab" outcome="ok" workspace_id="w1" tab_id="w1:t2"
2026-07-21T23:08:51.625405Z  INFO herdr::logging: tab focused event="tab.focus" subsystem="tab" outcome="ok" workspace_id="w1" tab_id="w1:t2"
2026-07-21T23:08:56.630286Z  INFO herdr::logging: session saved event="persist.save" subsystem="persist" outcome="ok" path=/Users/David.Vigh/.config/herdr/session.json workspaces=5
2026-07-21T23:09:28.248600Z  INFO herdr::app::actions: copied selection to clipboard
2026-07-21T23:09:53.420165Z  INFO herdr::logging: tab focused event="tab.focus" subsystem="tab" outcome="ok" workspace_id="w1" tab_id="w1:t3"
2026-07-21T23:09:58.428043Z  INFO herdr::logging: session saved event="persist.save" subsystem="persist" outcome="ok" path=/Users/David.Vigh/.config/herdr/session.json workspaces=5
2026-07-21T23:10:10.577513Z  INFO herdr::logging: tab focused event="tab.focus" subsystem="tab" outcome="ok" workspace_id="w1" tab_id="w1:t4"
2026-07-21T23:10:15.584199Z  INFO herdr::logging: session saved event="persist.save" subsystem="persist" outcome="ok" path=/Users/David.Vigh/.config/herdr/session.json workspaces=5
2026-07-21T23:10:19.844123Z  INFO herdr::pane: agent changed pane=6 previous_agent=Some(OpenCode) agent=None pgid=Some(91388)
2026-07-21T23:10:24.546163Z  INFO herdr::logging: session saved event="persist.save" subsystem="persist" outcome="ok" path=/Users/David.Vigh/.config/herdr/session.json workspaces=5
2026-07-21T23:10:56.280627Z  INFO herdr::logging: tab focused event="tab.focus" subsystem="tab" outcome="ok" workspace_id="w1" tab_id="w1:t2"
2026-07-21T23:10:58.726585Z  INFO herdr::logging: tab focused event="tab.focus" subsystem="tab" outcome="ok" workspace_id="w1" tab_id="w1:t3"
2026-07-21T23:11:03.733197Z  INFO herdr::logging: session saved event="persist.save" subsystem="persist" outcome="ok" path=/Users/David.Vigh/.config/herdr/session.json workspaces=5
2026-07-21T23:11:53.283113Z  INFO herdr::logging: tab focused event="tab.focus" subsystem="tab" outcome="ok" workspace_id="w1" tab_id="w1:t2"
2026-07-21T23:11:58.285027Z  INFO herdr::logging: session saved event="persist.save" subsystem="persist" outcome="ok" path=/Users/David.Vigh/.config/herdr/session.json workspaces=5
2026-07-21T23:12:44.552555Z  INFO herdr::logging: tab focused event="tab.focus" subsystem="tab" outcome="ok" workspace_id="w1" tab_id="w1:t3"
2026-07-21T23:12:49.558885Z  INFO herdr::logging: session saved event="persist.save" subsystem="persist" outcome="ok" path=/Users/David.Vigh/.config/herdr/session.json workspaces=5
2026-07-21T23:15:38.989539Z  INFO herdr::logging: tab focused event="tab.focus" subsystem="tab" outcome="ok" workspace_id="w1" tab_id="w1:t2"
2026-07-21T23:15:43.995263Z  INFO herdr::logging: session saved event="persist.save" subsystem="persist" outcome="ok" path=/Users/David.Vigh/.config/herdr/session.json workspaces=5
2026-07-21T23:16:00.618266Z  INFO herdr::app::actions: copied selection to clipboard
2026-07-21T23:16:02.729947Z  INFO herdr::logging: tab focused event="tab.focus" subsystem="tab" outcome="ok" workspace_id="w1" tab_id="w1:t3"
2026-07-21T23:16:07.732920Z  INFO herdr::logging: session saved event="persist.save" subsystem="persist" outcome="ok" path=/Users/David.Vigh/.config/herdr/session.json workspaces=5
2026-07-21T23:17:25.570806Z  INFO herdr::logging: workspace focused event="workspace.focus" subsystem="workspace" outcome="ok" workspace_id="w5"
2026-07-21T23:17:25.570851Z  INFO herdr::logging: tab focused event="tab.focus" subsystem="tab" outcome="ok" workspace_id="w5" tab_id="w5:t5"
2026-07-21T23:17:30.577426Z  INFO herdr::logging: session saved event="persist.save" subsystem="persist" outcome="ok" path=/Users/David.Vigh/.config/herdr/session.json workspaces=5
2026-07-21T23:17:35.551322Z  INFO herdr::pane: agent changed pane=15 previous_agent=Some(OpenCode) agent=None pgid=Some(6254)
2026-07-21T23:17:40.254349Z  INFO herdr::logging: session saved event="persist.save" subsystem="persist" outcome="ok" path=/Users/David.Vigh/.config/herdr/session.json workspaces=5
2026-07-21T23:17:44.114579Z  INFO herdr::pane: agent changed pane=15 previous_agent=None agent=Some(OpenCode) process=opencode pgid=Some(43311)
2026-07-21T23:19:32.522233Z  INFO herdr::pane: agent changed pane=15 previous_agent=None agent=Some(OpenCode) process=opencode pgid=Some(43311)
2026-07-21T23:19:34.765063Z  INFO herdr::logging: workspace focused event="workspace.focus" subsystem="workspace" outcome="ok" workspace_id="w1"
2026-07-21T23:19:34.765089Z  INFO herdr::logging: tab focused event="tab.focus" subsystem="tab" outcome="ok" workspace_id="w1" tab_id="w1:t3"
2026-07-21T23:19:39.769719Z  INFO herdr::logging: session saved event="persist.save" subsystem="persist" outcome="ok" path=/Users/David.Vigh/.config/herdr/session.json workspaces=5
2026-07-21T23:19:41.505520Z  INFO herdr::logging: tab focused event="tab.focus" subsystem="tab" outcome="ok" workspace_id="w1" tab_id="w1:t2"
2026-07-21T23:19:46.510533Z  INFO herdr::logging: session saved event="persist.save" subsystem="persist" outcome="ok" path=/Users/David.Vigh/.config/herdr/session.json workspaces=5
2026-07-21T23:24:09.639832Z  INFO herdr::app::actions: copied selection to clipboard
2026-07-21T23:24:11.756833Z  INFO herdr::logging: tab focused event="tab.focus" subsystem="tab" outcome="ok" workspace_id="w1" tab_id="w1:t3"
2026-07-21T23:24:16.765266Z  INFO herdr::logging: session saved event="persist.save" subsystem="persist" outcome="ok" path=/Users/David.Vigh/.config/herdr/session.json workspaces=5
2026-07-21T23:24:42.890556Z  INFO herdr::logging: tab focused event="tab.focus" subsystem="tab" outcome="ok" workspace_id="w1" tab_id="w1:t2"
2026-07-21T23:24:47.893113Z  INFO herdr::logging: session saved event="persist.save" subsystem="persist" outcome="ok" path=/Users/David.Vigh/.config/herdr/session.json workspaces=5
2026-07-21T23:25:28.184612Z  INFO herdr::logging: tab focused event="tab.focus" subsystem="tab" outcome="ok" workspace_id="w1" tab_id="w1:t3"
2026-07-21T23:25:33.189200Z  INFO herdr::logging: session saved event="persist.save" subsystem="persist" outcome="ok" path=/Users/David.Vigh/.config/herdr/session.json workspaces=5
2026-07-21T23:28:28.358684Z  INFO herdr::logging: tab focused event="tab.focus" subsystem="tab" outcome="ok" workspace_id="w1" tab_id="w1:t2"
2026-07-21T23:28:33.363387Z  INFO herdr::logging: session saved event="persist.save" subsystem="persist" outcome="ok" path=/Users/David.Vigh/.config/herdr/session.json workspaces=5
2026-07-21T23:28:57.475420Z  INFO herdr::logging: tab focused event="tab.focus" subsystem="tab" outcome="ok" workspace_id="w1" tab_id="w1:t3"
2026-07-21T23:28:57.585026Z  INFO herdr::logging: tab focused event="tab.focus" subsystem="tab" outcome="ok" workspace_id="w1" tab_id="w1:t3"
2026-07-21T23:29:02.591088Z  INFO herdr::logging: session saved event="persist.save" subsystem="persist" outcome="ok" path=/Users/David.Vigh/.config/herdr/session.json workspaces=5
2026-07-21T23:29:12.247760Z  WARN herdr::detect::manifest_update: skipping unknown remote manifest agent agent="maki"
2026-07-21T23:31:22.608072Z  INFO herdr::logging: tab focused event="tab.focus" subsystem="tab" outcome="ok" workspace_id="w1" tab_id="w1:t2"
2026-07-21T23:31:22.723341Z  INFO herdr::logging: tab focused event="tab.focus" subsystem="tab" outcome="ok" workspace_id="w1" tab_id="w1:t2"
2026-07-21T23:31:27.730429Z  INFO herdr::logging: session saved event="persist.save" subsystem="persist" outcome="ok" path=/Users/David.Vigh/.config/herdr/session.json workspaces=5
2026-07-21T23:32:38.773716Z  INFO herdr::logging: tab focused event="tab.focus" subsystem="tab" outcome="ok" workspace_id="w1" tab_id="w1:t3"
2026-07-21T23:32:40.873790Z  INFO herdr::logging: tab focused event="tab.focus" subsystem="tab" outcome="ok" workspace_id="w1" tab_id="w1:t4"
2026-07-21T23:32:45.879190Z  INFO herdr::logging: session saved event="persist.save" subsystem="persist" outcome="ok" path=/Users/David.Vigh/.config/herdr/session.json workspaces=5
2026-07-21T23:33:21.387863Z  INFO herdr::logging: tab focused event="tab.focus" subsystem="tab" outcome="ok" workspace_id="w1" tab_id="w1:t3"
2026-07-21T23:33:22.137960Z  INFO herdr::logging: tab focused event="tab.focus" subsystem="tab" outcome="ok" workspace_id="w1" tab_id="w1:t2"
2026-07-21T23:33:27.142364Z  INFO herdr::logging: session saved event="persist.save" subsystem="persist" outcome="ok" path=/Users/David.Vigh/.config/herdr/session.json workspaces=5
2026-07-21T23:33:27.419561Z  INFO herdr::logging: tab focused event="tab.focus" subsystem="tab" outcome="ok" workspace_id="w1" tab_id="w1:t3"
2026-07-21T23:33:32.424341Z  INFO herdr::logging: session saved event="persist.save" subsystem="persist" outcome="ok" path=/Users/David.Vigh/.config/herdr/session.json workspaces=5
2026-07-21T23:49:36.533623Z  INFO herdr::logging: tab focused event="tab.focus" subsystem="tab" outcome="ok" workspace_id="w1" tab_id="w1:t2"
2026-07-21T23:49:41.536253Z  INFO herdr::logging: session saved event="persist.save" subsystem="persist" outcome="ok" path=/Users/David.Vigh/.config/herdr/session.json workspaces=5
2026-07-21T23:50:45.304074Z  INFO herdr::app::actions: copied selection to clipboard
2026-07-21T23:50:52.553702Z  INFO herdr::app::actions: copied selection to clipboard
2026-07-21T23:50:54.022421Z  INFO herdr::logging: tab focused event="tab.focus" subsystem="tab" outcome="ok" workspace_id="w1" tab_id="w1:t3"
2026-07-21T23:50:56.261960Z  INFO herdr::logging: tab focused event="tab.focus" subsystem="tab" outcome="ok" workspace_id="w1" tab_id="w1:t4"
2026-07-21T23:51:00.383077Z  INFO herdr::pane: agent changed pane=6 previous_agent=None agent=Some(OpenCode) process=opencode pgid=Some(50146)
2026-07-21T23:51:01.266549Z  INFO herdr::logging: session saved event="persist.save" subsystem="persist" outcome="ok" path=/Users/David.Vigh/.config/herdr/session.json workspaces=5
2026-07-21T23:51:03.118474Z  INFO herdr::pane: agent changed pane=6 previous_agent=Some(OpenCode) agent=None pgid=Some(91388)
2026-07-21T23:51:13.697599Z  INFO herdr::pane: agent changed pane=6 previous_agent=None agent=Some(OpenCode) process=opencode pgid=Some(50502)
2026-07-21T23:51:38.067368Z  INFO herdr::pane: agent changed pane=6 previous_agent=None agent=Some(OpenCode) process=opencode pgid=Some(50502)
2026-07-21T23:51:43.067799Z  INFO herdr::logging: session saved event="persist.save" subsystem="persist" outcome="ok" path=/Users/David.Vigh/.config/herdr/session.json workspaces=5
2026-07-21T23:51:48.727932Z  INFO herdr::logging: tab focused event="tab.focus" subsystem="tab" outcome="ok" workspace_id="w1" tab_id="w1:t5"
2026-07-21T23:51:50.085993Z  INFO herdr::logging: tab focused event="tab.focus" subsystem="tab" outcome="ok" workspace_id="w1" tab_id="w1:t6"
2026-07-21T23:51:51.242866Z  INFO herdr::logging: tab focused event="tab.focus" subsystem="tab" outcome="ok" workspace_id="w1" tab_id="w1:t7"
2026-07-21T23:51:56.249486Z  INFO herdr::logging: session saved event="persist.save" subsystem="persist" outcome="ok" path=/Users/David.Vigh/.config/herdr/session.json workspaces=5
2026-07-21T23:52:26.251687Z  INFO herdr::logging: tab focused event="tab.focus" subsystem="tab" outcome="ok" workspace_id="w1" tab_id="w1:t3"
2026-07-21T23:52:28.689711Z  INFO herdr::logging: tab focused event="tab.focus" subsystem="tab" outcome="ok" workspace_id="w1" tab_id="w1:t4"
2026-07-21T23:52:32.807872Z  INFO herdr::logging: tab focused event="tab.focus" subsystem="tab" outcome="ok" workspace_id="w1" tab_id="w1:t3"
2026-07-21T23:52:33.391855Z  INFO herdr::logging: tab focused event="tab.focus" subsystem="tab" outcome="ok" workspace_id="w1" tab_id="w1:t2"
2026-07-21T23:52:38.395914Z  INFO herdr::logging: session saved event="persist.save" subsystem="persist" outcome="ok" path=/Users/David.Vigh/.config/herdr/session.json workspaces=5
2026-07-21T23:52:49.975884Z  INFO herdr::logging: tab focused event="tab.focus" subsystem="tab" outcome="ok" workspace_id="w1" tab_id="w1:t3"
2026-07-21T23:52:54.099925Z  INFO herdr::logging: tab focused event="tab.focus" subsystem="tab" outcome="ok" workspace_id="w1" tab_id="w1:t4"
2026-07-21T23:52:59.106094Z  INFO herdr::logging: session saved event="persist.save" subsystem="persist" outcome="ok" path=/Users/David.Vigh/.config/herdr/session.json workspaces=5
2026-07-21T23:56:33.244093Z  INFO herdr::logging: tab focused event="tab.focus" subsystem="tab" outcome="ok" workspace_id="w1" tab_id="w1:t3"
2026-07-21T23:56:34.236180Z  INFO herdr::logging: tab focused event="tab.focus" subsystem="tab" outcome="ok" workspace_id="w1" tab_id="w1:t2"
2026-07-21T23:56:39.239800Z  INFO herdr::logging: session saved event="persist.save" subsystem="persist" outcome="ok" path=/Users/David.Vigh/.config/herdr/session.json workspaces=5
2026-07-21T23:57:16.039558Z  INFO herdr::logging: tab focused event="tab.focus" subsystem="tab" outcome="ok" workspace_id="w1" tab_id="w1:t4"
2026-07-21T23:57:16.124474Z  INFO herdr::logging: tab focused event="tab.focus" subsystem="tab" outcome="ok" workspace_id="w1" tab_id="w1:t4"
2026-07-21T23:57:21.127972Z  INFO herdr::logging: session saved event="persist.save" subsystem="persist" outcome="ok" path=/Users/David.Vigh/.config/herdr/session.json workspaces=5
2026-07-21T23:58:04.159735Z  INFO herdr::logging: tab focused event="tab.focus" subsystem="tab" outcome="ok" workspace_id="w1" tab_id="w1:t6"
2026-07-21T23:58:05.417531Z  INFO herdr::logging: tab focused event="tab.focus" subsystem="tab" outcome="ok" workspace_id="w1" tab_id="w1:t7"
2026-07-21T23:58:10.420096Z  INFO herdr::logging: session saved event="persist.save" subsystem="persist" outcome="ok" path=/Users/David.Vigh/.config/herdr/session.json workspaces=5
2026-07-22T00:04:21.894469Z  WARN herdr::detect::manifest_update: skipping unknown remote manifest agent agent="maki"
2026-07-22T13:49:38.478850Z  WARN herdr::detect::manifest_update: agent detection manifest update failed: failed to fetch https://herdr.dev/agent-detection/index.toml
2026-07-22T14:35:49.670708Z  INFO herdr::server::headless: client resize client_id=2 cols=174 rows=42 cell_width_px=0 cell_height_px=0
2026-07-22T14:35:50.505579Z  INFO herdr::server::headless: client resize client_id=2 cols=229 rows=57 cell_width_px=0 cell_height_px=0
2026-07-22T14:37:26.065643Z  INFO herdr::server::headless: client resize client_id=2 cols=174 rows=42 cell_width_px=0 cell_height_px=0
2026-07-22T14:37:26.913943Z  INFO herdr::server::headless: client resize client_id=2 cols=229 rows=57 cell_width_px=0 cell_height_px=0
2026-07-22T15:02:43.743474Z  WARN herdr::detect::manifest_update: skipping unknown remote manifest agent agent="maki"
2026-07-22T15:32:43.790209Z  WARN herdr::detect::manifest_update: skipping unknown remote manifest agent agent="maki"
2026-07-22T16:02:43.822410Z  WARN herdr::detect::manifest_update: skipping unknown remote manifest agent agent="maki"
2026-07-22T16:32:43.843920Z  WARN herdr::detect::manifest_update: skipping unknown remote manifest agent agent="maki"
2026-07-22T17:02:43.810985Z  WARN herdr::detect::manifest_update: skipping unknown remote manifest agent agent="maki"
2026-07-22T17:02:56.046637Z  INFO herdr::logging: workspace focused event="workspace.focus" subsystem="workspace" outcome="ok" workspace_id="w2"
2026-07-22T17:02:56.046700Z  INFO herdr::logging: tab focused event="tab.focus" subsystem="tab" outcome="ok" workspace_id="w2" tab_id="w2:t1"
2026-07-22T17:03:01.050573Z  INFO herdr::logging: session saved event="persist.save" subsystem="persist" outcome="ok" path=/Users/David.Vigh/.config/herdr/session.json workspaces=5
2026-07-22T17:03:01.535926Z  INFO herdr::logging: tab focused event="tab.focus" subsystem="tab" outcome="ok" workspace_id="w2" tab_id="w2:t2"
2026-07-22T17:03:06.541921Z  INFO herdr::logging: session saved event="persist.save" subsystem="persist" outcome="ok" path=/Users/David.Vigh/.config/herdr/session.json workspaces=5
2026-07-22T17:03:17.983552Z  INFO herdr::logging: tab focused event="tab.focus" subsystem="tab" outcome="ok" workspace_id="w2" tab_id="w2:t1"
2026-07-22T17:03:22.985958Z  INFO herdr::logging: session saved event="persist.save" subsystem="persist" outcome="ok" path=/Users/David.Vigh/.config/herdr/session.json workspaces=5
2026-07-22T17:32:43.793074Z  WARN herdr::detect::manifest_update: skipping unknown remote manifest agent agent="maki"
2026-07-22T17:49:04.018929Z  INFO herdr::server::headless: client resize client_id=2 cols=156 rows=43 cell_width_px=0 cell_height_px=0
2026-07-22T18:04:22.658906Z  WARN herdr::detect::manifest_update: skipping unknown remote manifest agent agent="maki"
2026-07-22T18:12:46.920341Z  INFO herdr::server::headless: client resize client_id=2 cols=154 rows=43 cell_width_px=0 cell_height_px=0
2026-07-22T18:34:22.647547Z  WARN herdr::detect::manifest_update: skipping unknown remote manifest agent agent="maki"
2026-07-22T19:04:22.602910Z  WARN herdr::detect::manifest_update: skipping unknown remote manifest agent agent="maki"
2026-07-22T19:20:51.616433Z  INFO herdr::server::headless: client resize client_id=2 cols=229 rows=57 cell_width_px=0 cell_height_px=0
2026-07-22T19:34:24.259408Z  WARN herdr::detect::manifest_update: skipping unknown remote manifest agent agent="maki"
2026-07-22T20:04:24.303980Z  WARN herdr::detect::manifest_update: skipping unknown remote manifest agent agent="maki"
2026-07-22T20:34:24.340209Z  WARN herdr::detect::manifest_update: skipping unknown remote manifest agent agent="maki"
2026-07-22T21:04:24.303201Z  WARN herdr::detect::manifest_update: skipping unknown remote manifest agent agent="maki"
2026-07-22T21:17:49.844831Z  INFO herdr::server::headless: client resize client_id=2 cols=154 rows=43 cell_width_px=0 cell_height_px=0
2026-07-22T21:19:52.573540Z  INFO herdr::server::headless: client resize client_id=2 cols=229 rows=43 cell_width_px=0 cell_height_px=0
2026-07-22T21:19:52.673614Z  INFO herdr::server::headless: client resize client_id=2 cols=229 rows=57 cell_width_px=0 cell_height_px=0
2026-07-22T21:26:06.284058Z  INFO herdr::server::headless: client resize client_id=2 cols=232 rows=57 cell_width_px=0 cell_height_px=0
2026-07-22T21:26:19.024449Z  INFO herdr::logging: spawning pane terminal event="pane.spawn.start" subsystem="pane" outcome="started" pane_id=20 rows=56 cols=207 scrollback_limit_bytes=10000000
2026-07-22T21:26:19.029574Z  INFO herdr::logging: pane child spawned event="pane.spawned" subsystem="pane" outcome="ok" pane_id=20 pid=31608
2026-07-22T21:26:19.029759Z  INFO herdr::logging: tab renamed event="tab.rename" subsystem="tab" outcome="ok" workspace_id="w2" tab_id="w2:t3"
2026-07-22T21:26:19.029777Z  INFO herdr::logging: tab focused event="tab.focus" subsystem="tab" outcome="ok" workspace_id="w2" tab_id="w2:t3"
2026-07-22T21:26:24.036616Z  INFO herdr::logging: session saved event="persist.save" subsystem="persist" outcome="ok" path=/Users/David.Vigh/.config/herdr/session.json workspaces=5
2026-07-22T21:29:05.919149Z  INFO herdr::app::actions: copied selection to clipboard
2026-07-22T21:30:30.305999Z  INFO herdr::logging: spawning pane terminal event="pane.spawn.start" subsystem="pane" outcome="started" pane_id=21 rows=56 cols=207 scrollback_limit_bytes=10000000
2026-07-22T21:30:30.310359Z  INFO herdr::logging: pane child spawned event="pane.spawned" subsystem="pane" outcome="ok" pane_id=21 pid=31962
2026-07-22T21:30:30.310546Z  INFO herdr::logging: tab renamed event="tab.rename" subsystem="tab" outcome="ok" workspace_id="w2" tab_id="w2:t4"
2026-07-22T21:30:30.310565Z  INFO herdr::logging: tab focused event="tab.focus" subsystem="tab" outcome="ok" workspace_id="w2" tab_id="w2:t4"
2026-07-22T21:30:35.315725Z  INFO herdr::logging: session saved event="persist.save" subsystem="persist" outcome="ok" path=/Users/David.Vigh/.config/herdr/session.json workspaces=5
2026-07-22T21:32:12.263695Z  INFO herdr::app::actions: copied selection to clipboard
2026-07-22T21:32:40.515694Z  INFO herdr::app::actions: copied selection to clipboard
2026-07-22T21:34:24.345182Z  WARN herdr::detect::manifest_update: skipping unknown remote manifest agent agent="maki"
2026-07-22T21:36:06.167682Z  INFO herdr::app::actions: copied selection to clipboard
2026-07-22T21:37:06.055184Z  INFO herdr::logging: tab focused event="tab.focus" subsystem="tab" outcome="ok" workspace_id="w2" tab_id="w2:t3"
2026-07-22T21:37:11.058731Z  INFO herdr::logging: session saved event="persist.save" subsystem="persist" outcome="ok" path=/Users/David.Vigh/.config/herdr/session.json workspaces=5
2026-07-22T21:44:51.583051Z  INFO herdr::logging: workspace focused event="workspace.focus" subsystem="workspace" outcome="ok" workspace_id="w4"
2026-07-22T21:44:51.583132Z  INFO herdr::logging: tab focused event="tab.focus" subsystem="tab" outcome="ok" workspace_id="w4" tab_id="w4:t1"
2026-07-22T21:44:54.627922Z  INFO herdr::logging: workspace focused event="workspace.focus" subsystem="workspace" outcome="ok" workspace_id="w1"
2026-07-22T21:44:54.627979Z  INFO herdr::logging: tab focused event="tab.focus" subsystem="tab" outcome="ok" workspace_id="w1" tab_id="w1:t7"
2026-07-22T21:44:59.635792Z  INFO herdr::logging: session saved event="persist.save" subsystem="persist" outcome="ok" path=/Users/David.Vigh/.config/herdr/session.json workspaces=5
2026-07-22T21:45:05.877830Z  INFO herdr::logging: workspace focused event="workspace.focus" subsystem="workspace" outcome="ok" workspace_id="w2"
2026-07-22T21:45:05.877954Z  INFO herdr::logging: tab focused event="tab.focus" subsystem="tab" outcome="ok" workspace_id="w2" tab_id="w2:t3"
2026-07-22T21:45:07.422750Z  INFO herdr::logging: workspace focused event="workspace.focus" subsystem="workspace" outcome="ok" workspace_id="w4"
2026-07-22T21:45:07.422814Z  INFO herdr::logging: tab focused event="tab.focus" subsystem="tab" outcome="ok" workspace_id="w4" tab_id="w4:t1"
2026-07-22T21:45:08.067341Z  INFO herdr::logging: workspace focused event="workspace.focus" subsystem="workspace" outcome="ok" workspace_id="w2"
2026-07-22T21:45:08.067400Z  INFO herdr::logging: tab focused event="tab.focus" subsystem="tab" outcome="ok" workspace_id="w2" tab_id="w2:t3"
2026-07-22T21:45:09.680996Z  INFO herdr::logging: workspace focused event="workspace.focus" subsystem="workspace" outcome="ok" workspace_id="w4"
2026-07-22T21:45:09.681081Z  INFO herdr::logging: tab focused event="tab.focus" subsystem="tab" outcome="ok" workspace_id="w4" tab_id="w4:t1"
2026-07-22T21:45:10.596336Z  INFO herdr::logging: workspace focused event="workspace.focus" subsystem="workspace" outcome="ok" workspace_id="w5"
2026-07-22T21:45:10.596429Z  INFO herdr::logging: tab focused event="tab.focus" subsystem="tab" outcome="ok" workspace_id="w5" tab_id="w5:t5"
2026-07-22T21:45:11.435599Z  INFO herdr::logging: workspace focused event="workspace.focus" subsystem="workspace" outcome="ok" workspace_id="w4"
2026-07-22T21:45:11.435684Z  INFO herdr::logging: tab focused event="tab.focus" subsystem="tab" outcome="ok" workspace_id="w4" tab_id="w4:t1"
2026-07-22T21:45:14.958122Z  INFO herdr::pane: agent changed pane=7 previous_agent=Some(OpenCode) agent=None pgid=Some(93147)
2026-07-22T21:45:19.658507Z  INFO herdr::logging: session saved event="persist.save" subsystem="persist" outcome="ok" path=/Users/David.Vigh/.config/herdr/session.json workspaces=5
2026-07-22T21:45:29.583422Z  INFO herdr::pane: agent changed pane=7 previous_agent=None agent=Some(OpenCode) process=opencode pgid=Some(33785)
2026-07-22T21:46:06.223862Z  INFO herdr::pane: agent changed pane=7 previous_agent=None agent=Some(OpenCode) process=opencode pgid=Some(33785)
2026-07-22T21:46:11.220289Z  INFO herdr::logging: session saved event="persist.save" subsystem="persist" outcome="ok" path=/Users/David.Vigh/.config/herdr/session.json workspaces=5
2026-07-22T22:04:24.357737Z  WARN herdr::detect::manifest_update: skipping unknown remote manifest agent agent="maki"
2026-07-22T22:34:24.386749Z  WARN herdr::detect::manifest_update: skipping unknown remote manifest agent agent="maki"
2026-07-22T23:04:24.339327Z  WARN herdr::detect::manifest_update: skipping unknown remote manifest agent agent="maki"
2026-07-22T23:20:44.368151Z  INFO herdr::pane: agent changed pane=7 previous_agent=Some(OpenCode) agent=None pgid=Some(93147)
2026-07-22T23:20:49.072195Z  INFO herdr::logging: session saved event="persist.save" subsystem="persist" outcome="ok" path=/Users/David.Vigh/.config/herdr/session.json workspaces=5
2026-07-22T23:24:26.022744Z  INFO herdr::pane: agent changed pane=7 previous_agent=None agent=Some(OpenCode) process=opencode pgid=Some(44537)
2026-07-22T23:24:48.803932Z  INFO herdr::pane: agent changed pane=7 previous_agent=None agent=Some(OpenCode) process=opencode pgid=Some(44537)
2026-07-22T23:24:53.787431Z  INFO herdr::logging: session saved event="persist.save" subsystem="persist" outcome="ok" path=/Users/David.Vigh/.config/herdr/session.json workspaces=5
2026-07-22T23:34:24.313883Z  WARN herdr::detect::manifest_update: skipping unknown remote manifest agent agent="maki"
2026-07-22T23:50:55.500813Z  INFO herdr::pane: agent changed pane=7 previous_agent=Some(OpenCode) agent=None pgid=Some(93147)
2026-07-22T23:51:00.199287Z  INFO herdr::logging: session saved event="persist.save" subsystem="persist" outcome="ok" path=/Users/David.Vigh/.config/herdr/session.json workspaces=5
2026-07-22T23:51:30.783645Z  INFO herdr::pane: agent changed pane=7 previous_agent=None agent=Some(Claude) process=claude pgid=Some(49312)
2026-07-23T00:04:24.393868Z  WARN herdr::detect::manifest_update: skipping unknown remote manifest agent agent="maki"
2026-07-23T01:29:45.674632Z  WARN herdr::detect::manifest_update: agent detection manifest update failed: failed to fetch https://herdr.dev/agent-detection/index.toml
2026-07-23T12:39:05.070818Z  WARN herdr::detect::manifest_update: agent detection manifest update failed: failed to fetch https://herdr.dev/agent-detection/index.toml
2026-07-23T15:26:13.801308Z  WARN herdr::detect::manifest_update: agent detection manifest update failed: failed to fetch https://herdr.dev/agent-detection/index.toml
2026-07-23T17:36:29.673305Z  WARN herdr::detect::manifest_update: agent detection manifest update failed: failed to fetch https://herdr.dev/agent-detection/index.toml
2026-07-23T18:31:15.871633Z  WARN herdr::detect::manifest_update: agent detection manifest update failed: failed to fetch https://herdr.dev/agent-detection/index.toml
2026-07-23T21:29:41.604200Z  INFO herdr::server::headless: client resize client_id=2 cols=232 rows=43 cell_width_px=0 cell_height_px=0
2026-07-23T21:29:42.121560Z  INFO herdr::server::headless: client resize client_id=2 cols=154 rows=43 cell_width_px=0 cell_height_px=0
2026-07-23T21:30:15.641296Z  INFO herdr::server::headless: client resize client_id=2 cols=229 rows=68 cell_width_px=0 cell_height_px=0
2026-07-23T21:32:46.644497Z  INFO herdr::server::headless: client resize client_id=2 cols=232 rows=68 cell_width_px=0 cell_height_px=0
2026-07-23T21:32:56.305272Z  INFO herdr::logging: workspace focused event="workspace.focus" subsystem="workspace" outcome="ok" workspace_id="w6"
2026-07-23T21:32:56.305330Z  INFO herdr::logging: tab focused event="tab.focus" subsystem="tab" outcome="ok" workspace_id="w6" tab_id="w6:t2"
2026-07-23T21:32:58.028344Z  INFO herdr::logging: workspace focused event="workspace.focus" subsystem="workspace" outcome="ok" workspace_id="w5"
2026-07-23T21:32:58.028384Z  INFO herdr::logging: tab focused event="tab.focus" subsystem="tab" outcome="ok" workspace_id="w5" tab_id="w5:t5"
2026-07-23T21:32:59.453141Z  INFO herdr::logging: workspace focused event="workspace.focus" subsystem="workspace" outcome="ok" workspace_id="w4"
2026-07-23T21:32:59.453238Z  INFO herdr::logging: tab focused event="tab.focus" subsystem="tab" outcome="ok" workspace_id="w4" tab_id="w4:t1"
2026-07-23T21:33:00.868204Z  INFO herdr::logging: workspace focused event="workspace.focus" subsystem="workspace" outcome="ok" workspace_id="w2"
2026-07-23T21:33:00.868260Z  INFO herdr::logging: tab focused event="tab.focus" subsystem="tab" outcome="ok" workspace_id="w2" tab_id="w2:t3"
2026-07-23T21:33:05.877643Z  INFO herdr::logging: session saved event="persist.save" subsystem="persist" outcome="ok" path=/Users/David.Vigh/.config/herdr/session.json workspaces=5
2026-07-23T21:51:38.922784Z  WARN herdr::detect::manifest_update: skipping unknown remote manifest agent agent="maki"
2026-07-23T21:51:45.748781Z  INFO herdr::server::headless: client resize client_id=2 cols=156 rows=43 cell_width_px=0 cell_height_px=0
2026-07-23T21:52:01.628187Z  INFO herdr::server::headless: client resize client_id=2 cols=232 rows=68 cell_width_px=0 cell_height_px=0
2026-07-23T21:52:10.407603Z  INFO herdr::app::actions: copied selection to clipboard
2026-07-23T21:52:38.587740Z  INFO herdr::logging: tab focused event="tab.focus" subsystem="tab" outcome="ok" workspace_id="w2" tab_id="w2:t4"
2026-07-23T21:52:43.597919Z  INFO herdr::logging: session saved event="persist.save" subsystem="persist" outcome="ok" path=/Users/David.Vigh/.config/herdr/session.json workspaces=5
2026-07-23T21:53:02.359342Z  INFO herdr::logging: tab focused event="tab.focus" subsystem="tab" outcome="ok" workspace_id="w2" tab_id="w2:t3"
2026-07-23T21:53:07.365472Z  INFO herdr::logging: session saved event="persist.save" subsystem="persist" outcome="ok" path=/Users/David.Vigh/.config/herdr/session.json workspaces=5
2026-07-23T21:57:52.349480Z  INFO herdr::logging: tab focused event="tab.focus" subsystem="tab" outcome="ok" workspace_id="w2" tab_id="w2:t4"
2026-07-23T21:57:57.361714Z  INFO herdr::logging: session saved event="persist.save" subsystem="persist" outcome="ok" path=/Users/David.Vigh/.config/herdr/session.json workspaces=5
2026-07-23T21:58:00.033323Z  INFO herdr::logging: tab focused event="tab.focus" subsystem="tab" outcome="ok" workspace_id="w2" tab_id="w2:t3"
2026-07-23T21:58:05.041178Z  INFO herdr::logging: session saved event="persist.save" subsystem="persist" outcome="ok" path=/Users/David.Vigh/.config/herdr/session.json workspaces=5
2026-07-23T21:58:24.187857Z  INFO herdr::logging: tab focused event="tab.focus" subsystem="tab" outcome="ok" workspace_id="w2" tab_id="w2:t4"
2026-07-23T21:58:26.749205Z  INFO herdr::logging: tab focused event="tab.focus" subsystem="tab" outcome="ok" workspace_id="w2" tab_id="w2:t3"
2026-07-23T21:58:31.762346Z  INFO herdr::logging: session saved event="persist.save" subsystem="persist" outcome="ok" path=/Users/David.Vigh/.config/herdr/session.json workspaces=5
2026-07-23T21:58:35.790643Z  INFO herdr::logging: tab focused event="tab.focus" subsystem="tab" outcome="ok" workspace_id="w2" tab_id="w2:t4"
2026-07-23T21:58:40.801411Z  INFO herdr::logging: session saved event="persist.save" subsystem="persist" outcome="ok" path=/Users/David.Vigh/.config/herdr/session.json workspaces=5
2026-07-23T21:58:41.507968Z  INFO herdr::logging: tab focused event="tab.focus" subsystem="tab" outcome="ok" workspace_id="w2" tab_id="w2:t3"
2026-07-23T21:58:45.843829Z  INFO herdr::logging: tab focused event="tab.focus" subsystem="tab" outcome="ok" workspace_id="w2" tab_id="w2:t4"
2026-07-23T21:58:48.581414Z  INFO herdr::logging: tab focused event="tab.focus" subsystem="tab" outcome="ok" workspace_id="w2" tab_id="w2:t3"
2026-07-23T21:58:53.595088Z  INFO herdr::logging: session saved event="persist.save" subsystem="persist" outcome="ok" path=/Users/David.Vigh/.config/herdr/session.json workspaces=5
2026-07-23T22:00:31.536216Z  INFO herdr::logging: tab focused event="tab.focus" subsystem="tab" outcome="ok" workspace_id="w2" tab_id="w2:t4"
2026-07-23T22:00:36.546816Z  INFO herdr::logging: session saved event="persist.save" subsystem="persist" outcome="ok" path=/Users/David.Vigh/.config/herdr/session.json workspaces=5
2026-07-23T22:00:38.170214Z  INFO herdr::logging: tab focused event="tab.focus" subsystem="tab" outcome="ok" workspace_id="w2" tab_id="w2:t3"
2026-07-23T22:00:39.024431Z  INFO herdr::logging: tab focused event="tab.focus" subsystem="tab" outcome="ok" workspace_id="w2" tab_id="w2:t4"
2026-07-23T22:00:44.038367Z  INFO herdr::logging: session saved event="persist.save" subsystem="persist" outcome="ok" path=/Users/David.Vigh/.config/herdr/session.json workspaces=5
2026-07-23T22:01:40.534217Z  INFO herdr::logging: tab focused event="tab.focus" subsystem="tab" outcome="ok" workspace_id="w2" tab_id="w2:t3"
2026-07-23T22:01:43.017702Z  INFO herdr::logging: tab focused event="tab.focus" subsystem="tab" outcome="ok" workspace_id="w2" tab_id="w2:t4"
2026-07-23T22:01:48.037799Z  INFO herdr::logging: session saved event="persist.save" subsystem="persist" outcome="ok" path=/Users/David.Vigh/.config/herdr/session.json workspaces=5
2026-07-23T22:09:55.420332Z  INFO herdr::logging: tab focused event="tab.focus" subsystem="tab" outcome="ok" workspace_id="w2" tab_id="w2:t3"
2026-07-23T22:09:57.750765Z  INFO herdr::logging: tab focused event="tab.focus" subsystem="tab" outcome="ok" workspace_id="w2" tab_id="w2:t4"
2026-07-23T22:10:02.757609Z  INFO herdr::logging: session saved event="persist.save" subsystem="persist" outcome="ok" path=/Users/David.Vigh/.config/herdr/session.json workspaces=5
2026-07-23T22:10:10.480882Z  INFO herdr::logging: tab focused event="tab.focus" subsystem="tab" outcome="ok" workspace_id="w2" tab_id="w2:t3"
2026-07-23T22:10:11.368354Z  INFO herdr::logging: tab focused event="tab.focus" subsystem="tab" outcome="ok" workspace_id="w2" tab_id="w2:t4"
2026-07-23T22:10:14.791462Z  INFO herdr::logging: tab focused event="tab.focus" subsystem="tab" outcome="ok" workspace_id="w2" tab_id="w2:t3"
2026-07-23T22:10:19.802991Z  INFO herdr::logging: session saved event="persist.save" subsystem="persist" outcome="ok" path=/Users/David.Vigh/.config/herdr/session.json workspaces=5
2026-07-23T22:11:37.239542Z  INFO herdr::logging: tab focused event="tab.focus" subsystem="tab" outcome="ok" workspace_id="w2" tab_id="w2:t4"
2026-07-23T22:11:42.252491Z  INFO herdr::logging: session saved event="persist.save" subsystem="persist" outcome="ok" path=/Users/David.Vigh/.config/herdr/session.json workspaces=5
2026-07-23T22:16:30.642390Z  INFO herdr::logging: tab focused event="tab.focus" subsystem="tab" outcome="ok" workspace_id="w2" tab_id="w2:t2"
2026-07-23T22:16:35.645732Z  INFO herdr::logging: session saved event="persist.save" subsystem="persist" outcome="ok" path=/Users/David.Vigh/.config/herdr/session.json workspaces=5
2026-07-23T22:21:37.970763Z  WARN herdr::detect::manifest_update: skipping unknown remote manifest agent agent="maki"
2026-07-23T22:23:01.640234Z  INFO herdr::logging: tab focused event="tab.focus" subsystem="tab" outcome="ok" workspace_id="w2" tab_id="w2:t4"
2026-07-23T22:23:06.647936Z  INFO herdr::logging: session saved event="persist.save" subsystem="persist" outcome="ok" path=/Users/David.Vigh/.config/herdr/session.json workspaces=5
2026-07-23T22:24:20.446181Z  INFO herdr::logging: tab focused event="tab.focus" subsystem="tab" outcome="ok" workspace_id="w2" tab_id="w2:t3"
2026-07-23T22:24:25.459756Z  INFO herdr::logging: session saved event="persist.save" subsystem="persist" outcome="ok" path=/Users/David.Vigh/.config/herdr/session.json workspaces=5
2026-07-23T22:24:30.939366Z  INFO herdr::logging: tab focused event="tab.focus" subsystem="tab" outcome="ok" workspace_id="w2" tab_id="w2:t4"
2026-07-23T22:24:35.949780Z  INFO herdr::logging: session saved event="persist.save" subsystem="persist" outcome="ok" path=/Users/David.Vigh/.config/herdr/session.json workspaces=5
2026-07-23T22:25:34.726358Z  INFO herdr::logging: tab focused event="tab.focus" subsystem="tab" outcome="ok" workspace_id="w2" tab_id="w2:t3"
2026-07-23T22:25:39.732295Z  INFO herdr::logging: session saved event="persist.save" subsystem="persist" outcome="ok" path=/Users/David.Vigh/.config/herdr/session.json workspaces=5
2026-07-23T22:25:43.581492Z  INFO herdr::logging: tab focused event="tab.focus" subsystem="tab" outcome="ok" workspace_id="w2" tab_id="w2:t4"
2026-07-23T22:25:48.594438Z  INFO herdr::logging: session saved event="persist.save" subsystem="persist" outcome="ok" path=/Users/David.Vigh/.config/herdr/session.json workspaces=5
2026-07-23T22:37:35.293571Z  INFO herdr::logging: tab focused event="tab.focus" subsystem="tab" outcome="ok" workspace_id="w2" tab_id="w2:t3"
2026-07-23T22:37:40.302721Z  INFO herdr::logging: session saved event="persist.save" subsystem="persist" outcome="ok" path=/Users/David.Vigh/.config/herdr/session.json workspaces=5
2026-07-23T22:37:53.443613Z  INFO herdr::app::actions: copied selection to clipboard
2026-07-23T22:37:55.141122Z  INFO herdr::logging: tab focused event="tab.focus" subsystem="tab" outcome="ok" workspace_id="w2" tab_id="w2:t4"
2026-07-23T22:38:00.155422Z  INFO herdr::logging: session saved event="persist.save" subsystem="persist" outcome="ok" path=/Users/David.Vigh/.config/herdr/session.json workspaces=5
2026-07-23T22:39:06.962152Z  INFO herdr::logging: tab focused event="tab.focus" subsystem="tab" outcome="ok" workspace_id="w2" tab_id="w2:t3"
2026-07-23T22:39:11.971799Z  INFO herdr::logging: session saved event="persist.save" subsystem="persist" outcome="ok" path=/Users/David.Vigh/.config/herdr/session.json workspaces=5
2026-07-23T22:39:17.408357Z  INFO herdr::logging: tab focused event="tab.focus" subsystem="tab" outcome="ok" workspace_id="w2" tab_id="w2:t4"
2026-07-23T22:39:21.483392Z  INFO herdr::logging: tab focused event="tab.focus" subsystem="tab" outcome="ok" workspace_id="w2" tab_id="w2:t3"
2026-07-23T22:39:26.495210Z  INFO herdr::logging: session saved event="persist.save" subsystem="persist" outcome="ok" path=/Users/David.Vigh/.config/herdr/session.json workspaces=5
2026-07-23T22:39:55.740304Z  INFO herdr::logging: tab focused event="tab.focus" subsystem="tab" outcome="ok" workspace_id="w2" tab_id="w2:t4"
2026-07-23T22:40:00.746633Z  INFO herdr::logging: session saved event="persist.save" subsystem="persist" outcome="ok" path=/Users/David.Vigh/.config/herdr/session.json workspaces=5
2026-07-23T22:40:07.163371Z  INFO herdr::logging: tab focused event="tab.focus" subsystem="tab" outcome="ok" workspace_id="w2" tab_id="w2:t3"
2026-07-23T22:40:12.168529Z  INFO herdr::logging: session saved event="persist.save" subsystem="persist" outcome="ok" path=/Users/David.Vigh/.config/herdr/session.json workspaces=5
2026-07-23T22:42:38.059107Z  INFO herdr::app::actions: copied selection to clipboard
2026-07-23T22:43:01.011280Z  INFO herdr::app::actions: copied selection to clipboard
2026-07-23T22:43:15.199921Z  INFO herdr::logging: tab focused event="tab.focus" subsystem="tab" outcome="ok" workspace_id="w2" tab_id="w2:t4"
2026-07-23T22:43:20.215262Z  INFO herdr::logging: session saved event="persist.save" subsystem="persist" outcome="ok" path=/Users/David.Vigh/.config/herdr/session.json workspaces=5
2026-07-23T22:43:25.019778Z  INFO herdr::logging: tab focused event="tab.focus" subsystem="tab" outcome="ok" workspace_id="w2" tab_id="w2:t3"
2026-07-23T22:43:28.907534Z  INFO herdr::app::actions: copied selection to clipboard
2026-07-23T22:43:30.033683Z  INFO herdr::logging: session saved event="persist.save" subsystem="persist" outcome="ok" path=/Users/David.Vigh/.config/herdr/session.json workspaces=5
2026-07-23T22:43:30.210214Z  INFO herdr::logging: tab focused event="tab.focus" subsystem="tab" outcome="ok" workspace_id="w2" tab_id="w2:t4"
2026-07-23T22:43:35.220568Z  INFO herdr::logging: session saved event="persist.save" subsystem="persist" outcome="ok" path=/Users/David.Vigh/.config/herdr/session.json workspaces=5
2026-07-23T22:43:56.417602Z  INFO herdr::logging: tab focused event="tab.focus" subsystem="tab" outcome="ok" workspace_id="w2" tab_id="w2:t3"
2026-07-23T22:44:01.432483Z  INFO herdr::logging: session saved event="persist.save" subsystem="persist" outcome="ok" path=/Users/David.Vigh/.config/herdr/session.json workspaces=5
2026-07-23T22:44:19.191321Z  INFO herdr::app::actions: copied selection to clipboard
2026-07-23T22:45:54.033006Z  INFO herdr::app::actions: copied selection to clipboard
2026-07-23T22:45:57.114006Z  INFO herdr::logging: tab focused event="tab.focus" subsystem="tab" outcome="ok" workspace_id="w2" tab_id="w2:t4"
2026-07-23T22:46:02.123493Z  INFO herdr::logging: session saved event="persist.save" subsystem="persist" outcome="ok" path=/Users/David.Vigh/.config/herdr/session.json workspaces=5
2026-07-23T22:46:12.193469Z  INFO herdr::logging: tab focused event="tab.focus" subsystem="tab" outcome="ok" workspace_id="w2" tab_id="w2:t3"
2026-07-23T22:46:17.204829Z  INFO herdr::logging: session saved event="persist.save" subsystem="persist" outcome="ok" path=/Users/David.Vigh/.config/herdr/session.json workspaces=5
2026-07-23T22:51:37.990526Z  WARN herdr::detect::manifest_update: skipping unknown remote manifest agent agent="maki"
2026-07-23T22:53:29.146733Z  INFO herdr::logging: tab focused event="tab.focus" subsystem="tab" outcome="ok" workspace_id="w2" tab_id="w2:t4"
2026-07-23T22:53:34.155024Z  INFO herdr::logging: session saved event="persist.save" subsystem="persist" outcome="ok" path=/Users/David.Vigh/.config/herdr/session.json workspaces=5
2026-07-23T22:53:58.926214Z  INFO herdr::logging: tab focused event="tab.focus" subsystem="tab" outcome="ok" workspace_id="w2" tab_id="w2:t3"
2026-07-23T22:54:03.933024Z  INFO herdr::logging: session saved event="persist.save" subsystem="persist" outcome="ok" path=/Users/David.Vigh/.config/herdr/session.json workspaces=5
2026-07-23T22:54:49.074164Z  INFO herdr::logging: tab focused event="tab.focus" subsystem="tab" outcome="ok" workspace_id="w2" tab_id="w2:t4"
2026-07-23T22:54:49.177012Z  INFO herdr::logging: tab focused event="tab.focus" subsystem="tab" outcome="ok" workspace_id="w2" tab_id="w2:t4"
2026-07-23T22:54:54.185669Z  INFO herdr::logging: session saved event="persist.save" subsystem="persist" outcome="ok" path=/Users/David.Vigh/.config/herdr/session.json workspaces=5
2026-07-23T22:55:31.018846Z  INFO herdr::logging: tab focused event="tab.focus" subsystem="tab" outcome="ok" workspace_id="w2" tab_id="w2:t3"
2026-07-23T22:55:36.026957Z  INFO herdr::logging: session saved event="persist.save" subsystem="persist" outcome="ok" path=/Users/David.Vigh/.config/herdr/session.json workspaces=5
2026-07-23T23:21:37.930735Z  WARN herdr::detect::manifest_update: skipping unknown remote manifest agent agent="maki"
2026-07-23T23:51:37.963932Z  WARN herdr::detect::manifest_update: skipping unknown remote manifest agent agent="maki"
2026-07-24T00:21:37.891959Z  WARN herdr::detect::manifest_update: skipping unknown remote manifest agent agent="maki"
2026-07-24T00:51:37.911666Z  WARN herdr::detect::manifest_update: skipping unknown remote manifest agent agent="maki"
2026-07-24T01:21:38.004440Z  WARN herdr::detect::manifest_update: skipping unknown remote manifest agent agent="maki"
2026-07-24T01:51:37.987113Z  WARN herdr::detect::manifest_update: skipping unknown remote manifest agent agent="maki"
2026-07-24T02:21:38.066578Z  WARN herdr::detect::manifest_update: skipping unknown remote manifest agent agent="maki"
2026-07-24T02:51:38.272654Z  WARN herdr::detect::manifest_update: skipping unknown remote manifest agent agent="maki"
2026-07-24T03:21:38.071890Z  WARN herdr::detect::manifest_update: skipping unknown remote manifest agent agent="maki"
2026-07-24T03:51:38.062680Z  WARN herdr::detect::manifest_update: skipping unknown remote manifest agent agent="maki"
2026-07-24T04:21:38.089141Z  WARN herdr::detect::manifest_update: skipping unknown remote manifest agent agent="maki"
2026-07-24T04:51:38.070498Z  WARN herdr::detect::manifest_update: skipping unknown remote manifest agent agent="maki"
2026-07-24T05:21:38.062075Z  WARN herdr::detect::manifest_update: skipping unknown remote manifest agent agent="maki"
2026-07-24T05:51:38.080811Z  WARN herdr::detect::manifest_update: skipping unknown remote manifest agent agent="maki"
2026-07-24T06:21:38.072902Z  WARN herdr::detect::manifest_update: skipping unknown remote manifest agent agent="maki"
2026-07-24T06:51:38.108744Z  WARN herdr::detect::manifest_update: skipping unknown remote manifest agent agent="maki"
2026-07-24T07:21:38.309342Z  WARN herdr::detect::manifest_update: skipping unknown remote manifest agent agent="maki"
2026-07-24T07:51:38.056859Z  WARN herdr::detect::manifest_update: skipping unknown remote manifest agent agent="maki"
2026-07-24T08:21:38.073269Z  WARN herdr::detect::manifest_update: skipping unknown remote manifest agent agent="maki"
2026-07-24T08:51:38.123012Z  WARN herdr::detect::manifest_update: skipping unknown remote manifest agent agent="maki"
2026-07-24T09:21:38.127009Z  WARN herdr::detect::manifest_update: skipping unknown remote manifest agent agent="maki"
2026-07-24T09:51:38.140365Z  WARN herdr::detect::manifest_update: skipping unknown remote manifest agent agent="maki"
2026-07-24T10:21:38.111108Z  WARN herdr::detect::manifest_update: skipping unknown remote manifest agent agent="maki"
2026-07-24T10:51:38.098121Z  WARN herdr::detect::manifest_update: skipping unknown remote manifest agent agent="maki"
2026-07-24T11:21:38.146857Z  WARN herdr::detect::manifest_update: skipping unknown remote manifest agent agent="maki"
2026-07-24T11:51:38.125968Z  WARN herdr::detect::manifest_update: skipping unknown remote manifest agent agent="maki"
2026-07-24T12:21:38.128525Z  WARN herdr::detect::manifest_update: skipping unknown remote manifest agent agent="maki"
2026-07-24T12:51:38.174492Z  WARN herdr::detect::manifest_update: skipping unknown remote manifest agent agent="maki"
2026-07-24T13:21:38.185621Z  WARN herdr::detect::manifest_update: skipping unknown remote manifest agent agent="maki"
2026-07-24T13:51:38.191661Z  WARN herdr::detect::manifest_update: skipping unknown remote manifest agent agent="maki"
2026-07-24T14:21:38.173232Z  WARN herdr::detect::manifest_update: skipping unknown remote manifest agent agent="maki"
2026-07-24T14:51:38.202927Z  WARN herdr::detect::manifest_update: skipping unknown remote manifest agent agent="maki"
2026-07-24T15:20:18.519050Z  INFO herdr::logging: workspace focused event="workspace.focus" subsystem="workspace" outcome="ok" workspace_id="w1"
2026-07-24T15:20:18.519257Z  INFO herdr::logging: tab focused event="tab.focus" subsystem="tab" outcome="ok" workspace_id="w1" tab_id="w1:t7"
2026-07-24T15:20:23.533232Z  INFO herdr::logging: session saved event="persist.save" subsystem="persist" outcome="ok" path=/Users/David.Vigh/.config/herdr/session.json workspaces=5
2026-07-24T15:21:41.195643Z  WARN herdr::detect::manifest_update: skipping unknown remote manifest agent agent="maki"
2026-07-24T15:46:30.499307Z  INFO herdr::logging: workspace focused event="workspace.focus" subsystem="workspace" outcome="ok" workspace_id="w4"
2026-07-24T15:46:30.499550Z  INFO herdr::logging: tab focused event="tab.focus" subsystem="tab" outcome="ok" workspace_id="w4" tab_id="w4:t1"
2026-07-24T15:46:31.746938Z  INFO herdr::logging: workspace focused event="workspace.focus" subsystem="workspace" outcome="ok" workspace_id="w5"
2026-07-24T15:46:31.747036Z  INFO herdr::logging: tab focused event="tab.focus" subsystem="tab" outcome="ok" workspace_id="w5" tab_id="w5:t5"
2026-07-24T15:46:33.280024Z  INFO herdr::logging: workspace focused event="workspace.focus" subsystem="workspace" outcome="ok" workspace_id="w2"
2026-07-24T15:46:33.280066Z  INFO herdr::logging: tab focused event="tab.focus" subsystem="tab" outcome="ok" workspace_id="w2" tab_id="w2:t3"
2026-07-24T15:46:38.287878Z  INFO herdr::logging: session saved event="persist.save" subsystem="persist" outcome="ok" path=/Users/David.Vigh/.config/herdr/session.json workspaces=5
2026-07-24T15:46:48.587019Z  INFO herdr::logging: tab focused event="tab.focus" subsystem="tab" outcome="ok" workspace_id="w2" tab_id="w2:t4"
2026-07-24T15:46:53.594900Z  INFO herdr::logging: session saved event="persist.save" subsystem="persist" outcome="ok" path=/Users/David.Vigh/.config/herdr/session.json workspaces=5
2026-07-24T15:51:38.220972Z  WARN herdr::detect::manifest_update: skipping unknown remote manifest agent agent="maki"
2026-07-24T16:09:31.388036Z  INFO herdr::logging: tab focused event="tab.focus" subsystem="tab" outcome="ok" workspace_id="w2" tab_id="w2:t3"
2026-07-24T16:09:36.400940Z  INFO herdr::logging: session saved event="persist.save" subsystem="persist" outcome="ok" path=/Users/David.Vigh/.config/herdr/session.json workspaces=5
2026-07-24T16:21:38.234120Z  WARN herdr::detect::manifest_update: skipping unknown remote manifest agent agent="maki"
2026-07-24T16:51:38.255415Z  WARN herdr::detect::manifest_update: skipping unknown remote manifest agent agent="maki"
2026-07-24T17:17:49.709661Z  INFO herdr::logging: tab focused event="tab.focus" subsystem="tab" outcome="ok" workspace_id="w2" tab_id="w2:t4"
2026-07-24T17:17:50.523366Z  INFO herdr::logging: tab focused event="tab.focus" subsystem="tab" outcome="ok" workspace_id="w2" tab_id="w2:t2"
2026-07-24T17:17:55.530359Z  INFO herdr::logging: session saved event="persist.save" subsystem="persist" outcome="ok" path=/Users/David.Vigh/.config/herdr/session.json workspaces=5
2026-07-24T17:21:38.214109Z  WARN herdr::detect::manifest_update: skipping unknown remote manifest agent agent="maki"
2026-07-24T17:51:38.246591Z  WARN herdr::detect::manifest_update: skipping unknown remote manifest agent agent="maki"
2026-07-24T18:08:44.565071Z  INFO herdr::app::actions: copied selection to clipboard
2026-07-24T18:08:46.898724Z  INFO herdr::app::actions: copied selection to clipboard
2026-07-24T18:10:39.684852Z  INFO herdr::app::actions: copied selection to clipboard
2026-07-24T18:21:38.261252Z  WARN herdr::detect::manifest_update: skipping unknown remote manifest agent agent="maki"
2026-07-24T18:31:33.033063Z  INFO herdr::logging: spawning pane terminal event="pane.spawn.start" subsystem="pane" outcome="started" pane_id=22 rows=67 cols=207 scrollback_limit_bytes=10000000
2026-07-24T18:31:33.037480Z  INFO herdr::logging: pane child spawned event="pane.spawned" subsystem="pane" outcome="ok" pane_id=22 pid=31233
2026-07-24T18:31:33.037662Z  INFO herdr::logging: tab focused event="tab.focus" subsystem="tab" outcome="ok" workspace_id="w2" tab_id="w2:t5"
2026-07-24T18:31:38.043268Z  INFO herdr::logging: session saved event="persist.save" subsystem="persist" outcome="ok" path=/Users/David.Vigh/.config/herdr/session.json workspaces=5
2026-07-24T18:33:17.724010Z  INFO herdr::logging: tab focused event="tab.focus" subsystem="tab" outcome="ok" workspace_id="w2" tab_id="w2:t3"
2026-07-24T18:33:22.732257Z  INFO herdr::logging: session saved event="persist.save" subsystem="persist" outcome="ok" path=/Users/David.Vigh/.config/herdr/session.json workspaces=5
2026-07-24T18:51:38.307334Z  WARN herdr::detect::manifest_update: skipping unknown remote manifest agent agent="maki"
2026-07-24T19:21:38.291821Z  WARN herdr::detect::manifest_update: skipping unknown remote manifest agent agent="maki"
2026-07-24T19:51:38.256096Z  WARN herdr::detect::manifest_update: skipping unknown remote manifest agent agent="maki"
2026-07-24T20:21:38.314629Z  WARN herdr::detect::manifest_update: skipping unknown remote manifest agent agent="maki"
2026-07-24T20:35:02.717854Z  INFO herdr::logging: tab focused event="tab.focus" subsystem="tab" outcome="ok" workspace_id="w2" tab_id="w2:t4"
2026-07-24T20:35:07.728967Z  INFO herdr::logging: session saved event="persist.save" subsystem="persist" outcome="ok" path=/Users/David.Vigh/.config/herdr/session.json workspaces=5
2026-07-24T20:51:38.321559Z  WARN herdr::detect::manifest_update: skipping unknown remote manifest agent agent="maki"
2026-07-24T21:21:38.236959Z  WARN herdr::detect::manifest_update: skipping unknown remote manifest agent agent="maki"
2026-07-24T21:51:38.268616Z  WARN herdr::detect::manifest_update: skipping unknown remote manifest agent agent="maki"
2026-07-24T22:21:38.377005Z  WARN herdr::detect::manifest_update: skipping unknown remote manifest agent agent="maki"
2026-07-24T22:51:38.389316Z  WARN herdr::detect::manifest_update: skipping unknown remote manifest agent agent="maki"
2026-07-24T23:21:38.350483Z  WARN herdr::detect::manifest_update: skipping unknown remote manifest agent agent="maki"
2026-07-24T23:51:38.379292Z  WARN herdr::detect::manifest_update: skipping unknown remote manifest agent agent="maki"
2026-07-25T00:21:38.402673Z  WARN herdr::detect::manifest_update: skipping unknown remote manifest agent agent="maki"
2026-07-25T00:51:38.414456Z  WARN herdr::detect::manifest_update: skipping unknown remote manifest agent agent="maki"
2026-07-25T01:21:38.399150Z  WARN herdr::detect::manifest_update: skipping unknown remote manifest agent agent="maki"
2026-07-25T01:51:38.403653Z  WARN herdr::detect::manifest_update: skipping unknown remote manifest agent agent="maki"
2026-07-25T02:21:38.376875Z  WARN herdr::detect::manifest_update: skipping unknown remote manifest agent agent="maki"
2026-07-25T02:51:38.357803Z  WARN herdr::detect::manifest_update: skipping unknown remote manifest agent agent="maki"
2026-07-25T03:21:38.322351Z  WARN herdr::detect::manifest_update: skipping unknown remote manifest agent agent="maki"
2026-07-25T03:51:38.352416Z  WARN herdr::detect::manifest_update: skipping unknown remote manifest agent agent="maki"
2026-07-25T04:21:38.412958Z  WARN herdr::detect::manifest_update: skipping unknown remote manifest agent agent="maki"
2026-07-25T04:51:38.418860Z  WARN herdr::detect::manifest_update: skipping unknown remote manifest agent agent="maki"
2026-07-25T05:21:38.416902Z  WARN herdr::detect::manifest_update: skipping unknown remote manifest agent agent="maki"
2026-07-25T05:51:38.446545Z  WARN herdr::detect::manifest_update: skipping unknown remote manifest agent agent="maki"
2026-07-25T06:21:38.498850Z  WARN herdr::detect::manifest_update: skipping unknown remote manifest agent agent="maki"
2026-07-25T06:51:38.489096Z  WARN herdr::detect::manifest_update: skipping unknown remote manifest agent agent="maki"
2026-07-25T07:21:38.505536Z  WARN herdr::detect::manifest_update: skipping unknown remote manifest agent agent="maki"
2026-07-25T07:51:38.491762Z  WARN herdr::detect::manifest_update: skipping unknown remote manifest agent agent="maki"
2026-07-25T08:21:38.503529Z  WARN herdr::detect::manifest_update: skipping unknown remote manifest agent agent="maki"
2026-07-25T08:51:38.485258Z  WARN herdr::detect::manifest_update: skipping unknown remote manifest agent agent="maki"
2026-07-25T09:21:38.488261Z  WARN herdr::detect::manifest_update: skipping unknown remote manifest agent agent="maki"
2026-07-25T09:51:39.592745Z  WARN herdr::detect::manifest_update: skipping unknown remote manifest agent agent="maki"
2026-07-25T10:21:38.571729Z  WARN herdr::detect::manifest_update: skipping unknown remote manifest agent agent="maki"
2026-07-25T10:51:38.598110Z  WARN herdr::detect::manifest_update: skipping unknown remote manifest agent agent="maki"
2026-07-25T11:21:38.692888Z  WARN herdr::detect::manifest_update: skipping unknown remote manifest agent agent="maki"
2026-07-25T11:51:38.586998Z  WARN herdr::detect::manifest_update: skipping unknown remote manifest agent agent="maki"
2026-07-25T12:21:38.599692Z  WARN herdr::detect::manifest_update: skipping unknown remote manifest agent agent="maki"
2026-07-25T12:51:38.648616Z  WARN herdr::detect::manifest_update: skipping unknown remote manifest agent agent="maki"
2026-07-25T13:21:38.689267Z  WARN herdr::detect::manifest_update: skipping unknown remote manifest agent agent="maki"
2026-07-25T13:51:38.677190Z  WARN herdr::detect::manifest_update: skipping unknown remote manifest agent agent="maki"
2026-07-25T14:21:38.662800Z  WARN herdr::detect::manifest_update: skipping unknown remote manifest agent agent="maki"
2026-07-25T14:51:38.752101Z  WARN herdr::detect::manifest_update: skipping unknown remote manifest agent agent="maki"
2026-07-25T15:21:38.739311Z  WARN herdr::detect::manifest_update: skipping unknown remote manifest agent agent="maki"
2026-07-25T15:51:38.759127Z  WARN herdr::detect::manifest_update: skipping unknown remote manifest agent agent="maki"
2026-07-25T16:21:38.726591Z  WARN herdr::detect::manifest_update: skipping unknown remote manifest agent agent="maki"
2026-07-25T16:51:38.803935Z  WARN herdr::detect::manifest_update: skipping unknown remote manifest agent agent="maki"
2026-07-25T17:21:38.821424Z  WARN herdr::detect::manifest_update: skipping unknown remote manifest agent agent="maki"
2026-07-25T17:51:38.813430Z  WARN herdr::detect::manifest_update: skipping unknown remote manifest agent agent="maki"
2026-07-25T18:21:38.780682Z  WARN herdr::detect::manifest_update: skipping unknown remote manifest agent agent="maki"
2026-07-25T18:51:38.806087Z  WARN herdr::detect::manifest_update: skipping unknown remote manifest agent agent="maki"
2026-07-25T19:21:38.833925Z  WARN herdr::detect::manifest_update: skipping unknown remote manifest agent agent="maki"
2026-07-25T19:51:38.878339Z  WARN herdr::detect::manifest_update: skipping unknown remote manifest agent agent="maki"
2026-07-25T20:21:38.898898Z  WARN herdr::detect::manifest_update: skipping unknown remote manifest agent agent="maki"
2026-07-25T20:51:38.858771Z  WARN herdr::detect::manifest_update: skipping unknown remote manifest agent agent="maki"
2026-07-25T21:21:38.883720Z  WARN herdr::detect::manifest_update: skipping unknown remote manifest agent agent="maki"
2026-07-25T21:51:38.917310Z  WARN herdr::detect::manifest_update: skipping unknown remote manifest agent agent="maki"
2026-07-25T22:21:38.947462Z  WARN herdr::detect::manifest_update: skipping unknown remote manifest agent agent="maki"
2026-07-25T22:51:38.942338Z  WARN herdr::detect::manifest_update: skipping unknown remote manifest agent agent="maki"
2026-07-25T23:21:38.930612Z  WARN herdr::detect::manifest_update: skipping unknown remote manifest agent agent="maki"
2026-07-25T23:51:38.992923Z  WARN herdr::detect::manifest_update: skipping unknown remote manifest agent agent="maki"
2026-07-26T00:21:38.956864Z  WARN herdr::detect::manifest_update: skipping unknown remote manifest agent agent="maki"
2026-07-26T00:51:38.992326Z  WARN herdr::detect::manifest_update: skipping unknown remote manifest agent agent="maki"
2026-07-26T01:21:39.004377Z  WARN herdr::detect::manifest_update: skipping unknown remote manifest agent agent="maki"
2026-07-26T01:51:38.995329Z  WARN herdr::detect::manifest_update: skipping unknown remote manifest agent agent="maki"
2026-07-26T02:21:39.040729Z  WARN herdr::detect::manifest_update: skipping unknown remote manifest agent agent="maki"
2026-07-26T02:51:39.057626Z  WARN herdr::detect::manifest_update: skipping unknown remote manifest agent agent="maki"
2026-07-26T03:21:39.082294Z  WARN herdr::detect::manifest_update: skipping unknown remote manifest agent agent="maki"
2026-07-26T03:51:39.130212Z  WARN herdr::detect::manifest_update: skipping unknown remote manifest agent agent="maki"
2026-07-26T04:21:39.156160Z  WARN herdr::detect::manifest_update: skipping unknown remote manifest agent agent="maki"
2026-07-26T04:51:39.161068Z  WARN herdr::detect::manifest_update: skipping unknown remote manifest agent agent="maki"
2026-07-26T05:21:39.193109Z  WARN herdr::detect::manifest_update: skipping unknown remote manifest agent agent="maki"
2026-07-26T05:51:39.196343Z  WARN herdr::detect::manifest_update: skipping unknown remote manifest agent agent="maki"
2026-07-26T06:21:39.191323Z  WARN herdr::detect::manifest_update: skipping unknown remote manifest agent agent="maki"
2026-07-26T06:51:39.144146Z  WARN herdr::detect::manifest_update: skipping unknown remote manifest agent agent="maki"
2026-07-26T07:21:39.170056Z  WARN herdr::detect::manifest_update: skipping unknown remote manifest agent agent="maki"
2026-07-26T07:51:39.212792Z  WARN herdr::detect::manifest_update: skipping unknown remote manifest agent agent="maki"
2026-07-26T08:21:39.246191Z  WARN herdr::detect::manifest_update: skipping unknown remote manifest agent agent="maki"
2026-07-26T08:51:39.289134Z  WARN herdr::detect::manifest_update: skipping unknown remote manifest agent agent="maki"
2026-07-26T09:21:39.267744Z  WARN herdr::detect::manifest_update: skipping unknown remote manifest agent agent="maki"
2026-07-26T09:51:39.230175Z  WARN herdr::detect::manifest_update: skipping unknown remote manifest agent agent="maki"
2026-07-26T10:21:39.306550Z  WARN herdr::detect::manifest_update: skipping unknown remote manifest agent agent="maki"
2026-07-26T10:51:39.271414Z  WARN herdr::detect::manifest_update: skipping unknown remote manifest agent agent="maki"
2026-07-26T11:21:39.321234Z  WARN herdr::detect::manifest_update: skipping unknown remote manifest agent agent="maki"
2026-07-26T11:51:39.296628Z  WARN herdr::detect::manifest_update: skipping unknown remote manifest agent agent="maki"
2026-07-26T12:21:39.309212Z  WARN herdr::detect::manifest_update: skipping unknown remote manifest agent agent="maki"
2026-07-26T12:51:39.390289Z  WARN herdr::detect::manifest_update: skipping unknown remote manifest agent agent="maki"
2026-07-26T13:21:39.381891Z  WARN herdr::detect::manifest_update: skipping unknown remote manifest agent agent="maki"
2026-07-26T13:51:39.380058Z  WARN herdr::detect::manifest_update: skipping unknown remote manifest agent agent="maki"
2026-07-26T14:21:39.370284Z  WARN herdr::detect::manifest_update: skipping unknown remote manifest agent agent="maki"
2026-07-26T14:51:39.411859Z  WARN herdr::detect::manifest_update: skipping unknown remote manifest agent agent="maki"
2026-07-26T15:21:39.389426Z  WARN herdr::detect::manifest_update: skipping unknown remote manifest agent agent="maki"
2026-07-26T15:51:39.451367Z  WARN herdr::detect::manifest_update: skipping unknown remote manifest agent agent="maki"
2026-07-26T16:21:39.438535Z  WARN herdr::detect::manifest_update: skipping unknown remote manifest agent agent="maki"
2026-07-26T16:51:39.432242Z  WARN herdr::detect::manifest_update: skipping unknown remote manifest agent agent="maki"
2026-07-26T17:21:39.408586Z  WARN herdr::detect::manifest_update: skipping unknown remote manifest agent agent="maki"
2026-07-26T17:51:39.448080Z  WARN herdr::detect::manifest_update: skipping unknown remote manifest agent agent="maki"
2026-07-26T18:21:39.456563Z  WARN herdr::detect::manifest_update: skipping unknown remote manifest agent agent="maki"
2026-07-26T18:51:39.543899Z  WARN herdr::detect::manifest_update: skipping unknown remote manifest agent agent="maki"
2026-07-26T19:21:39.544457Z  WARN herdr::detect::manifest_update: skipping unknown remote manifest agent agent="maki"
2026-07-26T19:51:39.559096Z  WARN herdr::detect::manifest_update: skipping unknown remote manifest agent agent="maki"
2026-07-26T20:21:39.499863Z  WARN herdr::detect::manifest_update: skipping unknown remote manifest agent agent="maki"
2026-07-26T20:51:39.523715Z  WARN herdr::detect::manifest_update: skipping unknown remote manifest agent agent="maki"
2026-07-26T21:21:39.521927Z  WARN herdr::detect::manifest_update: skipping unknown remote manifest agent agent="maki"
2026-07-26T21:51:39.566946Z  WARN herdr::detect::manifest_update: skipping unknown remote manifest agent agent="maki"
2026-07-26T22:21:39.569395Z  WARN herdr::detect::manifest_update: skipping unknown remote manifest agent agent="maki"
2026-07-26T22:51:39.606544Z  WARN herdr::detect::manifest_update: skipping unknown remote manifest agent agent="maki"
2026-07-26T23:21:39.596732Z  WARN herdr::detect::manifest_update: skipping unknown remote manifest agent agent="maki"
2026-07-26T23:51:39.594300Z  WARN herdr::detect::manifest_update: skipping unknown remote manifest agent agent="maki"
2026-07-27T00:21:39.565671Z  WARN herdr::detect::manifest_update: skipping unknown remote manifest agent agent="maki"
2026-07-27T00:51:39.600159Z  WARN herdr::detect::manifest_update: skipping unknown remote manifest agent agent="maki"
2026-07-27T01:21:39.600973Z  WARN herdr::detect::manifest_update: skipping unknown remote manifest agent agent="maki"
2026-07-27T01:51:39.651587Z  WARN herdr::detect::manifest_update: skipping unknown remote manifest agent agent="maki"
2026-07-27T02:21:39.653858Z  WARN herdr::detect::manifest_update: skipping unknown remote manifest agent agent="maki"
2026-07-27T02:51:39.709827Z  WARN herdr::detect::manifest_update: skipping unknown remote manifest agent agent="maki"
2026-07-27T03:21:39.723204Z  WARN herdr::detect::manifest_update: skipping unknown remote manifest agent agent="maki"
2026-07-27T03:51:39.756987Z  WARN herdr::detect::manifest_update: skipping unknown remote manifest agent agent="maki"
2026-07-27T04:21:39.752222Z  WARN herdr::detect::manifest_update: skipping unknown remote manifest agent agent="maki"
2026-07-27T04:51:39.744361Z  WARN herdr::detect::manifest_update: skipping unknown remote manifest agent agent="maki"
2026-07-27T05:21:39.777517Z  WARN herdr::detect::manifest_update: skipping unknown remote manifest agent agent="maki"
2026-07-27T05:51:39.790572Z  WARN herdr::detect::manifest_update: skipping unknown remote manifest agent agent="maki"
2026-07-27T06:21:39.793876Z  WARN herdr::detect::manifest_update: skipping unknown remote manifest agent agent="maki"
2026-07-27T06:51:39.798383Z  WARN herdr::detect::manifest_update: skipping unknown remote manifest agent agent="maki"
2026-07-27T07:21:39.810987Z  WARN herdr::detect::manifest_update: skipping unknown remote manifest agent agent="maki"
2026-07-27T07:51:39.796201Z  WARN herdr::detect::manifest_update: skipping unknown remote manifest agent agent="maki"
2026-07-27T08:21:39.822985Z  WARN herdr::detect::manifest_update: skipping unknown remote manifest agent agent="maki"
2026-07-27T08:51:39.873422Z  WARN herdr::detect::manifest_update: skipping unknown remote manifest agent agent="maki"
2026-07-27T09:21:39.903029Z  WARN herdr::detect::manifest_update: skipping unknown remote manifest agent agent="maki"
2026-07-27T09:51:39.923865Z  WARN herdr::detect::manifest_update: skipping unknown remote manifest agent agent="maki"
2026-07-27T10:21:39.911713Z  WARN herdr::detect::manifest_update: skipping unknown remote manifest agent agent="maki"
2026-07-27T10:51:39.949604Z  WARN herdr::detect::manifest_update: skipping unknown remote manifest agent agent="maki"
2026-07-27T11:21:39.953918Z  WARN herdr::detect::manifest_update: skipping unknown remote manifest agent agent="maki"
2026-07-27T11:51:39.991804Z  WARN herdr::detect::manifest_update: skipping unknown remote manifest agent agent="maki"
2026-07-27T12:21:39.978502Z  WARN herdr::detect::manifest_update: skipping unknown remote manifest agent agent="maki"
2026-07-27T12:51:39.973473Z  WARN herdr::detect::manifest_update: skipping unknown remote manifest agent agent="maki"
2026-07-27T13:21:40.014703Z  WARN herdr::detect::manifest_update: skipping unknown remote manifest agent agent="maki"
2026-07-27T13:51:39.972633Z  WARN herdr::detect::manifest_update: skipping unknown remote manifest agent agent="maki"
2026-07-27T14:21:40.004435Z  WARN herdr::detect::manifest_update: skipping unknown remote manifest agent agent="maki"
2026-07-27T14:51:40.036713Z  WARN herdr::detect::manifest_update: skipping unknown remote manifest agent agent="maki"
2026-07-27T15:02:05.069194Z  INFO herdr::logging: tab focused event="tab.focus" subsystem="tab" outcome="ok" workspace_id="w2" tab_id="w2:t3"
2026-07-27T15:02:10.080224Z  INFO herdr::logging: session saved event="persist.save" subsystem="persist" outcome="ok" path=/Users/David.Vigh/.config/herdr/session.json workspaces=5
2026-07-27T15:21:40.021296Z  WARN herdr::detect::manifest_update: skipping unknown remote manifest agent agent="maki"
2026-07-27T15:51:40.092530Z  WARN herdr::detect::manifest_update: skipping unknown remote manifest agent agent="maki"
2026-07-27T16:21:40.019854Z  WARN herdr::detect::manifest_update: skipping unknown remote manifest agent agent="maki"
2026-07-27T16:51:40.053420Z  WARN herdr::detect::manifest_update: skipping unknown remote manifest agent agent="maki"
2026-07-27T17:04:48.369433Z  INFO herdr::logging: workspace closed event="workspace.close" subsystem="workspace" outcome="ok" workspace_id="w2"
2026-07-27T17:04:48.374104Z  INFO herdr::logging: pane child exited event="pane.exit" subsystem="pane" outcome="completed" pane_id=3 status="ExitStatus { code: 1, signal: None }"
2026-07-27T17:04:48.517812Z  INFO herdr::pane: pane session terminated pane=3 pid=76504 signal=Hangup
2026-07-27T17:04:48.520103Z  INFO herdr::logging: pane child exited event="pane.exit" subsystem="pane" outcome="completed" pane_id=16 status="ExitStatus { code: 1, signal: None }"
2026-07-27T17:04:48.543923Z  INFO herdr::pane: pane session terminated pane=16 pid=94694 signal=Hangup
2026-07-27T17:04:48.545505Z  INFO herdr::logging: pane child exited event="pane.exit" subsystem="pane" outcome="completed" pane_id=20 status="ExitStatus { code: 1, signal: None }"
2026-07-27T17:04:48.569559Z  INFO herdr::pane: pane session terminated pane=20 pid=31608 signal=Hangup
2026-07-27T17:04:48.571052Z  INFO herdr::logging: pane child exited event="pane.exit" subsystem="pane" outcome="completed" pane_id=21 status="ExitStatus { code: 1, signal: None }"
2026-07-27T17:04:48.594559Z  INFO herdr::pane: pane session terminated pane=21 pid=31962 signal=Hangup
2026-07-27T17:04:48.596253Z  INFO herdr::logging: pane child exited event="pane.exit" subsystem="pane" outcome="completed" pane_id=22 status="ExitStatus { code: 1, signal: None }"
2026-07-27T17:04:48.620202Z  INFO herdr::pane: pane session terminated pane=22 pid=31233 signal=Hangup
2026-07-27T17:04:48.620652Z  WARN herdr::app::actions: PaneDied for unknown pane pane=3
2026-07-27T17:04:48.620668Z  WARN herdr::app::actions: PaneDied for unknown pane pane=16
2026-07-27T17:04:48.620675Z  WARN herdr::app::actions: PaneDied for unknown pane pane=20
2026-07-27T17:04:48.620682Z  WARN herdr::app::actions: PaneDied for unknown pane pane=21
2026-07-27T17:04:48.620688Z  WARN herdr::app::actions: PaneDied for unknown pane pane=22
2026-07-27T17:04:53.628165Z  INFO herdr::logging: session saved event="persist.save" subsystem="persist" outcome="ok" path=/Users/David.Vigh/.config/herdr/session.json workspaces=4
2026-07-27T17:07:40.972886Z  INFO herdr::pane: agent changed pane=7 previous_agent=Some(Claude) agent=None pgid=Some(93147)
2026-07-27T17:08:17.365231Z  INFO herdr::logging: workspace closed event="workspace.close" subsystem="workspace" outcome="ok" workspace_id="w4"
2026-07-27T17:08:17.367021Z  INFO herdr::logging: pane child exited event="pane.exit" subsystem="pane" outcome="completed" pane_id=7 status="ExitStatus { code: 1, signal: None }"
2026-07-27T17:08:17.386462Z  INFO herdr::pane: pane session terminated pane=7 pid=93147 signal=Hangup
2026-07-27T17:08:17.387502Z  WARN herdr::app::actions: PaneDied for unknown pane pane=7
2026-07-27T17:08:22.391997Z  INFO herdr::logging: session saved event="persist.save" subsystem="persist" outcome="ok" path=/Users/David.Vigh/.config/herdr/session.json workspaces=3
2026-07-27T17:17:37.399056Z  INFO herdr::logging: tab focused event="tab.focus" subsystem="tab" outcome="ok" workspace_id="w5" tab_id="w5:t4"
2026-07-27T17:17:42.404749Z  INFO herdr::logging: session saved event="persist.save" subsystem="persist" outcome="ok" path=/Users/David.Vigh/.config/herdr/session.json workspaces=3
2026-07-27T17:17:43.452344Z  INFO herdr::logging: workspace focused event="workspace.focus" subsystem="workspace" outcome="ok" workspace_id="w5"
2026-07-27T17:17:43.452373Z  INFO herdr::logging: tab focused event="tab.focus" subsystem="tab" outcome="ok" workspace_id="w5" tab_id="w5:t4"
2026-07-27T17:17:43.452409Z  INFO herdr::logging: tab focused event="tab.focus" subsystem="tab" outcome="ok" workspace_id="w5" tab_id="w5:t4"
2026-07-27T17:17:43.454708Z  INFO herdr::logging: pane child exited event="pane.exit" subsystem="pane" outcome="completed" pane_id=14 status="ExitStatus { code: 1, signal: None }"
2026-07-27T17:17:43.593098Z  INFO herdr::pane: pane session terminated pane=14 pid=80581 signal=Hangup
2026-07-27T17:17:43.593448Z  WARN herdr::app::actions: PaneDied for unknown pane pane=14
2026-07-27T17:17:48.600080Z  INFO herdr::logging: session saved event="persist.save" subsystem="persist" outcome="ok" path=/Users/David.Vigh/.config/herdr/session.json workspaces=3
2026-07-27T17:18:01.645384Z  INFO herdr::logging: workspace focused event="workspace.focus" subsystem="workspace" outcome="ok" workspace_id="w5"
2026-07-27T17:18:01.645409Z  INFO herdr::logging: tab focused event="tab.focus" subsystem="tab" outcome="ok" workspace_id="w5" tab_id="w5:t3"
2026-07-27T17:18:01.645439Z  INFO herdr::logging: tab focused event="tab.focus" subsystem="tab" outcome="ok" workspace_id="w5" tab_id="w5:t3"
2026-07-27T17:18:01.647248Z  INFO herdr::logging: pane child exited event="pane.exit" subsystem="pane" outcome="completed" pane_id=13 status="ExitStatus { code: 1, signal: None }"
2026-07-27T17:18:01.763895Z  INFO herdr::pane: pane session terminated pane=13 pid=83731 signal=Hangup
2026-07-27T17:18:01.764426Z  WARN herdr::app::actions: PaneDied for unknown pane pane=13
2026-07-27T17:18:04.609739Z  INFO herdr::logging: workspace focused event="workspace.focus" subsystem="workspace" outcome="ok" workspace_id="w5"
2026-07-27T17:18:04.609766Z  INFO herdr::logging: tab focused event="tab.focus" subsystem="tab" outcome="ok" workspace_id="w5" tab_id="w5:t2"
2026-07-27T17:18:04.609800Z  INFO herdr::logging: tab focused event="tab.focus" subsystem="tab" outcome="ok" workspace_id="w5" tab_id="w5:t2"
2026-07-27T17:18:04.611641Z  INFO herdr::logging: pane child exited event="pane.exit" subsystem="pane" outcome="completed" pane_id=12 status="ExitStatus { code: 1, signal: None }"
2026-07-27T17:18:04.630407Z  INFO herdr::pane: pane session terminated pane=12 pid=47674 signal=Hangup
2026-07-27T17:18:04.632710Z  WARN herdr::app::actions: PaneDied for unknown pane pane=12
2026-07-27T17:18:07.315538Z  INFO herdr::logging: workspace focused event="workspace.focus" subsystem="workspace" outcome="ok" workspace_id="w5"
2026-07-27T17:18:07.315561Z  INFO herdr::logging: tab focused event="tab.focus" subsystem="tab" outcome="ok" workspace_id="w5" tab_id="w5:t1"
2026-07-27T17:18:07.315591Z  INFO herdr::logging: tab focused event="tab.focus" subsystem="tab" outcome="ok" workspace_id="w5" tab_id="w5:t1"
2026-07-27T17:18:07.317704Z  INFO herdr::logging: pane child exited event="pane.exit" subsystem="pane" outcome="completed" pane_id=8 status="ExitStatus { code: 1, signal: None }"
2026-07-27T17:18:07.340444Z  INFO herdr::pane: pane session terminated pane=8 pid=97571 signal=Hangup
2026-07-27T17:18:07.342993Z  INFO herdr::logging: pane child exited event="pane.exit" subsystem="pane" outcome="completed" pane_id=9 status="ExitStatus { code: 1, signal: None }"
2026-07-27T17:18:07.366649Z  INFO herdr::pane: pane session terminated pane=9 pid=6421 signal=Hangup
2026-07-27T17:18:07.367734Z  WARN herdr::app::actions: PaneDied for unknown pane pane=8
2026-07-27T17:18:07.367747Z  WARN herdr::app::actions: PaneDied for unknown pane pane=9
2026-07-27T17:18:08.623073Z  INFO herdr::logging: workspace focused event="workspace.focus" subsystem="workspace" outcome="ok" workspace_id="w6"
2026-07-27T17:18:08.623105Z  INFO herdr::logging: tab focused event="tab.focus" subsystem="tab" outcome="ok" workspace_id="w6" tab_id="w6:t2"
2026-07-27T17:18:13.626070Z  INFO herdr::logging: session saved event="persist.save" subsystem="persist" outcome="ok" path=/Users/David.Vigh/.config/herdr/session.json workspaces=3
2026-07-27T17:18:18.154199Z  INFO herdr::logging: workspace focused event="workspace.focus" subsystem="workspace" outcome="ok" workspace_id="w6"
2026-07-27T17:18:18.154234Z  INFO herdr::logging: tab focused event="tab.focus" subsystem="tab" outcome="ok" workspace_id="w6" tab_id="w6:t2"
2026-07-27T17:18:18.154276Z  INFO herdr::logging: tab focused event="tab.focus" subsystem="tab" outcome="ok" workspace_id="w6" tab_id="w6:t2"
2026-07-27T17:18:18.156083Z  INFO herdr::logging: pane child exited event="pane.exit" subsystem="pane" outcome="completed" pane_id=11 status="ExitStatus { code: 1, signal: None }"
2026-07-27T17:18:18.251104Z  INFO herdr::pane: pane session terminated pane=11 pid=29422 signal=Hangup
2026-07-27T17:18:18.251743Z  WARN herdr::app::actions: PaneDied for unknown pane pane=11
2026-07-27T17:18:23.257771Z  INFO herdr::logging: session saved event="persist.save" subsystem="persist" outcome="ok" path=/Users/David.Vigh/.config/herdr/session.json workspaces=3
2026-07-27T17:18:28.424791Z  INFO herdr::logging: workspace focused event="workspace.focus" subsystem="workspace" outcome="ok" workspace_id="w6"
2026-07-27T17:18:28.424815Z  INFO herdr::logging: tab focused event="tab.focus" subsystem="tab" outcome="ok" workspace_id="w6" tab_id="w6:t1"
2026-07-27T17:18:28.424844Z  INFO herdr::logging: tab focused event="tab.focus" subsystem="tab" outcome="ok" workspace_id="w6" tab_id="w6:t1"
2026-07-27T17:18:28.424856Z  INFO herdr::logging: workspace closed event="workspace.close" subsystem="workspace" outcome="ok" workspace_id="w6"
2026-07-27T17:18:28.432439Z  INFO herdr::logging: pane child exited event="pane.exit" subsystem="pane" outcome="completed" pane_id=10 status="ExitStatus { code: 1, signal: None }"
2026-07-27T17:18:28.542501Z  INFO herdr::pane: pane session terminated pane=10 pid=36667 signal=Hangup
2026-07-27T17:18:28.542605Z  WARN herdr::app::actions: PaneDied for unknown pane pane=10
2026-07-27T17:18:29.487283Z  INFO herdr::logging: workspace focused event="workspace.focus" subsystem="workspace" outcome="ok" workspace_id="w1"
2026-07-27T17:18:29.487309Z  INFO herdr::logging: tab focused event="tab.focus" subsystem="tab" outcome="ok" workspace_id="w1" tab_id="w1:t7"
2026-07-27T17:18:34.489413Z  INFO herdr::logging: session saved event="persist.save" subsystem="persist" outcome="ok" path=/Users/David.Vigh/.config/herdr/session.json workspaces=2
2026-07-27T17:18:35.787409Z  INFO herdr::logging: tab focused event="tab.focus" subsystem="tab" outcome="ok" workspace_id="w1" tab_id="w1:t6"
2026-07-27T17:18:36.433919Z  INFO herdr::logging: tab focused event="tab.focus" subsystem="tab" outcome="ok" workspace_id="w1" tab_id="w1:t5"
2026-07-27T17:18:36.958721Z  INFO herdr::logging: tab focused event="tab.focus" subsystem="tab" outcome="ok" workspace_id="w1" tab_id="w1:t4"
2026-07-27T17:18:41.964549Z  INFO herdr::logging: session saved event="persist.save" subsystem="persist" outcome="ok" path=/Users/David.Vigh/.config/herdr/session.json workspaces=2
2026-07-27T17:18:44.435991Z  INFO herdr::logging: workspace closed event="workspace.close" subsystem="workspace" outcome="ok" workspace_id="w1"
2026-07-27T17:18:44.437704Z  INFO herdr::logging: pane child exited event="pane.exit" subsystem="pane" outcome="completed" pane_id=1 status="ExitStatus { code: 1, signal: None }"
2026-07-27T17:18:44.461403Z  INFO herdr::pane: pane session terminated pane=1 pid=71936 signal=Hangup
2026-07-27T17:18:44.463949Z  INFO herdr::logging: pane child exited event="pane.exit" subsystem="pane" outcome="completed" pane_id=2 status="ExitStatus { code: 1, signal: None }"
2026-07-27T17:18:44.485622Z  INFO herdr::pane: pane session terminated pane=2 pid=74631 signal=Hangup
2026-07-27T17:18:44.487661Z  INFO herdr::logging: pane child exited event="pane.exit" subsystem="pane" outcome="completed" pane_id=5 status="ExitStatus { code: 1, signal: None }"
2026-07-27T17:18:44.667244Z  INFO herdr::pane: pane session terminated pane=5 pid=86591 signal=Hangup
2026-07-27T17:18:44.669615Z  INFO herdr::logging: pane child exited event="pane.exit" subsystem="pane" outcome="completed" pane_id=6 status="ExitStatus { code: 1, signal: None }"
2026-07-27T17:18:44.741273Z  INFO herdr::pane: pane session terminated pane=6 pid=91388 signal=Hangup
2026-07-27T17:18:44.743114Z  INFO herdr::logging: pane child exited event="pane.exit" subsystem="pane" outcome="completed" pane_id=17 status="ExitStatus { code: 1, signal: None }"
2026-07-27T17:18:44.857432Z  INFO herdr::pane: pane session terminated pane=17 pid=1737 signal=Hangup
2026-07-27T17:18:44.859057Z  INFO herdr::logging: pane child exited event="pane.exit" subsystem="pane" outcome="completed" pane_id=18 status="ExitStatus { code: 1, signal: None }"
2026-07-27T17:18:44.981588Z  INFO herdr::pane: pane session terminated pane=18 pid=7120 signal=Hangup
2026-07-27T17:18:44.983118Z  INFO herdr::logging: pane child exited event="pane.exit" subsystem="pane" outcome="completed" pane_id=19 status="ExitStatus { code: 1, signal: None }"
2026-07-27T17:18:45.003064Z  INFO herdr::pane: pane session terminated pane=19 pid=24479 signal=Hangup
2026-07-27T17:18:45.003289Z  WARN herdr::app::actions: PaneDied for unknown pane pane=1
2026-07-27T17:18:45.003298Z  WARN herdr::app::actions: PaneDied for unknown pane pane=2
2026-07-27T17:18:45.003302Z  WARN herdr::app::actions: PaneDied for unknown pane pane=5
2026-07-27T17:18:45.003306Z  WARN herdr::app::actions: PaneDied for unknown pane pane=6
2026-07-27T17:18:45.003311Z  WARN herdr::app::actions: PaneDied for unknown pane pane=17
2026-07-27T17:18:45.003315Z  WARN herdr::app::actions: PaneDied for unknown pane pane=18
2026-07-27T17:18:45.003320Z  WARN herdr::app::actions: PaneDied for unknown pane pane=19
2026-07-27T17:18:50.008916Z  INFO herdr::logging: session saved event="persist.save" subsystem="persist" outcome="ok" path=/Users/David.Vigh/.config/herdr/session.json workspaces=1
2026-07-27T17:21:40.078899Z  WARN herdr::detect::manifest_update: skipping unknown remote manifest agent agent="maki"
2026-07-27T17:24:43.700469Z  INFO herdr::logging: spawning pane terminal event="pane.spawn.start" subsystem="pane" outcome="started" pane_id=23 rows=67 cols=207 scrollback_limit_bytes=10000000
2026-07-27T17:24:43.704518Z  INFO herdr::logging: pane child spawned event="pane.spawned" subsystem="pane" outcome="ok" pane_id=23 pid=20184
2026-07-27T17:24:43.704662Z  INFO herdr::logging: tab focused event="tab.focus" subsystem="tab" outcome="ok" workspace_id="w5" tab_id="w5:t6"
2026-07-27T17:24:48.712393Z  INFO herdr::logging: session saved event="persist.save" subsystem="persist" outcome="ok" path=/Users/David.Vigh/.config/herdr/session.json workspaces=1
2026-07-27T17:25:00.313782Z  INFO herdr::app::actions: copied selection to clipboard
2026-07-27T17:51:40.112537Z  WARN herdr::detect::manifest_update: skipping unknown remote manifest agent agent="maki"
2026-07-27T18:21:40.101248Z  WARN herdr::detect::manifest_update: skipping unknown remote manifest agent agent="maki"
2026-07-27T18:51:40.161949Z  WARN herdr::detect::manifest_update: skipping unknown remote manifest agent agent="maki"
2026-07-27T19:21:40.164572Z  WARN herdr::detect::manifest_update: skipping unknown remote manifest agent agent="maki"
2026-07-27T19:51:40.175524Z  WARN herdr::detect::manifest_update: skipping unknown remote manifest agent agent="maki"
2026-07-27T20:21:40.236996Z  WARN herdr::detect::manifest_update: skipping unknown remote manifest agent agent="maki"
2026-07-27T20:51:40.185203Z  WARN herdr::detect::manifest_update: skipping unknown remote manifest agent agent="maki"
2026-07-27T21:21:40.169660Z  WARN herdr::detect::manifest_update: skipping unknown remote manifest agent agent="maki"
2026-07-27T21:51:40.247382Z  WARN herdr::detect::manifest_update: skipping unknown remote manifest agent agent="maki"
2026-07-27T22:21:40.261294Z  WARN herdr::detect::manifest_update: skipping unknown remote manifest agent agent="maki"
2026-07-27T22:51:40.306896Z  WARN herdr::detect::manifest_update: skipping unknown remote manifest agent agent="maki"
2026-07-27T23:21:40.351013Z  WARN herdr::detect::manifest_update: skipping unknown remote manifest agent agent="maki"
2026-07-27T23:51:40.313548Z  WARN herdr::detect::manifest_update: skipping unknown remote manifest agent agent="maki"
2026-07-28T18:09:50.724820Z  INFO herdr::platform::macos: raised server file descriptor soft limit previous=256 target=8192
2026-07-28T18:09:50.726391Z  INFO herdr::api::server: api server listening path=/Users/David.Vigh/.config/herdr/herdr.sock
2026-07-28T18:09:50.734232Z  INFO herdr::logging: spawning pane terminal event="pane.spawn.start" subsystem="pane" outcome="started" pane_id=2 rows=24 cols=80 scrollback_limit_bytes=10000000
2026-07-28T18:09:50.738216Z  INFO herdr::logging: pane child spawned event="pane.spawned" subsystem="pane" outcome="ok" pane_id=2 pid=31412
2026-07-28T18:09:50.738668Z  INFO herdr::logging: session restore evaluated event="persist.restore" subsystem="persist" outcome="ok" workspaces=1
2026-07-28T18:09:50.738704Z  INFO herdr::app: using pane scrollback configuration pane_scrollback_limit_bytes=10000000
2026-07-28T18:09:50.864343Z  INFO herdr::logging: checking for updates event="update.check.start" subsystem="update" outcome="started"
2026-07-28T18:09:50.876373Z  INFO herdr::server::headless: restored session already has workspaces; ignoring startup cwd cwd=/Users/David.Vigh
2026-07-28T18:09:50.876829Z  INFO herdr::server::headless: client protocol socket listening path=/Users/David.Vigh/.config/herdr/herdr-client.sock
2026-07-28T18:09:50.876858Z  INFO herdr::server::headless: herdr server started api_socket=/Users/David.Vigh/.config/herdr/herdr.sock client_socket=/Users/David.Vigh/.config/herdr/herdr-client.sock
2026-07-28T18:09:50.877098Z  INFO herdr::logging: herdr starting event="app.startup" subsystem="server" outcome="started" pid=31411
2026-07-28T18:09:51.132405Z  INFO herdr::server::headless: client connected client_id=2 cols=232 rows=68 cell_width_px=0 cell_height_px=0 render_encoding=SemanticFrame
2026-07-28T18:09:51.154983Z  INFO herdr::logging: spawning pane terminal event="pane.spawn.start" subsystem="pane" outcome="started" pane_id=1 rows=67 cols=206 scrollback_limit_bytes=10000000
2026-07-28T18:09:51.157734Z  INFO herdr::logging: pane child spawned event="pane.spawned" subsystem="pane" outcome="ok" pane_id=1 pid=31508
2026-07-28T18:09:51.720112Z  INFO herdr::pane: agent changed pane=1 previous_agent=None agent=Some(OpenCode) process=opencode pgid=Some(31629)
2026-07-28T18:09:56.159752Z  INFO herdr::logging: session saved event="persist.save" subsystem="persist" outcome="ok" path=/Users/David.Vigh/.config/herdr/session.json workspaces=1
2026-07-28T18:10:38.210116Z  INFO herdr::pane: agent changed pane=2 previous_agent=None agent=Some(OpenCode) process=opencode pgid=Some(32521)
2026-07-28T18:12:02.518636Z  INFO herdr::pane: agent changed pane=2 previous_agent=None agent=Some(OpenCode) process=opencode pgid=Some(32521)
2026-07-28T18:12:07.511020Z  INFO herdr::logging: session saved event="persist.save" subsystem="persist" outcome="ok" path=/Users/David.Vigh/.config/herdr/session.json workspaces=1
2026-07-28T18:15:21.422735Z  INFO herdr::logging: spawning pane terminal event="pane.spawn.start" subsystem="pane" outcome="started" pane_id=3 rows=67 cols=207 scrollback_limit_bytes=10000000
2026-07-28T18:15:21.427204Z  INFO herdr::logging: pane child spawned event="pane.spawned" subsystem="pane" outcome="ok" pane_id=3 pid=33323
2026-07-28T18:15:21.427372Z  INFO herdr::logging: tab renamed event="tab.rename" subsystem="tab" outcome="ok" workspace_id="w5" tab_id="w5:t7"
2026-07-28T18:15:21.427446Z  INFO herdr::logging: tab focused event="tab.focus" subsystem="tab" outcome="ok" workspace_id="w5" tab_id="w5:t7"
2026-07-28T18:15:26.432550Z  INFO herdr::logging: session saved event="persist.save" subsystem="persist" outcome="ok" path=/Users/David.Vigh/.config/herdr/session.json workspaces=1
2026-07-28T18:39:50.885755Z  INFO herdr::logging: checking for updates event="update.check.start" subsystem="update" outcome="started"
2026-07-28T19:09:50.854946Z  INFO herdr::logging: checking for updates event="update.check.start" subsystem="update" outcome="started"
2026-07-28T19:39:50.863682Z  INFO herdr::logging: checking for updates event="update.check.start" subsystem="update" outcome="started"
2026-07-28T20:09:50.876868Z  INFO herdr::logging: checking for updates event="update.check.start" subsystem="update" outcome="started"
2026-07-28T20:39:50.885932Z  INFO herdr::logging: checking for updates event="update.check.start" subsystem="update" outcome="started"
2026-07-28T20:43:02.719374Z  INFO herdr::pane: agent changed pane=3 previous_agent=None agent=Some(OpenCode) process=opencode pgid=Some(39309)
2026-07-28T20:44:13.265600Z  INFO herdr::pane: agent changed pane=3 previous_agent=None agent=Some(OpenCode) process=opencode pgid=Some(39309)
2026-07-28T20:44:18.252489Z  INFO herdr::logging: session saved event="persist.save" subsystem="persist" outcome="ok" path=/Users/David.Vigh/.config/herdr/session.json workspaces=1
2026-07-28T21:09:50.925180Z  INFO herdr::logging: checking for updates event="update.check.start" subsystem="update" outcome="started"
2026-07-28T21:39:50.882020Z  INFO herdr::logging: checking for updates event="update.check.start" subsystem="update" outcome="started"
2026-07-28T22:09:50.887034Z  INFO herdr::logging: checking for updates event="update.check.start" subsystem="update" outcome="started"
2026-07-28T22:11:04.957752Z  INFO herdr::logging: tab focused event="tab.focus" subsystem="tab" outcome="ok" workspace_id="w5" tab_id="w5:t6"
2026-07-28T22:11:09.965285Z  INFO herdr::logging: session saved event="persist.save" subsystem="persist" outcome="ok" path=/Users/David.Vigh/.config/herdr/session.json workspaces=1
2026-07-28T22:11:13.558923Z  INFO herdr::logging: spawning pane terminal event="pane.spawn.start" subsystem="pane" outcome="started" pane_id=4 rows=67 cols=207 scrollback_limit_bytes=10000000
2026-07-28T22:11:13.566186Z  INFO herdr::logging: pane child spawned event="pane.spawned" subsystem="pane" outcome="ok" pane_id=4 pid=44296
2026-07-28T22:11:13.566503Z  INFO herdr::logging: tab renamed event="tab.rename" subsystem="tab" outcome="ok" workspace_id="w5" tab_id="w5:t8"
2026-07-28T22:11:13.566653Z  INFO herdr::logging: tab focused event="tab.focus" subsystem="tab" outcome="ok" workspace_id="w5" tab_id="w5:t8"
2026-07-28T22:11:18.573783Z  INFO herdr::logging: session saved event="persist.save" subsystem="persist" outcome="ok" path=/Users/David.Vigh/.config/herdr/session.json workspaces=1
2026-07-28T22:11:30.266154Z  INFO herdr::pane: agent changed pane=4 previous_agent=None agent=Some(OpenCode) process=opencode pgid=Some(44483)
2026-07-28T22:12:49.123689Z  INFO herdr::pane: agent changed pane=4 previous_agent=None agent=Some(OpenCode) process=opencode pgid=Some(44483)
2026-07-28T22:12:54.119159Z  INFO herdr::logging: session saved event="persist.save" subsystem="persist" outcome="ok" path=/Users/David.Vigh/.config/herdr/session.json workspaces=1
2026-07-28T22:39:50.897216Z  INFO herdr::logging: checking for updates event="update.check.start" subsystem="update" outcome="started"
2026-07-28T23:09:50.882057Z  INFO herdr::logging: checking for updates event="update.check.start" subsystem="update" outcome="started"
2026-07-28T23:39:50.922784Z  INFO herdr::logging: checking for updates event="update.check.start" subsystem="update" outcome="started"
2026-07-29T00:09:50.905640Z  INFO herdr::logging: checking for updates event="update.check.start" subsystem="update" outcome="started"
2026-07-29T00:39:50.914100Z  INFO herdr::logging: checking for updates event="update.check.start" subsystem="update" outcome="started"
2026-07-29T01:09:50.934282Z  INFO herdr::logging: checking for updates event="update.check.start" subsystem="update" outcome="started"
2026-07-29T01:39:50.904940Z  INFO herdr::logging: checking for updates event="update.check.start" subsystem="update" outcome="started"
2026-07-29T02:09:50.929146Z  INFO herdr::logging: checking for updates event="update.check.start" subsystem="update" outcome="started"
2026-07-29T02:39:50.920053Z  INFO herdr::logging: checking for updates event="update.check.start" subsystem="update" outcome="started"
2026-07-29T03:09:50.910841Z  INFO herdr::logging: checking for updates event="update.check.start" subsystem="update" outcome="started"
2026-07-29T03:39:50.889313Z  INFO herdr::logging: checking for updates event="update.check.start" subsystem="update" outcome="started"
2026-07-29T04:09:50.893737Z  INFO herdr::logging: checking for updates event="update.check.start" subsystem="update" outcome="started"
2026-07-29T04:39:50.851814Z  INFO herdr::logging: checking for updates event="update.check.start" subsystem="update" outcome="started"
2026-07-29T05:09:50.894608Z  INFO herdr::logging: checking for updates event="update.check.start" subsystem="update" outcome="started"
2026-07-29T05:39:50.896748Z  INFO herdr::logging: checking for updates event="update.check.start" subsystem="update" outcome="started"
2026-07-29T06:09:50.886933Z  INFO herdr::logging: checking for updates event="update.check.start" subsystem="update" outcome="started"
2026-07-29T06:39:50.928649Z  INFO herdr::logging: checking for updates event="update.check.start" subsystem="update" outcome="started"
2026-07-29T07:09:50.904533Z  INFO herdr::logging: checking for updates event="update.check.start" subsystem="update" outcome="started"
2026-07-29T07:39:50.902561Z  INFO herdr::logging: checking for updates event="update.check.start" subsystem="update" outcome="started"
2026-07-29T08:09:50.912067Z  INFO herdr::logging: checking for updates event="update.check.start" subsystem="update" outcome="started"
2026-07-29T08:39:50.934070Z  INFO herdr::logging: checking for updates event="update.check.start" subsystem="update" outcome="started"
2026-07-29T09:09:50.951526Z  INFO herdr::logging: checking for updates event="update.check.start" subsystem="update" outcome="started"
2026-07-29T09:39:50.950888Z  INFO herdr::logging: checking for updates event="update.check.start" subsystem="update" outcome="started"
2026-07-29T10:09:50.904863Z  INFO herdr::logging: checking for updates event="update.check.start" subsystem="update" outcome="started"
2026-07-29T10:39:50.917153Z  INFO herdr::logging: checking for updates event="update.check.start" subsystem="update" outcome="started"
2026-07-29T11:09:50.934023Z  INFO herdr::logging: checking for updates event="update.check.start" subsystem="update" outcome="started"
2026-07-29T11:39:50.945014Z  INFO herdr::logging: checking for updates event="update.check.start" subsystem="update" outcome="started"
2026-07-29T12:09:50.830594Z  INFO herdr::logging: checking for updates event="update.check.start" subsystem="update" outcome="started"
2026-07-29T12:39:50.883307Z  INFO herdr::logging: checking for updates event="update.check.start" subsystem="update" outcome="started"
2026-07-29T13:09:50.940028Z  INFO herdr::logging: checking for updates event="update.check.start" subsystem="update" outcome="started"
2026-07-29T13:39:50.938761Z  INFO herdr::logging: checking for updates event="update.check.start" subsystem="update" outcome="started"
2026-07-29T14:09:50.930571Z  INFO herdr::logging: checking for updates event="update.check.start" subsystem="update" outcome="started"
2026-07-29T14:28:32.975000Z  INFO herdr::logging: tab focused event="tab.focus" subsystem="tab" outcome="ok" workspace_id="w5" tab_id="w5:t7"
2026-07-29T14:28:37.980783Z  INFO herdr::logging: session saved event="persist.save" subsystem="persist" outcome="ok" path=/Users/David.Vigh/.config/herdr/session.json workspaces=1
2026-07-29T14:28:38.027932Z  INFO herdr::logging: tab focused event="tab.focus" subsystem="tab" outcome="ok" workspace_id="w5" tab_id="w5:t6"
2026-07-29T14:28:42.719089Z  INFO herdr::logging: spawning pane terminal event="pane.spawn.start" subsystem="pane" outcome="started" pane_id=5 rows=67 cols=207 scrollback_limit_bytes=10000000
2026-07-29T14:28:42.725779Z  INFO herdr::logging: pane child spawned event="pane.spawned" subsystem="pane" outcome="ok" pane_id=5 pid=85144
2026-07-29T14:28:42.726413Z  INFO herdr::logging: tab focused event="tab.focus" subsystem="tab" outcome="ok" workspace_id="w5" tab_id="w5:t9"
2026-07-29T14:28:47.048379Z  INFO herdr::logging: tab focused event="tab.focus" subsystem="tab" outcome="ok" workspace_id="w5" tab_id="w5:t8"
2026-07-29T14:28:52.056743Z  INFO herdr::logging: session saved event="persist.save" subsystem="persist" outcome="ok" path=/Users/David.Vigh/.config/herdr/session.json workspaces=1
2026-07-29T14:29:44.380028Z  INFO herdr::logging: tab focused event="tab.focus" subsystem="tab" outcome="ok" workspace_id="w5" tab_id="w5:t7"
2026-07-29T14:29:49.382061Z  INFO herdr::logging: session saved event="persist.save" subsystem="persist" outcome="ok" path=/Users/David.Vigh/.config/herdr/session.json workspaces=1
2026-07-29T14:29:56.552892Z  INFO herdr::logging: tab focused event="tab.focus" subsystem="tab" outcome="ok" workspace_id="w5" tab_id="w5:t9"
2026-07-29T14:30:01.560780Z  INFO herdr::logging: session saved event="persist.save" subsystem="persist" outcome="ok" path=/Users/David.Vigh/.config/herdr/session.json workspaces=1
2026-07-29T14:30:30.195841Z  INFO herdr::pane: agent changed pane=5 previous_agent=None agent=Some(OpenCode) process=opencode pgid=Some(85559)
2026-07-29T14:30:58.859620Z  INFO herdr::pane: agent changed pane=5 previous_agent=None agent=Some(OpenCode) process=opencode pgid=Some(85559)
2026-07-29T14:31:03.838445Z  INFO herdr::logging: session saved event="persist.save" subsystem="persist" outcome="ok" path=/Users/David.Vigh/.config/herdr/session.json workspaces=1
2026-07-29T14:31:10.752706Z  INFO herdr::logging: tab focused event="tab.focus" subsystem="tab" outcome="ok" workspace_id="w5" tab_id="w5:t8"
2026-07-29T14:31:15.759475Z  INFO herdr::logging: session saved event="persist.save" subsystem="persist" outcome="ok" path=/Users/David.Vigh/.config/herdr/session.json workspaces=1
2026-07-29T14:31:52.211849Z  INFO herdr::logging: tab focused event="tab.focus" subsystem="tab" outcome="ok" workspace_id="w5" tab_id="w5:t9"
2026-07-29T14:31:57.217677Z  INFO herdr::logging: session saved event="persist.save" subsystem="persist" outcome="ok" path=/Users/David.Vigh/.config/herdr/session.json workspaces=1
2026-07-29T14:39:50.918819Z  INFO herdr::logging: checking for updates event="update.check.start" subsystem="update" outcome="started"
2026-07-29T15:09:50.899865Z  INFO herdr::logging: checking for updates event="update.check.start" subsystem="update" outcome="started"
2026-07-29T15:39:50.891576Z  INFO herdr::logging: checking for updates event="update.check.start" subsystem="update" outcome="started"
2026-07-29T16:09:50.884860Z  INFO herdr::logging: checking for updates event="update.check.start" subsystem="update" outcome="started"
2026-07-29T16:12:42.896884Z  INFO herdr::logging: spawning pane terminal event="pane.spawn.start" subsystem="pane" outcome="started" pane_id=6 rows=67 cols=207 scrollback_limit_bytes=10000000
2026-07-29T16:12:42.904597Z  INFO herdr::logging: pane child spawned event="pane.spawned" subsystem="pane" outcome="ok" pane_id=6 pid=90297
2026-07-29T16:12:42.905048Z  INFO herdr::logging: tab focused event="tab.focus" subsystem="tab" outcome="ok" workspace_id="w5" tab_id="w5:tA"
2026-07-29T16:12:47.917046Z  INFO herdr::logging: session saved event="persist.save" subsystem="persist" outcome="ok" path=/Users/David.Vigh/.config/herdr/session.json workspaces=1
2026-07-29T16:13:41.689148Z  INFO herdr::logging: tab focused event="tab.focus" subsystem="tab" outcome="ok" workspace_id="w5" tab_id="w5:t7"
2026-07-29T16:13:42.453841Z  INFO herdr::logging: tab focused event="tab.focus" subsystem="tab" outcome="ok" workspace_id="w5" tab_id="w5:t8"
2026-07-29T16:13:43.219474Z  INFO herdr::logging: tab focused event="tab.focus" subsystem="tab" outcome="ok" workspace_id="w5" tab_id="w5:t9"
2026-07-29T16:13:44.842433Z  INFO herdr::logging: tab focused event="tab.focus" subsystem="tab" outcome="ok" workspace_id="w5" tab_id="w5:tA"
2026-07-29T16:13:46.818918Z  INFO herdr::logging: tab focused event="tab.focus" subsystem="tab" outcome="ok" workspace_id="w5" tab_id="w5:tA"
2026-07-29T16:13:48.679608Z  INFO herdr::logging: tab focused event="tab.focus" subsystem="tab" outcome="ok" workspace_id="w5" tab_id="w5:t9"
2026-07-29T16:13:53.088770Z  INFO herdr::logging: tab focused event="tab.focus" subsystem="tab" outcome="ok" workspace_id="w5" tab_id="w5:tA"
2026-07-29T16:13:58.096505Z  INFO herdr::logging: session saved event="persist.save" subsystem="persist" outcome="ok" path=/Users/David.Vigh/.config/herdr/session.json workspaces=1
2026-07-29T16:13:58.849366Z  INFO herdr::logging: tab focused event="tab.focus" subsystem="tab" outcome="ok" workspace_id="w5" tab_id="w5:t8"
2026-07-29T16:13:59.749911Z  INFO herdr::logging: tab focused event="tab.focus" subsystem="tab" outcome="ok" workspace_id="w5" tab_id="w5:t9"
2026-07-29T16:14:01.402512Z  INFO herdr::logging: tab focused event="tab.focus" subsystem="tab" outcome="ok" workspace_id="w5" tab_id="w5:tA"
2026-07-29T16:14:06.408488Z  INFO herdr::logging: session saved event="persist.save" subsystem="persist" outcome="ok" path=/Users/David.Vigh/.config/herdr/session.json workspaces=1
2026-07-29T16:14:15.843765Z  INFO herdr::logging: session saved event="persist.save" subsystem="persist" outcome="ok" path=/Users/David.Vigh/.config/herdr/session.json workspaces=1
2026-07-29T16:14:56.934253Z  INFO herdr::logging: tab focused event="tab.focus" subsystem="tab" outcome="ok" workspace_id="w5" tab_id="w5:t8"
2026-07-29T16:14:58.192310Z  INFO herdr::logging: tab focused event="tab.focus" subsystem="tab" outcome="ok" workspace_id="w5" tab_id="w5:t9"
2026-07-29T16:15:03.196830Z  INFO herdr::logging: session saved event="persist.save" subsystem="persist" outcome="ok" path=/Users/David.Vigh/.config/herdr/session.json workspaces=1
2026-07-29T16:20:30.456789Z  INFO herdr::logging: tab focused event="tab.focus" subsystem="tab" outcome="ok" workspace_id="w5" tab_id="w5:t8"
2026-07-29T16:20:35.478123Z  INFO herdr::logging: session saved event="persist.save" subsystem="persist" outcome="ok" path=/Users/David.Vigh/.config/herdr/session.json workspaces=1
2026-07-29T16:20:40.690372Z  INFO herdr::logging: tab focused event="tab.focus" subsystem="tab" outcome="ok" workspace_id="w5" tab_id="w5:t7"
2026-07-29T16:20:44.358331Z  INFO herdr::logging: tab focused event="tab.focus" subsystem="tab" outcome="ok" workspace_id="w5" tab_id="w5:t9"
2026-07-29T16:20:47.859332Z  INFO herdr::logging: tab focused event="tab.focus" subsystem="tab" outcome="ok" workspace_id="w5" tab_id="w5:tA"
2026-07-29T16:20:52.867223Z  INFO herdr::logging: session saved event="persist.save" subsystem="persist" outcome="ok" path=/Users/David.Vigh/.config/herdr/session.json workspaces=1
2026-07-29T16:20:55.051587Z  INFO herdr::logging: tab focused event="tab.focus" subsystem="tab" outcome="ok" workspace_id="w5" tab_id="w5:t9"
2026-07-29T16:21:00.057894Z  INFO herdr::logging: session saved event="persist.save" subsystem="persist" outcome="ok" path=/Users/David.Vigh/.config/herdr/session.json workspaces=1
2026-07-29T16:21:01.558667Z  INFO herdr::logging: tab focused event="tab.focus" subsystem="tab" outcome="ok" workspace_id="w5" tab_id="w5:t8"
2026-07-29T16:21:06.565762Z  INFO herdr::logging: session saved event="persist.save" subsystem="persist" outcome="ok" path=/Users/David.Vigh/.config/herdr/session.json workspaces=1
2026-07-29T16:22:17.065436Z  INFO herdr::logging: tab focused event="tab.focus" subsystem="tab" outcome="ok" workspace_id="w5" tab_id="w5:t9"
2026-07-29T16:22:18.305393Z  INFO herdr::logging: tab focused event="tab.focus" subsystem="tab" outcome="ok" workspace_id="w5" tab_id="w5:tA"
2026-07-29T16:22:23.309763Z  INFO herdr::logging: session saved event="persist.save" subsystem="persist" outcome="ok" path=/Users/David.Vigh/.config/herdr/session.json workspaces=1
2026-07-29T16:22:50.464046Z  INFO herdr::logging: tab focused event="tab.focus" subsystem="tab" outcome="ok" workspace_id="w5" tab_id="w5:t8"
2026-07-29T16:22:55.472344Z  INFO herdr::logging: session saved event="persist.save" subsystem="persist" outcome="ok" path=/Users/David.Vigh/.config/herdr/session.json workspaces=1
2026-07-29T16:29:00.272791Z  INFO herdr::logging: tab focused event="tab.focus" subsystem="tab" outcome="ok" workspace_id="w5" tab_id="w5:tA"
2026-07-29T16:29:05.276752Z  INFO herdr::logging: session saved event="persist.save" subsystem="persist" outcome="ok" path=/Users/David.Vigh/.config/herdr/session.json workspaces=1
2026-07-29T16:30:42.389661Z  INFO herdr::logging: tab focused event="tab.focus" subsystem="tab" outcome="ok" workspace_id="w5" tab_id="w5:t9"
2026-07-29T16:30:47.397228Z  INFO herdr::logging: session saved event="persist.save" subsystem="persist" outcome="ok" path=/Users/David.Vigh/.config/herdr/session.json workspaces=1
2026-07-29T16:30:50.401951Z  INFO herdr::logging: tab focused event="tab.focus" subsystem="tab" outcome="ok" workspace_id="w5" tab_id="w5:t8"
2026-07-29T16:30:55.405016Z  INFO herdr::logging: session saved event="persist.save" subsystem="persist" outcome="ok" path=/Users/David.Vigh/.config/herdr/session.json workspaces=1
2026-07-29T16:39:50.918045Z  INFO herdr::logging: checking for updates event="update.check.start" subsystem="update" outcome="started"
2026-07-29T16:56:06.828194Z  INFO herdr::logging: tab focused event="tab.focus" subsystem="tab" outcome="ok" workspace_id="w5" tab_id="w5:t9"
2026-07-29T16:56:07.419768Z  INFO herdr::logging: tab focused event="tab.focus" subsystem="tab" outcome="ok" workspace_id="w5" tab_id="w5:t8"
2026-07-29T16:56:12.426344Z  INFO herdr::logging: session saved event="persist.save" subsystem="persist" outcome="ok" path=/Users/David.Vigh/.config/herdr/session.json workspaces=1
2026-07-29T16:56:16.768189Z  INFO herdr::logging: tab focused event="tab.focus" subsystem="tab" outcome="ok" workspace_id="w5" tab_id="w5:t8"
2026-07-29T16:56:21.772455Z  INFO herdr::logging: session saved event="persist.save" subsystem="persist" outcome="ok" path=/Users/David.Vigh/.config/herdr/session.json workspaces=1
2026-07-29T16:56:23.250966Z  INFO herdr::logging: tab focused event="tab.focus" subsystem="tab" outcome="ok" workspace_id="w5" tab_id="w5:t8"
2026-07-29T16:56:24.260156Z  INFO herdr::logging: workspace focused event="workspace.focus" subsystem="workspace" outcome="ok" workspace_id="w5"
2026-07-29T16:56:24.260389Z  INFO herdr::logging: tab focused event="tab.focus" subsystem="tab" outcome="ok" workspace_id="w5" tab_id="w5:t8"
2026-07-29T16:56:24.260496Z  INFO herdr::logging: tab focused event="tab.focus" subsystem="tab" outcome="ok" workspace_id="w5" tab_id="w5:t8"
2026-07-29T16:56:24.271670Z  INFO herdr::logging: pane child exited event="pane.exit" subsystem="pane" outcome="completed" pane_id=4 status="ExitStatus { code: 1, signal: None }"
2026-07-29T16:56:24.334429Z  INFO herdr::pane: pane session terminated pane=4 pid=44296 signal=Hangup
2026-07-29T16:56:24.334705Z  WARN herdr::app::actions: PaneDied for unknown pane pane=4
2026-07-29T16:56:25.093394Z  INFO herdr::logging: tab focused event="tab.focus" subsystem="tab" outcome="ok" workspace_id="w5" tab_id="w5:t9"
2026-07-29T16:56:26.871327Z  INFO herdr::logging: tab focused event="tab.focus" subsystem="tab" outcome="ok" workspace_id="w5" tab_id="w5:tA"
2026-07-29T16:56:29.598522Z  INFO herdr::logging: spawning pane terminal event="pane.spawn.start" subsystem="pane" outcome="started" pane_id=7 rows=67 cols=207 scrollback_limit_bytes=10000000
2026-07-29T16:56:29.603642Z  INFO herdr::logging: pane child spawned event="pane.spawned" subsystem="pane" outcome="ok" pane_id=7 pid=1896
2026-07-29T16:56:29.603850Z  INFO herdr::logging: tab focused event="tab.focus" subsystem="tab" outcome="ok" workspace_id="w5" tab_id="w5:tB"
2026-07-29T16:56:34.608913Z  INFO herdr::logging: session saved event="persist.save" subsystem="persist" outcome="ok" path=/Users/David.Vigh/.config/herdr/session.json workspaces=1
2026-07-29T16:56:57.382957Z  INFO herdr::pane: agent changed pane=7 previous_agent=None agent=Some(OpenCode) process=opencode pgid=Some(2090)
2026-07-29T17:09:50.956547Z  INFO herdr::logging: checking for updates event="update.check.start" subsystem="update" outcome="started"
2026-07-29T17:14:16.459712Z  INFO herdr::pane: agent changed pane=7 previous_agent=None agent=Some(OpenCode) process=opencode pgid=Some(2090)
2026-07-29T17:14:21.468563Z  INFO herdr::logging: session saved event="persist.save" subsystem="persist" outcome="ok" path=/Users/David.Vigh/.config/herdr/session.json workspaces=1
2026-07-29T17:14:23.947123Z  INFO herdr::logging: spawning pane terminal event="pane.spawn.start" subsystem="pane" outcome="started" pane_id=8 rows=67 cols=207 scrollback_limit_bytes=10000000
2026-07-29T17:14:23.951321Z  INFO herdr::logging: pane child spawned event="pane.spawned" subsystem="pane" outcome="ok" pane_id=8 pid=3630
2026-07-29T17:14:23.951830Z  INFO herdr::logging: workspace created event="workspace.create" subsystem="workspace" outcome="ok" workspace_id="w6" pane_id=8
2026-07-29T17:14:23.951841Z  INFO herdr::logging: workspace focused event="workspace.focus" subsystem="workspace" outcome="ok" workspace_id="w6"
2026-07-29T17:14:23.951899Z  INFO herdr::logging: tab focused event="tab.focus" subsystem="tab" outcome="ok" workspace_id="w6" tab_id="w6:t1"
2026-07-29T17:14:28.953778Z  INFO herdr::logging: session saved event="persist.save" subsystem="persist" outcome="ok" path=/Users/David.Vigh/.config/herdr/session.json workspaces=2
2026-07-29T17:14:33.566379Z  INFO herdr::pane: agent changed pane=8 previous_agent=None agent=Some(OpenCode) process=opencode pgid=Some(3724)
2026-07-29T17:15:52.709037Z  INFO herdr::pane: agent changed pane=8 previous_agent=None agent=Some(OpenCode) process=opencode pgid=Some(3724)
2026-07-29T17:15:57.700879Z  INFO herdr::logging: session saved event="persist.save" subsystem="persist" outcome="ok" path=/Users/David.Vigh/.config/herdr/session.json workspaces=2
2026-07-29T17:31:46.263468Z  INFO herdr::logging: workspace focused event="workspace.focus" subsystem="workspace" outcome="ok" workspace_id="w5"
2026-07-29T17:31:46.268978Z  INFO herdr::logging: tab focused event="tab.focus" subsystem="tab" outcome="ok" workspace_id="w5" tab_id="w5:tB"
2026-07-29T17:31:51.272841Z  INFO herdr::logging: session saved event="persist.save" subsystem="persist" outcome="ok" path=/Users/David.Vigh/.config/herdr/session.json workspaces=2
2026-07-29T17:39:50.943049Z  INFO herdr::logging: checking for updates event="update.check.start" subsystem="update" outcome="started"
2026-07-29T18:09:50.973480Z  INFO herdr::logging: checking for updates event="update.check.start" subsystem="update" outcome="started"
2026-07-29T18:27:15.540233Z  INFO herdr::logging: tab focused event="tab.focus" subsystem="tab" outcome="ok" workspace_id="w5" tab_id="w5:tA"
2026-07-29T18:27:20.551909Z  INFO herdr::logging: session saved event="persist.save" subsystem="persist" outcome="ok" path=/Users/David.Vigh/.config/herdr/session.json workspaces=2
2026-07-29T18:30:14.927595Z  INFO herdr::app::actions: copied selection to clipboard
2026-07-29T18:30:17.437674Z  INFO herdr::logging: tab focused event="tab.focus" subsystem="tab" outcome="ok" workspace_id="w5" tab_id="w5:t9"
2026-07-29T18:30:22.441990Z  INFO herdr::logging: session saved event="persist.save" subsystem="persist" outcome="ok" path=/Users/David.Vigh/.config/herdr/session.json workspaces=2
2026-07-29T18:30:27.037678Z  INFO herdr::logging: tab focused event="tab.focus" subsystem="tab" outcome="ok" workspace_id="w5" tab_id="w5:tB"
2026-07-29T18:30:28.814996Z  INFO herdr::logging: tab focused event="tab.focus" subsystem="tab" outcome="ok" workspace_id="w5" tab_id="w5:tA"
2026-07-29T18:30:32.848461Z  INFO herdr::logging: tab focused event="tab.focus" subsystem="tab" outcome="ok" workspace_id="w5" tab_id="w5:t9"
2026-07-29T18:30:33.486599Z  INFO herdr::logging: tab focused event="tab.focus" subsystem="tab" outcome="ok" workspace_id="w5" tab_id="w5:t7"
2026-07-29T18:30:34.547965Z  INFO herdr::logging: tab focused event="tab.focus" subsystem="tab" outcome="ok" workspace_id="w5" tab_id="w5:t9"
2026-07-29T18:30:39.552375Z  INFO herdr::logging: session saved event="persist.save" subsystem="persist" outcome="ok" path=/Users/David.Vigh/.config/herdr/session.json workspaces=2
2026-07-29T18:30:40.394334Z  INFO herdr::logging: tab focused event="tab.focus" subsystem="tab" outcome="ok" workspace_id="w5" tab_id="w5:t7"
2026-07-29T18:30:42.241566Z  INFO herdr::logging: tab focused event="tab.focus" subsystem="tab" outcome="ok" workspace_id="w5" tab_id="w5:tA"
2026-07-29T18:30:44.239084Z  INFO herdr::logging: tab focused event="tab.focus" subsystem="tab" outcome="ok" workspace_id="w5" tab_id="w5:tB"
2026-07-29T18:30:49.244526Z  INFO herdr::logging: session saved event="persist.save" subsystem="persist" outcome="ok" path=/Users/David.Vigh/.config/herdr/session.json workspaces=2
2026-07-29T18:34:44.872562Z  INFO herdr::logging: tab focused event="tab.focus" subsystem="tab" outcome="ok" workspace_id="w5" tab_id="w5:tA"
2026-07-29T18:34:49.880560Z  INFO herdr::logging: session saved event="persist.save" subsystem="persist" outcome="ok" path=/Users/David.Vigh/.config/herdr/session.json workspaces=2
2026-07-29T18:35:58.882430Z  INFO herdr::app::actions: copied selection to clipboard
2026-07-29T18:36:19.214082Z  INFO herdr::pane: agent changed pane=6 previous_agent=None agent=Some(OpenCode) process=opencode pgid=Some(10698)
2026-07-29T18:36:28.231808Z  INFO herdr::pane: agent changed pane=6 previous_agent=None agent=Some(OpenCode) process=opencode pgid=Some(10698)
2026-07-29T18:36:33.223423Z  INFO herdr::logging: session saved event="persist.save" subsystem="persist" outcome="ok" path=/Users/David.Vigh/.config/herdr/session.json workspaces=2
2026-07-29T18:39:50.995295Z  INFO herdr::logging: checking for updates event="update.check.start" subsystem="update" outcome="started"
2026-07-29T19:09:50.978665Z  INFO herdr::logging: checking for updates event="update.check.start" subsystem="update" outcome="started"
2026-07-29T19:39:51.002762Z  INFO herdr::logging: checking for updates event="update.check.start" subsystem="update" outcome="started"
2026-07-29T19:51:28.092511Z  INFO herdr::logging: tab focused event="tab.focus" subsystem="tab" outcome="ok" workspace_id="w5" tab_id="w5:t9"
2026-07-29T19:51:32.706387Z  INFO herdr::logging: tab focused event="tab.focus" subsystem="tab" outcome="ok" workspace_id="w5" tab_id="w5:tB"
2026-07-29T19:51:37.709709Z  INFO herdr::logging: session saved event="persist.save" subsystem="persist" outcome="ok" path=/Users/David.Vigh/.config/herdr/session.json workspaces=2
2026-07-29T20:09:51.017733Z  INFO herdr::logging: checking for updates event="update.check.start" subsystem="update" outcome="started"
2026-07-29T20:30:07.481070Z  INFO herdr::logging: tab focused event="tab.focus" subsystem="tab" outcome="ok" workspace_id="w5" tab_id="w5:tA"
2026-07-29T20:30:10.540065Z  INFO herdr::logging: tab focused event="tab.focus" subsystem="tab" outcome="ok" workspace_id="w5" tab_id="w5:t9"
2026-07-29T20:30:15.546127Z  INFO herdr::logging: session saved event="persist.save" subsystem="persist" outcome="ok" path=/Users/David.Vigh/.config/herdr/session.json workspaces=2
2026-07-29T20:30:31.381854Z  INFO herdr::pane: agent changed pane=5 previous_agent=Some(OpenCode) agent=None pgid=Some(85144)
2026-07-29T20:30:36.082263Z  INFO herdr::logging: session saved event="persist.save" subsystem="persist" outcome="ok" path=/Users/David.Vigh/.config/herdr/session.json workspaces=2
2026-07-29T20:33:06.409708Z  INFO herdr::logging: tab focused event="tab.focus" subsystem="tab" outcome="ok" workspace_id="w5" tab_id="w5:t7"
2026-07-29T20:33:11.383817Z  INFO herdr::logging: tab focused event="tab.focus" subsystem="tab" outcome="ok" workspace_id="w5" tab_id="w5:t9"
2026-07-29T20:33:11.936925Z  INFO herdr::logging: tab focused event="tab.focus" subsystem="tab" outcome="ok" workspace_id="w5" tab_id="w5:tA"
2026-07-29T20:33:16.382785Z  INFO herdr::logging: tab focused event="tab.focus" subsystem="tab" outcome="ok" workspace_id="w5" tab_id="w5:tB"
2026-07-29T20:33:21.391754Z  INFO herdr::logging: session saved event="persist.save" subsystem="persist" outcome="ok" path=/Users/David.Vigh/.config/herdr/session.json workspaces=2
2026-07-29T20:33:46.317695Z  INFO herdr::logging: spawning pane terminal event="pane.spawn.start" subsystem="pane" outcome="started" pane_id=9 rows=67 cols=207 scrollback_limit_bytes=10000000
2026-07-29T20:33:46.321408Z  INFO herdr::logging: pane child spawned event="pane.spawned" subsystem="pane" outcome="ok" pane_id=9 pid=16562
2026-07-29T20:33:46.321628Z  INFO herdr::logging: tab focused event="tab.focus" subsystem="tab" outcome="ok" workspace_id="w5" tab_id="w5:tC"
2026-07-29T20:33:51.325969Z  INFO herdr::logging: session saved event="persist.save" subsystem="persist" outcome="ok" path=/Users/David.Vigh/.config/herdr/session.json workspaces=2
2026-07-29T20:34:10.349403Z  INFO herdr::logging: tab focused event="tab.focus" subsystem="tab" outcome="ok" workspace_id="w5" tab_id="w5:tB"
2026-07-29T20:34:15.352023Z  INFO herdr::logging: session saved event="persist.save" subsystem="persist" outcome="ok" path=/Users/David.Vigh/.config/herdr/session.json workspaces=2
2026-07-29T20:34:35.471463Z  INFO herdr::logging: tab focused event="tab.focus" subsystem="tab" outcome="ok" workspace_id="w5" tab_id="w5:tA"
2026-07-29T20:34:36.863231Z  INFO herdr::logging: tab focused event="tab.focus" subsystem="tab" outcome="ok" workspace_id="w5" tab_id="w5:tC"
2026-07-29T20:34:39.937837Z  INFO herdr::logging: tab focused event="tab.focus" subsystem="tab" outcome="ok" workspace_id="w5" tab_id="w5:t7"
2026-07-29T20:34:40.957371Z  INFO herdr::logging: tab focused event="tab.focus" subsystem="tab" outcome="ok" workspace_id="w5" tab_id="w5:t7"
2026-07-29T20:34:41.354440Z  INFO herdr::logging: tab focused event="tab.focus" subsystem="tab" outcome="ok" workspace_id="w5" tab_id="w5:t9"
2026-07-29T20:34:46.356197Z  INFO herdr::logging: session saved event="persist.save" subsystem="persist" outcome="ok" path=/Users/David.Vigh/.config/herdr/session.json workspaces=2
2026-07-29T20:35:36.866683Z  INFO herdr::app::actions: copied selection to clipboard
2026-07-29T20:35:40.975516Z  INFO herdr::logging: tab focused event="tab.focus" subsystem="tab" outcome="ok" workspace_id="w5" tab_id="w5:tA"
2026-07-29T20:35:41.797135Z  INFO herdr::logging: tab focused event="tab.focus" subsystem="tab" outcome="ok" workspace_id="w5" tab_id="w5:tB"
2026-07-29T20:35:46.802710Z  INFO herdr::logging: session saved event="persist.save" subsystem="persist" outcome="ok" path=/Users/David.Vigh/.config/herdr/session.json workspaces=2
2026-07-29T20:36:18.544070Z  INFO herdr::logging: tab focused event="tab.focus" subsystem="tab" outcome="ok" workspace_id="w5" tab_id="w5:tC"
2026-07-29T20:36:21.822994Z  INFO herdr::logging: tab focused event="tab.focus" subsystem="tab" outcome="ok" workspace_id="w5" tab_id="w5:t9"
2026-07-29T20:36:22.306794Z  INFO herdr::logging: tab focused event="tab.focus" subsystem="tab" outcome="ok" workspace_id="w5" tab_id="w5:tA"
2026-07-29T20:36:22.912877Z  INFO herdr::logging: tab focused event="tab.focus" subsystem="tab" outcome="ok" workspace_id="w5" tab_id="w5:t9"
2026-07-29T20:36:27.918281Z  INFO herdr::logging: session saved event="persist.save" subsystem="persist" outcome="ok" path=/Users/David.Vigh/.config/herdr/session.json workspaces=2
2026-07-29T20:36:39.913434Z  INFO herdr::logging: tab focused event="tab.focus" subsystem="tab" outcome="ok" workspace_id="w5" tab_id="w5:tB"
2026-07-29T20:36:44.918838Z  INFO herdr::logging: session saved event="persist.save" subsystem="persist" outcome="ok" path=/Users/David.Vigh/.config/herdr/session.json workspaces=2
2026-07-29T20:37:58.769345Z  INFO herdr::logging: tab focused event="tab.focus" subsystem="tab" outcome="ok" workspace_id="w5" tab_id="w5:tA"
2026-07-29T20:37:59.843093Z  INFO herdr::logging: tab focused event="tab.focus" subsystem="tab" outcome="ok" workspace_id="w5" tab_id="w5:t9"
2026-07-29T20:38:04.851041Z  INFO herdr::logging: session saved event="persist.save" subsystem="persist" outcome="ok" path=/Users/David.Vigh/.config/herdr/session.json workspaces=2
2026-07-29T20:39:50.977882Z  INFO herdr::logging: checking for updates event="update.check.start" subsystem="update" outcome="started"
2026-07-29T20:40:25.027300Z  INFO herdr::app::actions: copied selection to clipboard
2026-07-29T20:40:27.298798Z  INFO herdr::logging: tab focused event="tab.focus" subsystem="tab" outcome="ok" workspace_id="w5" tab_id="w5:tC"
2026-07-29T20:40:32.306812Z  INFO herdr::logging: session saved event="persist.save" subsystem="persist" outcome="ok" path=/Users/David.Vigh/.config/herdr/session.json workspaces=2
2026-07-29T20:41:39.851315Z  INFO herdr::pane: agent changed pane=9 previous_agent=None agent=Some(OpenCode) process=opencode pgid=Some(18932)
2026-07-29T20:41:58.373076Z  INFO herdr::pane: agent changed pane=9 previous_agent=None agent=Some(OpenCode) process=opencode pgid=Some(18932)
2026-07-29T20:42:03.368587Z  INFO herdr::logging: session saved event="persist.save" subsystem="persist" outcome="ok" path=/Users/David.Vigh/.config/herdr/session.json workspaces=2
2026-07-29T20:42:49.587398Z  INFO herdr::logging: tab focused event="tab.focus" subsystem="tab" outcome="ok" workspace_id="w5" tab_id="w5:tB"
2026-07-29T20:42:52.641244Z  INFO herdr::logging: tab focused event="tab.focus" subsystem="tab" outcome="ok" workspace_id="w5" tab_id="w5:tA"
2026-07-29T20:42:53.180933Z  INFO herdr::logging: tab focused event="tab.focus" subsystem="tab" outcome="ok" workspace_id="w5" tab_id="w5:t9"
2026-07-29T20:42:57.089226Z  INFO herdr::app::actions: copied selection to clipboard
2026-07-29T20:42:58.186031Z  INFO herdr::logging: session saved event="persist.save" subsystem="persist" outcome="ok" path=/Users/David.Vigh/.config/herdr/session.json workspaces=2
2026-07-29T20:42:58.884976Z  INFO herdr::logging: tab focused event="tab.focus" subsystem="tab" outcome="ok" workspace_id="w5" tab_id="w5:tC"
2026-07-29T20:43:03.892816Z  INFO herdr::logging: session saved event="persist.save" subsystem="persist" outcome="ok" path=/Users/David.Vigh/.config/herdr/session.json workspaces=2
2026-07-29T20:48:59.009033Z  INFO herdr::logging: spawning pane terminal event="pane.spawn.start" subsystem="pane" outcome="started" pane_id=10 rows=67 cols=207 scrollback_limit_bytes=10000000
2026-07-29T20:48:59.016278Z  INFO herdr::logging: pane child spawned event="pane.spawned" subsystem="pane" outcome="ok" pane_id=10 pid=20310
2026-07-29T20:48:59.016627Z  INFO herdr::logging: tab focused event="tab.focus" subsystem="tab" outcome="ok" workspace_id="w5" tab_id="w5:tD"
2026-07-29T20:49:04.022898Z  INFO herdr::logging: session saved event="persist.save" subsystem="persist" outcome="ok" path=/Users/David.Vigh/.config/herdr/session.json workspaces=2
2026-07-29T20:50:52.247417Z  INFO herdr::logging: workspace focused event="workspace.focus" subsystem="workspace" outcome="ok" workspace_id="w5"
2026-07-29T20:50:52.247677Z  INFO herdr::logging: tab focused event="tab.focus" subsystem="tab" outcome="ok" workspace_id="w5" tab_id="w5:tD"
2026-07-29T20:50:52.247815Z  INFO herdr::logging: tab focused event="tab.focus" subsystem="tab" outcome="ok" workspace_id="w5" tab_id="w5:tD"
2026-07-29T20:50:52.260391Z  INFO herdr::logging: pane child exited event="pane.exit" subsystem="pane" outcome="completed" pane_id=10 status="ExitStatus { code: 1, signal: None }"
2026-07-29T20:50:52.273779Z  INFO herdr::pane: pane session terminated pane=10 pid=20310 signal=Hangup
2026-07-29T20:50:52.274014Z  WARN herdr::app::actions: PaneDied for unknown pane pane=10
2026-07-29T20:50:57.277112Z  INFO herdr::logging: session saved event="persist.save" subsystem="persist" outcome="ok" path=/Users/David.Vigh/.config/herdr/session.json workspaces=2
2026-07-29T20:51:07.998796Z  INFO herdr::logging: tab focused event="tab.focus" subsystem="tab" outcome="ok" workspace_id="w5" tab_id="w5:t7"
2026-07-29T20:51:08.670801Z  INFO herdr::logging: tab focused event="tab.focus" subsystem="tab" outcome="ok" workspace_id="w5" tab_id="w5:t9"
2026-07-29T20:51:13.677840Z  INFO herdr::logging: session saved event="persist.save" subsystem="persist" outcome="ok" path=/Users/David.Vigh/.config/herdr/session.json workspaces=2
2026-07-29T20:52:26.584656Z  INFO herdr::logging: tab focused event="tab.focus" subsystem="tab" outcome="ok" workspace_id="w5" tab_id="w5:tA"
2026-07-29T20:52:27.669178Z  INFO herdr::logging: tab focused event="tab.focus" subsystem="tab" outcome="ok" workspace_id="w5" tab_id="w5:tC"
2026-07-29T20:52:28.479077Z  INFO herdr::logging: tab focused event="tab.focus" subsystem="tab" outcome="ok" workspace_id="w5" tab_id="w5:tB"
2026-07-29T20:52:33.483312Z  INFO herdr::logging: session saved event="persist.save" subsystem="persist" outcome="ok" path=/Users/David.Vigh/.config/herdr/session.json workspaces=2
2026-07-29T20:52:34.620241Z  INFO herdr::pane: agent changed pane=7 previous_agent=Some(OpenCode) agent=None pgid=Some(1896)
2026-07-29T20:52:39.321903Z  INFO herdr::logging: session saved event="persist.save" subsystem="persist" outcome="ok" path=/Users/David.Vigh/.config/herdr/session.json workspaces=2
2026-07-29T20:53:06.098723Z  INFO herdr::logging: tab focused event="tab.focus" subsystem="tab" outcome="ok" workspace_id="w5" tab_id="w5:t9"
2026-07-29T20:53:11.106240Z  INFO herdr::logging: session saved event="persist.save" subsystem="persist" outcome="ok" path=/Users/David.Vigh/.config/herdr/session.json workspaces=2
2026-07-29T20:57:36.098079Z  INFO herdr::logging: tab focused event="tab.focus" subsystem="tab" outcome="ok" workspace_id="w5" tab_id="w5:tA"
2026-07-29T20:57:41.106245Z  INFO herdr::logging: session saved event="persist.save" subsystem="persist" outcome="ok" path=/Users/David.Vigh/.config/herdr/session.json workspaces=2
2026-07-29T20:57:41.659349Z  INFO herdr::pane: agent changed pane=6 previous_agent=Some(OpenCode) agent=None pgid=Some(90297)
2026-07-29T20:57:46.360538Z  INFO herdr::logging: session saved event="persist.save" subsystem="persist" outcome="ok" path=/Users/David.Vigh/.config/herdr/session.json workspaces=2
2026-07-29T21:03:52.989421Z  INFO herdr::logging: tab focused event="tab.focus" subsystem="tab" outcome="ok" workspace_id="w5" tab_id="w5:t9"
2026-07-29T21:03:54.968823Z  INFO herdr::logging: tab focused event="tab.focus" subsystem="tab" outcome="ok" workspace_id="w5" tab_id="w5:t7"
2026-07-29T21:03:57.365212Z  INFO herdr::logging: tab focused event="tab.focus" subsystem="tab" outcome="ok" workspace_id="w5" tab_id="w5:tC"
2026-07-29T21:04:02.369745Z  INFO herdr::logging: session saved event="persist.save" subsystem="persist" outcome="ok" path=/Users/David.Vigh/.config/herdr/session.json workspaces=2
2026-07-29T21:05:44.805625Z  INFO herdr::logging: tab focused event="tab.focus" subsystem="tab" outcome="ok" workspace_id="w5" tab_id="w5:tB"
2026-07-29T21:05:46.164204Z  INFO herdr::logging: tab focused event="tab.focus" subsystem="tab" outcome="ok" workspace_id="w5" tab_id="w5:tA"
2026-07-29T21:05:49.706510Z  INFO herdr::logging: tab focused event="tab.focus" subsystem="tab" outcome="ok" workspace_id="w5" tab_id="w5:tC"
2026-07-29T21:05:54.714174Z  INFO herdr::logging: session saved event="persist.save" subsystem="persist" outcome="ok" path=/Users/David.Vigh/.config/herdr/session.json workspaces=2
2026-07-29T21:07:32.706663Z  INFO herdr::pane: agent changed pane=9 previous_agent=None agent=Some(OpenCode) process=opencode pgid=Some(18932)
2026-07-29T21:07:37.705117Z  INFO herdr::logging: session saved event="persist.save" subsystem="persist" outcome="ok" path=/Users/David.Vigh/.config/herdr/session.json workspaces=2
2026-07-29T21:09:50.987906Z  INFO herdr::logging: checking for updates event="update.check.start" subsystem="update" outcome="started"
2026-07-29T21:17:57.523923Z  INFO herdr::logging: tab focused event="tab.focus" subsystem="tab" outcome="ok" workspace_id="w5" tab_id="w5:tB"
2026-07-29T21:18:02.529762Z  INFO herdr::logging: session saved event="persist.save" subsystem="persist" outcome="ok" path=/Users/David.Vigh/.config/herdr/session.json workspaces=2
2026-07-29T21:18:11.174333Z  INFO herdr::logging: tab focused event="tab.focus" subsystem="tab" outcome="ok" workspace_id="w5" tab_id="w5:t7"
2026-07-29T21:18:16.178843Z  INFO herdr::logging: session saved event="persist.save" subsystem="persist" outcome="ok" path=/Users/David.Vigh/.config/herdr/session.json workspaces=2
2026-07-29T21:18:16.972095Z  INFO herdr::logging: tab focused event="tab.focus" subsystem="tab" outcome="ok" workspace_id="w5" tab_id="w5:t9"
2026-07-29T21:18:21.978260Z  INFO herdr::logging: session saved event="persist.save" subsystem="persist" outcome="ok" path=/Users/David.Vigh/.config/herdr/session.json workspaces=2
2026-07-29T21:18:23.152558Z  INFO herdr::logging: tab focused event="tab.focus" subsystem="tab" outcome="ok" workspace_id="w5" tab_id="w5:tA"
2026-07-29T21:18:26.016902Z  INFO herdr::logging: tab focused event="tab.focus" subsystem="tab" outcome="ok" workspace_id="w5" tab_id="w5:tB"
2026-07-29T21:18:29.143458Z  INFO herdr::logging: tab focused event="tab.focus" subsystem="tab" outcome="ok" workspace_id="w5" tab_id="w5:tC"
2026-07-29T21:18:34.151444Z  INFO herdr::logging: session saved event="persist.save" subsystem="persist" outcome="ok" path=/Users/David.Vigh/.config/herdr/session.json workspaces=2
2026-07-29T21:24:45.271016Z  INFO herdr::logging: tab focused event="tab.focus" subsystem="tab" outcome="ok" workspace_id="w5" tab_id="w5:tB"
2026-07-29T21:24:50.275997Z  INFO herdr::logging: session saved event="persist.save" subsystem="persist" outcome="ok" path=/Users/David.Vigh/.config/herdr/session.json workspaces=2
2026-07-29T21:39:51.003187Z  INFO herdr::logging: checking for updates event="update.check.start" subsystem="update" outcome="started"
2026-07-29T21:41:47.404031Z  INFO herdr::pane: agent changed pane=7 previous_agent=None agent=Some(OpenCode) process=opencode pgid=Some(29903)
2026-07-29T21:43:06.044042Z  INFO herdr::pane: agent changed pane=7 previous_agent=None agent=Some(OpenCode) process=opencode pgid=Some(29903)
2026-07-29T21:43:11.030260Z  INFO herdr::logging: session saved event="persist.save" subsystem="persist" outcome="ok" path=/Users/David.Vigh/.config/herdr/session.json workspaces=2
2026-07-29T21:43:31.533963Z  INFO herdr::logging: tab focused event="tab.focus" subsystem="tab" outcome="ok" workspace_id="w5" tab_id="w5:tC"
2026-07-29T21:43:35.240906Z  INFO herdr::pane: agent changed pane=9 previous_agent=Some(OpenCode) agent=None pgid=Some(16562)
2026-07-29T21:43:39.938490Z  INFO herdr::logging: session saved event="persist.save" subsystem="persist" outcome="ok" path=/Users/David.Vigh/.config/herdr/session.json workspaces=2
2026-07-29T21:44:00.629194Z  INFO herdr::logging: tab focused event="tab.focus" subsystem="tab" outcome="ok" workspace_id="w5" tab_id="w5:tB"
2026-07-29T21:44:05.635473Z  INFO herdr::logging: session saved event="persist.save" subsystem="persist" outcome="ok" path=/Users/David.Vigh/.config/herdr/session.json workspaces=2
2026-07-29T21:44:45.192108Z  INFO herdr::logging: tab focused event="tab.focus" subsystem="tab" outcome="ok" workspace_id="w5" tab_id="w5:tA"
2026-07-29T21:44:48.137364Z  INFO herdr::logging: tab focused event="tab.focus" subsystem="tab" outcome="ok" workspace_id="w5" tab_id="w5:tC"
2026-07-29T21:44:53.144090Z  INFO herdr::logging: session saved event="persist.save" subsystem="persist" outcome="ok" path=/Users/David.Vigh/.config/herdr/session.json workspaces=2
2026-07-29T21:44:55.997894Z  INFO herdr::logging: tab focused event="tab.focus" subsystem="tab" outcome="ok" workspace_id="w5" tab_id="w5:tA"
2026-07-29T21:44:58.748452Z  INFO herdr::logging: tab focused event="tab.focus" subsystem="tab" outcome="ok" workspace_id="w5" tab_id="w5:tB"
2026-07-29T21:45:01.458139Z  INFO herdr::logging: tab focused event="tab.focus" subsystem="tab" outcome="ok" workspace_id="w5" tab_id="w5:t9"
2026-07-29T21:45:06.462963Z  INFO herdr::logging: session saved event="persist.save" subsystem="persist" outcome="ok" path=/Users/David.Vigh/.config/herdr/session.json workspaces=2
2026-07-29T21:49:58.346166Z  INFO herdr::logging: tab focused event="tab.focus" subsystem="tab" outcome="ok" workspace_id="w5" tab_id="w5:tA"
2026-07-29T21:50:03.350351Z  INFO herdr::logging: session saved event="persist.save" subsystem="persist" outcome="ok" path=/Users/David.Vigh/.config/herdr/session.json workspaces=2
2026-07-29T21:50:08.099773Z  INFO herdr::logging: tab focused event="tab.focus" subsystem="tab" outcome="ok" workspace_id="w5" tab_id="w5:tB"
2026-07-29T21:50:12.205175Z  INFO herdr::logging: tab focused event="tab.focus" subsystem="tab" outcome="ok" workspace_id="w5" tab_id="w5:tC"
2026-07-29T21:50:17.212439Z  INFO herdr::logging: session saved event="persist.save" subsystem="persist" outcome="ok" path=/Users/David.Vigh/.config/herdr/session.json workspaces=2
2026-07-29T21:50:32.517266Z  INFO herdr::app::actions: copied selection to clipboard
2026-07-29T21:50:33.861841Z  INFO herdr::logging: tab focused event="tab.focus" subsystem="tab" outcome="ok" workspace_id="w5" tab_id="w5:tB"
2026-07-29T21:50:38.867137Z  INFO herdr::logging: session saved event="persist.save" subsystem="persist" outcome="ok" path=/Users/David.Vigh/.config/herdr/session.json workspaces=2
2026-07-29T21:52:30.429499Z  INFO herdr::logging: tab focused event="tab.focus" subsystem="tab" outcome="ok" workspace_id="w5" tab_id="w5:tC"
2026-07-29T21:52:35.434498Z  INFO herdr::logging: session saved event="persist.save" subsystem="persist" outcome="ok" path=/Users/David.Vigh/.config/herdr/session.json workspaces=2
2026-07-29T21:54:12.251587Z  INFO herdr::logging: tab focused event="tab.focus" subsystem="tab" outcome="ok" workspace_id="w5" tab_id="w5:tB"
2026-07-29T21:54:17.255623Z  INFO herdr::logging: session saved event="persist.save" subsystem="persist" outcome="ok" path=/Users/David.Vigh/.config/herdr/session.json workspaces=2
2026-07-29T22:02:10.300604Z  INFO herdr::logging: tab focused event="tab.focus" subsystem="tab" outcome="ok" workspace_id="w5" tab_id="w5:tC"
2026-07-29T22:02:15.308469Z  INFO herdr::logging: session saved event="persist.save" subsystem="persist" outcome="ok" path=/Users/David.Vigh/.config/herdr/session.json workspaces=2
2026-07-29T22:03:01.431655Z  INFO herdr::app::actions: copied selection to clipboard
2026-07-29T22:04:13.602552Z  INFO herdr::logging: tab focused event="tab.focus" subsystem="tab" outcome="ok" workspace_id="w5" tab_id="w5:tA"
2026-07-29T22:04:14.218917Z  INFO herdr::logging: tab focused event="tab.focus" subsystem="tab" outcome="ok" workspace_id="w5" tab_id="w5:t9"
2026-07-29T22:04:15.237569Z  INFO herdr::logging: tab focused event="tab.focus" subsystem="tab" outcome="ok" workspace_id="w5" tab_id="w5:t7"
2026-07-29T22:04:16.019836Z  INFO herdr::logging: tab focused event="tab.focus" subsystem="tab" outcome="ok" workspace_id="w5" tab_id="w5:t6"
2026-07-29T22:04:17.937560Z  INFO herdr::logging: tab focused event="tab.focus" subsystem="tab" outcome="ok" workspace_id="w5" tab_id="w5:t5"
2026-07-29T22:04:18.961322Z  INFO herdr::logging: tab focused event="tab.focus" subsystem="tab" outcome="ok" workspace_id="w5" tab_id="w5:t6"
2026-07-29T22:04:20.007365Z  INFO herdr::logging: tab focused event="tab.focus" subsystem="tab" outcome="ok" workspace_id="w5" tab_id="w5:t7"
2026-07-29T22:04:20.456900Z  INFO herdr::logging: tab focused event="tab.focus" subsystem="tab" outcome="ok" workspace_id="w5" tab_id="w5:t9"
2026-07-29T22:04:20.878420Z  INFO herdr::logging: tab focused event="tab.focus" subsystem="tab" outcome="ok" workspace_id="w5" tab_id="w5:tB"
2026-07-29T22:04:25.883213Z  INFO herdr::logging: session saved event="persist.save" subsystem="persist" outcome="ok" path=/Users/David.Vigh/.config/herdr/session.json workspaces=2
2026-07-29T22:04:26.007172Z  INFO herdr::logging: tab focused event="tab.focus" subsystem="tab" outcome="ok" workspace_id="w5" tab_id="w5:tC"
2026-07-29T22:04:31.013018Z  INFO herdr::logging: session saved event="persist.save" subsystem="persist" outcome="ok" path=/Users/David.Vigh/.config/herdr/session.json workspaces=2
2026-07-29T22:04:53.246612Z  INFO herdr::logging: tab focused event="tab.focus" subsystem="tab" outcome="ok" workspace_id="w5" tab_id="w5:tC"
2026-07-29T22:04:53.757704Z  INFO herdr::logging: tab focused event="tab.focus" subsystem="tab" outcome="ok" workspace_id="w5" tab_id="w5:tB"
2026-07-29T22:04:58.766497Z  INFO herdr::logging: session saved event="persist.save" subsystem="persist" outcome="ok" path=/Users/David.Vigh/.config/herdr/session.json workspaces=2
2026-07-29T22:05:11.113628Z  INFO herdr::logging: tab focused event="tab.focus" subsystem="tab" outcome="ok" workspace_id="w5" tab_id="w5:tC"
2026-07-29T22:05:16.121576Z  INFO herdr::logging: session saved event="persist.save" subsystem="persist" outcome="ok" path=/Users/David.Vigh/.config/herdr/session.json workspaces=2
2026-07-29T22:06:46.781633Z  INFO herdr::app::actions: copied selection to clipboard
2026-07-29T22:08:32.066922Z  INFO herdr::app::actions: copied selection to clipboard
2026-07-29T22:08:33.362769Z  INFO herdr::logging: tab focused event="tab.focus" subsystem="tab" outcome="ok" workspace_id="w5" tab_id="w5:tA"
2026-07-29T22:08:35.921133Z  INFO herdr::logging: tab focused event="tab.focus" subsystem="tab" outcome="ok" workspace_id="w5" tab_id="w5:tB"
2026-07-29T22:08:40.929289Z  INFO herdr::logging: session saved event="persist.save" subsystem="persist" outcome="ok" path=/Users/David.Vigh/.config/herdr/session.json workspaces=2
2026-07-29T22:09:51.007889Z  INFO herdr::logging: checking for updates event="update.check.start" subsystem="update" outcome="started"
2026-07-29T22:22:01.002918Z  INFO herdr::logging: tab focused event="tab.focus" subsystem="tab" outcome="ok" workspace_id="w5" tab_id="w5:tC"
2026-07-29T22:22:06.011205Z  INFO herdr::logging: session saved event="persist.save" subsystem="persist" outcome="ok" path=/Users/David.Vigh/.config/herdr/session.json workspaces=2
2026-07-29T22:23:39.883379Z  INFO herdr::app::actions: copied selection to clipboard
2026-07-29T22:24:23.166154Z  INFO herdr::logging: tab focused event="tab.focus" subsystem="tab" outcome="ok" workspace_id="w5" tab_id="w5:tB"
2026-07-29T22:24:28.173967Z  INFO herdr::logging: session saved event="persist.save" subsystem="persist" outcome="ok" path=/Users/David.Vigh/.config/herdr/session.json workspaces=2
2026-07-29T22:25:26.153542Z  INFO herdr::logging: tab focused event="tab.focus" subsystem="tab" outcome="ok" workspace_id="w5" tab_id="w5:tC"
2026-07-29T22:25:31.157988Z  INFO herdr::logging: session saved event="persist.save" subsystem="persist" outcome="ok" path=/Users/David.Vigh/.config/herdr/session.json workspaces=2
2026-07-29T22:39:50.993855Z  INFO herdr::logging: checking for updates event="update.check.start" subsystem="update" outcome="started"
2026-07-29T23:09:50.994914Z  INFO herdr::logging: checking for updates event="update.check.start" subsystem="update" outcome="started"
2026-07-29T23:39:51.010931Z  INFO herdr::logging: checking for updates event="update.check.start" subsystem="update" outcome="started"
2026-07-30T00:09:51.027149Z  INFO herdr::logging: checking for updates event="update.check.start" subsystem="update" outcome="started"
2026-07-30T00:39:50.976512Z  INFO herdr::logging: checking for updates event="update.check.start" subsystem="update" outcome="started"
2026-07-30T01:09:50.951028Z  INFO herdr::logging: checking for updates event="update.check.start" subsystem="update" outcome="started"
2026-07-30T01:39:50.944234Z  INFO herdr::logging: checking for updates event="update.check.start" subsystem="update" outcome="started"
2026-07-30T02:09:50.946187Z  INFO herdr::logging: checking for updates event="update.check.start" subsystem="update" outcome="started"
2026-07-30T02:39:50.988888Z  INFO herdr::logging: checking for updates event="update.check.start" subsystem="update" outcome="started"
2026-07-30T03:09:50.973429Z  INFO herdr::logging: checking for updates event="update.check.start" subsystem="update" outcome="started"
2026-07-30T03:39:51.000290Z  INFO herdr::logging: checking for updates event="update.check.start" subsystem="update" outcome="started"
2026-07-30T04:09:50.985559Z  INFO herdr::logging: checking for updates event="update.check.start" subsystem="update" outcome="started"
2026-07-30T04:39:50.985464Z  INFO herdr::logging: checking for updates event="update.check.start" subsystem="update" outcome="started"
2026-07-30T05:09:50.970162Z  INFO herdr::logging: checking for updates event="update.check.start" subsystem="update" outcome="started"
2026-07-30T05:39:50.911038Z  INFO herdr::logging: checking for updates event="update.check.start" subsystem="update" outcome="started"
2026-07-30T06:09:50.957408Z  INFO herdr::logging: checking for updates event="update.check.start" subsystem="update" outcome="started"
2026-07-30T06:39:50.990897Z  INFO herdr::logging: checking for updates event="update.check.start" subsystem="update" outcome="started"
2026-07-30T07:09:51.012801Z  INFO herdr::logging: checking for updates event="update.check.start" subsystem="update" outcome="started"
2026-07-30T07:39:51.020033Z  INFO herdr::logging: checking for updates event="update.check.start" subsystem="update" outcome="started"
2026-07-30T08:09:51.034050Z  INFO herdr::logging: checking for updates event="update.check.start" subsystem="update" outcome="started"
2026-07-30T08:39:51.026747Z  INFO herdr::logging: checking for updates event="update.check.start" subsystem="update" outcome="started"
2026-07-30T09:09:50.963774Z  INFO herdr::logging: checking for updates event="update.check.start" subsystem="update" outcome="started"
2026-07-30T09:39:50.995134Z  INFO herdr::logging: checking for updates event="update.check.start" subsystem="update" outcome="started"
2026-07-30T10:09:50.997758Z  INFO herdr::logging: checking for updates event="update.check.start" subsystem="update" outcome="started"
2026-07-30T10:39:51.013348Z  INFO herdr::logging: checking for updates event="update.check.start" subsystem="update" outcome="started"
2026-07-30T11:09:51.008190Z  INFO herdr::logging: checking for updates event="update.check.start" subsystem="update" outcome="started"
2026-07-30T11:39:51.021130Z  INFO herdr::logging: checking for updates event="update.check.start" subsystem="update" outcome="started"
2026-07-30T12:09:51.007184Z  INFO herdr::logging: checking for updates event="update.check.start" subsystem="update" outcome="started"
2026-07-30T12:39:50.935470Z  INFO herdr::logging: checking for updates event="update.check.start" subsystem="update" outcome="started"
2026-07-30T13:09:50.938809Z  INFO herdr::logging: checking for updates event="update.check.start" subsystem="update" outcome="started"
2026-07-30T13:39:50.972053Z  INFO herdr::logging: checking for updates event="update.check.start" subsystem="update" outcome="started"
2026-07-30T14:09:51.013283Z  INFO herdr::logging: checking for updates event="update.check.start" subsystem="update" outcome="started"
2026-07-30T14:39:51.034126Z  INFO herdr::logging: checking for updates event="update.check.start" subsystem="update" outcome="started"
2026-07-30T14:43:49.351676Z  INFO herdr::logging: session saved event="persist.save" subsystem="persist" outcome="ok" path=/Users/David.Vigh/.config/herdr/session.json workspaces=2
2026-07-30T15:09:51.053397Z  INFO herdr::logging: checking for updates event="update.check.start" subsystem="update" outcome="started"
2026-07-30T15:39:50.993331Z  INFO herdr::logging: checking for updates event="update.check.start" subsystem="update" outcome="started"
2026-07-30T16:09:50.986593Z  INFO herdr::logging: checking for updates event="update.check.start" subsystem="update" outcome="started"
2026-07-30T16:39:50.958881Z  INFO herdr::logging: checking for updates event="update.check.start" subsystem="update" outcome="started"
2026-07-30T17:09:50.992623Z  INFO herdr::logging: checking for updates event="update.check.start" subsystem="update" outcome="started"
2026-07-30T17:39:50.989018Z  INFO herdr::logging: checking for updates event="update.check.start" subsystem="update" outcome="started"
2026-07-30T17:57:08.093169Z  INFO herdr::pane: agent changed pane=9 previous_agent=None agent=Some(OpenCode) process=opencode pgid=Some(77667)
2026-07-30T17:57:59.764551Z  INFO herdr::pane: agent changed pane=9 previous_agent=None agent=Some(OpenCode) process=opencode pgid=Some(77667)
2026-07-30T17:58:04.757645Z  INFO herdr::logging: session saved event="persist.save" subsystem="persist" outcome="ok" path=/Users/David.Vigh/.config/herdr/session.json workspaces=2
2026-07-30T18:09:50.992554Z  INFO herdr::logging: checking for updates event="update.check.start" subsystem="update" outcome="started"
2026-07-30T18:18:43.797029Z  INFO herdr::logging: tab focused event="tab.focus" subsystem="tab" outcome="ok" workspace_id="w5" tab_id="w5:tB"
2026-07-30T18:18:48.805815Z  INFO herdr::logging: session saved event="persist.save" subsystem="persist" outcome="ok" path=/Users/David.Vigh/.config/herdr/session.json workspaces=2
2026-07-30T18:39:51.010954Z  INFO herdr::logging: checking for updates event="update.check.start" subsystem="update" outcome="started"
2026-07-30T19:09:51.015105Z  INFO herdr::logging: checking for updates event="update.check.start" subsystem="update" outcome="started"
2026-07-30T19:39:51.028665Z  INFO herdr::logging: checking for updates event="update.check.start" subsystem="update" outcome="started"
2026-07-30T20:09:51.019138Z  INFO herdr::logging: checking for updates event="update.check.start" subsystem="update" outcome="started"
2026-07-30T20:14:07.294095Z  INFO herdr::logging: tab focused event="tab.focus" subsystem="tab" outcome="ok" workspace_id="w5" tab_id="w5:tC"
2026-07-30T20:14:12.297535Z  INFO herdr::logging: session saved event="persist.save" subsystem="persist" outcome="ok" path=/Users/David.Vigh/.config/herdr/session.json workspaces=2
2026-07-30T20:20:01.850763Z  INFO herdr::logging: tab focused event="tab.focus" subsystem="tab" outcome="ok" workspace_id="w5" tab_id="w5:tB"
2026-07-30T20:20:06.856448Z  INFO herdr::logging: session saved event="persist.save" subsystem="persist" outcome="ok" path=/Users/David.Vigh/.config/herdr/session.json workspaces=2
2026-07-30T20:26:46.155888Z  INFO herdr::logging: tab focused event="tab.focus" subsystem="tab" outcome="ok" workspace_id="w5" tab_id="w5:tC"
2026-07-30T20:26:51.161571Z  INFO herdr::logging: session saved event="persist.save" subsystem="persist" outcome="ok" path=/Users/David.Vigh/.config/herdr/session.json workspaces=2
2026-07-30T20:26:57.135469Z  INFO herdr::pane: agent changed pane=9 previous_agent=Some(OpenCode) agent=None pgid=Some(16562)
2026-07-30T20:27:01.839928Z  INFO herdr::logging: session saved event="persist.save" subsystem="persist" outcome="ok" path=/Users/David.Vigh/.config/herdr/session.json workspaces=2
2026-07-30T20:29:11.572427Z  INFO herdr::server::headless: client resize client_id=2 cols=229 rows=68 cell_width_px=0 cell_height_px=0
2026-07-30T20:39:51.070541Z  INFO herdr::logging: checking for updates event="update.check.start" subsystem="update" outcome="started"
2026-07-30T21:09:51.094989Z  INFO herdr::logging: checking for updates event="update.check.start" subsystem="update" outcome="started"
2026-07-30T21:20:33.167077Z  INFO herdr::app::actions: copied selection to clipboard
2026-07-30T21:20:35.899001Z  INFO herdr::pane: agent changed pane=9 previous_agent=None agent=Some(OpenCode) process=opencode pgid=Some(89094)
2026-07-30T21:21:20.268606Z  INFO herdr::logging: session saved event="persist.save" subsystem="persist" outcome="ok" path=/Users/David.Vigh/.config/herdr/session.json workspaces=2
2026-07-30T21:32:48.789568Z  INFO herdr::logging: tab focused event="tab.focus" subsystem="tab" outcome="ok" workspace_id="w5" tab_id="w5:tB"
2026-07-30T21:32:51.285331Z  INFO herdr::pane: agent changed pane=7 previous_agent=Some(OpenCode) agent=None pgid=Some(1896)
2026-07-30T21:32:55.982759Z  INFO herdr::logging: session saved event="persist.save" subsystem="persist" outcome="ok" path=/Users/David.Vigh/.config/herdr/session.json workspaces=2
2026-07-30T21:35:43.308723Z  INFO herdr::pane: agent changed pane=7 previous_agent=None agent=Some(OpenCode) process=opencode pgid=Some(90638)
2026-07-30T21:36:12.348127Z  INFO herdr::pane: agent changed pane=7 previous_agent=None agent=Some(OpenCode) process=opencode pgid=Some(90638)
2026-07-30T21:36:17.349208Z  INFO herdr::logging: session saved event="persist.save" subsystem="persist" outcome="ok" path=/Users/David.Vigh/.config/herdr/session.json workspaces=2
2026-07-30T21:39:51.061600Z  INFO herdr::logging: checking for updates event="update.check.start" subsystem="update" outcome="started"
2026-07-30T21:40:33.676098Z  INFO herdr::logging: tab focused event="tab.focus" subsystem="tab" outcome="ok" workspace_id="w5" tab_id="w5:tC"
2026-07-30T21:40:35.967632Z  INFO herdr::logging: tab focused event="tab.focus" subsystem="tab" outcome="ok" workspace_id="w5" tab_id="w5:tA"
2026-07-30T21:40:40.978195Z  INFO herdr::logging: session saved event="persist.save" subsystem="persist" outcome="ok" path=/Users/David.Vigh/.config/herdr/session.json workspaces=2
2026-07-30T21:41:42.381033Z  INFO herdr::logging: tab focused event="tab.focus" subsystem="tab" outcome="ok" workspace_id="w5" tab_id="w5:tC"
2026-07-30T21:41:43.443900Z  INFO herdr::logging: tab focused event="tab.focus" subsystem="tab" outcome="ok" workspace_id="w5" tab_id="w5:tB"
2026-07-30T21:41:48.451997Z  INFO herdr::logging: session saved event="persist.save" subsystem="persist" outcome="ok" path=/Users/David.Vigh/.config/herdr/session.json workspaces=2
2026-07-30T21:43:08.010150Z  INFO herdr::logging: tab focused event="tab.focus" subsystem="tab" outcome="ok" workspace_id="w5" tab_id="w5:tA"
2026-07-30T21:43:13.017118Z  INFO herdr::logging: session saved event="persist.save" subsystem="persist" outcome="ok" path=/Users/David.Vigh/.config/herdr/session.json workspaces=2
2026-07-30T21:43:47.877231Z  INFO herdr::logging: tab focused event="tab.focus" subsystem="tab" outcome="ok" workspace_id="w5" tab_id="w5:tC"
2026-07-30T21:43:48.861553Z  INFO herdr::logging: tab focused event="tab.focus" subsystem="tab" outcome="ok" workspace_id="w5" tab_id="w5:tB"
2026-07-30T21:43:53.865472Z  INFO herdr::logging: session saved event="persist.save" subsystem="persist" outcome="ok" path=/Users/David.Vigh/.config/herdr/session.json workspaces=2
2026-07-30T21:44:31.684818Z  INFO herdr::logging: tab focused event="tab.focus" subsystem="tab" outcome="ok" workspace_id="w5" tab_id="w5:tA"
2026-07-30T21:44:32.444451Z  INFO herdr::logging: tab focused event="tab.focus" subsystem="tab" outcome="ok" workspace_id="w5" tab_id="w5:t9"
2026-07-30T21:44:34.644419Z  INFO herdr::logging: tab focused event="tab.focus" subsystem="tab" outcome="ok" workspace_id="w5" tab_id="w5:tA"
2026-07-30T21:44:39.649802Z  INFO herdr::logging: session saved event="persist.save" subsystem="persist" outcome="ok" path=/Users/David.Vigh/.config/herdr/session.json workspaces=2
2026-07-30T21:46:27.809097Z  INFO herdr::pane: agent changed pane=6 previous_agent=None agent=Some(OpenCode) process=opencode pgid=Some(480)
2026-07-30T21:46:35.391599Z  INFO herdr::pane: agent changed pane=6 previous_agent=None agent=Some(OpenCode) process=opencode pgid=Some(480)
2026-07-30T21:46:40.380957Z  INFO herdr::logging: session saved event="persist.save" subsystem="persist" outcome="ok" path=/Users/David.Vigh/.config/herdr/session.json workspaces=2
2026-07-30T21:50:24.300443Z  INFO herdr::logging: tab focused event="tab.focus" subsystem="tab" outcome="ok" workspace_id="w5" tab_id="w5:tC"
2026-07-30T21:50:24.390209Z  INFO herdr::logging: tab focused event="tab.focus" subsystem="tab" outcome="ok" workspace_id="w5" tab_id="w5:tC"
2026-07-30T21:50:29.391995Z  INFO herdr::logging: session saved event="persist.save" subsystem="persist" outcome="ok" path=/Users/David.Vigh/.config/herdr/session.json workspaces=2
2026-07-30T22:04:09.828038Z  INFO herdr::logging: spawning pane terminal event="pane.spawn.start" subsystem="pane" outcome="started" pane_id=11 rows=67 cols=204 scrollback_limit_bytes=10000000
2026-07-30T22:04:09.836416Z  INFO herdr::logging: pane child spawned event="pane.spawned" subsystem="pane" outcome="ok" pane_id=11 pid=2524
2026-07-30T22:04:09.836880Z  INFO herdr::logging: tab focused event="tab.focus" subsystem="tab" outcome="ok" workspace_id="w5" tab_id="w5:tC"
2026-07-30T22:04:14.845810Z  INFO herdr::logging: session saved event="persist.save" subsystem="persist" outcome="ok" path=/Users/David.Vigh/.config/herdr/session.json workspaces=2
2026-07-30T22:04:17.661477Z  INFO herdr::logging: tab focused event="tab.focus" subsystem="tab" outcome="ok" workspace_id="w5" tab_id="w5:tC"
2026-07-30T22:04:19.870828Z  INFO herdr::logging: tab focused event="tab.focus" subsystem="tab" outcome="ok" workspace_id="w5" tab_id="w5:tC"
2026-07-30T22:04:24.877575Z  INFO herdr::logging: session saved event="persist.save" subsystem="persist" outcome="ok" path=/Users/David.Vigh/.config/herdr/session.json workspaces=2
2026-07-30T22:04:36.855185Z  INFO herdr::logging: tab focused event="tab.focus" subsystem="tab" outcome="ok" workspace_id="w5" tab_id="w5:tC"
2026-07-30T22:04:41.860325Z  INFO herdr::logging: session saved event="persist.save" subsystem="persist" outcome="ok" path=/Users/David.Vigh/.config/herdr/session.json workspaces=2
2026-07-30T22:06:30.611251Z  INFO herdr::logging: tab focused event="tab.focus" subsystem="tab" outcome="ok" workspace_id="w5" tab_id="w5:tC"
2026-07-30T22:06:35.615364Z  INFO herdr::logging: session saved event="persist.save" subsystem="persist" outcome="ok" path=/Users/David.Vigh/.config/herdr/session.json workspaces=2
2026-07-30T22:09:51.053158Z  INFO herdr::logging: checking for updates event="update.check.start" subsystem="update" outcome="started"
2026-07-30T22:12:38.371175Z  INFO herdr::logging: tab focused event="tab.focus" subsystem="tab" outcome="ok" workspace_id="w5" tab_id="w5:tC"
2026-07-30T22:12:43.376009Z  INFO herdr::logging: session saved event="persist.save" subsystem="persist" outcome="ok" path=/Users/David.Vigh/.config/herdr/session.json workspaces=2
2026-07-30T22:14:11.868116Z  INFO herdr::pane: agent changed pane=9 previous_agent=None agent=Some(OpenCode) process=opencode pgid=Some(89094)
2026-07-30T22:14:16.866939Z  INFO herdr::logging: session saved event="persist.save" subsystem="persist" outcome="ok" path=/Users/David.Vigh/.config/herdr/session.json workspaces=2
2026-07-30T22:39:51.074766Z  INFO herdr::logging: checking for updates event="update.check.start" subsystem="update" outcome="started"
2026-07-30T22:43:50.392428Z  INFO herdr::pane: agent changed pane=9 previous_agent=Some(OpenCode) agent=None pgid=Some(16562)
2026-07-30T22:43:55.100129Z  INFO herdr::logging: session saved event="persist.save" subsystem="persist" outcome="ok" path=/Users/David.Vigh/.config/herdr/session.json workspaces=2
2026-07-30T22:48:34.791700Z  INFO herdr::pane: agent changed pane=9 previous_agent=None agent=Some(OpenCode) process=opencode pgid=Some(6344)
2026-07-30T22:49:38.635290Z  INFO herdr::pane: agent changed pane=9 previous_agent=None agent=Some(OpenCode) process=opencode pgid=Some(6344)
2026-07-30T22:49:43.628702Z  INFO herdr::logging: session saved event="persist.save" subsystem="persist" outcome="ok" path=/Users/David.Vigh/.config/herdr/session.json workspaces=2
2026-07-30T22:59:10.580869Z  INFO herdr::pane: agent changed pane=9 previous_agent=None agent=Some(OpenCode) process=opencode pgid=Some(6344)
2026-07-30T22:59:15.572793Z  INFO herdr::logging: session saved event="persist.save" subsystem="persist" outcome="ok" path=/Users/David.Vigh/.config/herdr/session.json workspaces=2
2026-07-30T23:09:51.044466Z  INFO herdr::logging: checking for updates event="update.check.start" subsystem="update" outcome="started"
2026-07-30T23:39:51.064374Z  INFO herdr::logging: checking for updates event="update.check.start" subsystem="update" outcome="started"
2026-07-31T00:09:51.082930Z  INFO herdr::logging: checking for updates event="update.check.start" subsystem="update" outcome="started"
2026-07-31T00:39:51.041241Z  INFO herdr::logging: checking for updates event="update.check.start" subsystem="update" outcome="started"
2026-07-31T01:09:51.078258Z  INFO herdr::logging: checking for updates event="update.check.start" subsystem="update" outcome="started"
2026-07-31T01:39:51.058703Z  INFO herdr::logging: checking for updates event="update.check.start" subsystem="update" outcome="started"
2026-07-31T02:09:51.074304Z  INFO herdr::logging: checking for updates event="update.check.start" subsystem="update" outcome="started"
2026-07-31T02:39:51.101335Z  INFO herdr::logging: checking for updates event="update.check.start" subsystem="update" outcome="started"
2026-07-31T03:09:51.055688Z  INFO herdr::logging: checking for updates event="update.check.start" subsystem="update" outcome="started"
2026-07-31T03:39:51.049466Z  INFO herdr::logging: checking for updates event="update.check.start" subsystem="update" outcome="started"
2026-07-31T04:09:51.090069Z  INFO herdr::logging: checking for updates event="update.check.start" subsystem="update" outcome="started"
2026-07-31T04:39:51.048897Z  INFO herdr::logging: checking for updates event="update.check.start" subsystem="update" outcome="started"
2026-07-31T05:09:51.046364Z  INFO herdr::logging: checking for updates event="update.check.start" subsystem="update" outcome="started"
2026-07-31T05:39:51.078347Z  INFO herdr::logging: checking for updates event="update.check.start" subsystem="update" outcome="started"
2026-07-31T06:09:51.077559Z  INFO herdr::logging: checking for updates event="update.check.start" subsystem="update" outcome="started"
2026-07-31T06:39:51.066474Z  INFO herdr::logging: checking for updates event="update.check.start" subsystem="update" outcome="started"
2026-07-31T07:09:51.025356Z  INFO herdr::logging: checking for updates event="update.check.start" subsystem="update" outcome="started"
2026-07-31T07:39:51.082848Z  INFO herdr::logging: checking for updates event="update.check.start" subsystem="update" outcome="started"
2026-07-31T08:09:51.105492Z  INFO herdr::logging: checking for updates event="update.check.start" subsystem="update" outcome="started"
2026-07-31T08:39:51.046154Z  INFO herdr::logging: checking for updates event="update.check.start" subsystem="update" outcome="started"
2026-07-31T09:09:51.036170Z  INFO herdr::logging: checking for updates event="update.check.start" subsystem="update" outcome="started"
2026-07-31T09:39:51.060669Z  INFO herdr::logging: checking for updates event="update.check.start" subsystem="update" outcome="started"
2026-07-31T10:09:51.093950Z  INFO herdr::logging: checking for updates event="update.check.start" subsystem="update" outcome="started"
2026-07-31T10:39:51.075382Z  INFO herdr::logging: checking for updates event="update.check.start" subsystem="update" outcome="started"
2026-07-31T11:09:51.051480Z  INFO herdr::logging: checking for updates event="update.check.start" subsystem="update" outcome="started"
2026-07-31T11:39:51.025163Z  INFO herdr::logging: checking for updates event="update.check.start" subsystem="update" outcome="started"
2026-07-31T12:09:50.991557Z  INFO herdr::logging: checking for updates event="update.check.start" subsystem="update" outcome="started"
2026-07-31T12:39:51.014546Z  INFO herdr::logging: checking for updates event="update.check.start" subsystem="update" outcome="started"
2026-07-31T13:09:51.049062Z  INFO herdr::logging: checking for updates event="update.check.start" subsystem="update" outcome="started"
2026-07-31T13:36:41.619887Z  INFO herdr::logging: tab focused event="tab.focus" subsystem="tab" outcome="ok" workspace_id="w5" tab_id="w5:tC"
2026-07-31T13:36:46.633853Z  INFO herdr::logging: session saved event="persist.save" subsystem="persist" outcome="ok" path=/Users/David.Vigh/.config/herdr/session.json workspaces=2
2026-07-31T13:39:51.054971Z  INFO herdr::logging: checking for updates event="update.check.start" subsystem="update" outcome="started"
2026-07-31T13:51:13.034786Z  INFO herdr::logging: tab focused event="tab.focus" subsystem="tab" outcome="ok" workspace_id="w5" tab_id="w5:tC"
2026-07-31T13:51:15.405298Z  INFO herdr::pane: agent changed pane=9 previous_agent=Some(OpenCode) agent=None pgid=Some(16562)
2026-07-31T13:51:20.111125Z  INFO herdr::logging: session saved event="persist.save" subsystem="persist" outcome="ok" path=/Users/David.Vigh/.config/herdr/session.json workspaces=2
2026-07-31T13:52:50.191208Z  INFO herdr::app::actions: copied selection to clipboard
2026-07-31T13:53:37.297092Z  INFO herdr::logging: tab focused event="tab.focus" subsystem="tab" outcome="ok" workspace_id="w5" tab_id="w5:tC"
2026-07-31T13:53:42.300548Z  INFO herdr::logging: session saved event="persist.save" subsystem="persist" outcome="ok" path=/Users/David.Vigh/.config/herdr/session.json workspaces=2
2026-07-31T13:53:43.093224Z  INFO herdr::pane: agent changed pane=11 previous_agent=None agent=Some(OpenCode) process=opencode pgid=Some(40492)
2026-07-31T13:54:03.822578Z  INFO herdr::pane: agent changed pane=11 previous_agent=None agent=Some(OpenCode) process=opencode pgid=Some(40492)
2026-07-31T13:54:08.810931Z  INFO herdr::logging: session saved event="persist.save" subsystem="persist" outcome="ok" path=/Users/David.Vigh/.config/herdr/session.json workspaces=2
2026-07-31T13:54:14.084132Z  INFO herdr::logging: tab focused event="tab.focus" subsystem="tab" outcome="ok" workspace_id="w5" tab_id="w5:tC"
2026-07-31T13:54:19.089718Z  INFO herdr::logging: session saved event="persist.save" subsystem="persist" outcome="ok" path=/Users/David.Vigh/.config/herdr/session.json workspaces=2
2026-07-31T13:54:21.370533Z  INFO herdr::logging: tab focused event="tab.focus" subsystem="tab" outcome="ok" workspace_id="w5" tab_id="w5:tC"
2026-07-31T13:54:26.377374Z  INFO herdr::logging: session saved event="persist.save" subsystem="persist" outcome="ok" path=/Users/David.Vigh/.config/herdr/session.json workspaces=2
2026-07-31T13:54:56.766695Z  INFO herdr::logging: tab focused event="tab.focus" subsystem="tab" outcome="ok" workspace_id="w5" tab_id="w5:tC"
2026-07-31T13:55:01.775080Z  INFO herdr::logging: session saved event="persist.save" subsystem="persist" outcome="ok" path=/Users/David.Vigh/.config/herdr/session.json workspaces=2
2026-07-31T13:55:03.138089Z  INFO herdr::pane: agent changed pane=9 previous_agent=None agent=Some(OpenCode) process=opencode pgid=Some(41218)
2026-07-31T13:55:14.468151Z  INFO herdr::logging: tab focused event="tab.focus" subsystem="tab" outcome="ok" workspace_id="w5" tab_id="w5:tB"
2026-07-31T13:55:17.027958Z  INFO herdr::pane: agent changed pane=7 previous_agent=Some(OpenCode) agent=None pgid=Some(1896)
2026-07-31T13:55:21.723167Z  INFO herdr::logging: session saved event="persist.save" subsystem="persist" outcome="ok" path=/Users/David.Vigh/.config/herdr/session.json workspaces=2
2026-07-31T13:55:25.618648Z  INFO herdr::app::actions: copied selection to clipboard
2026-07-31T13:55:27.326911Z  INFO herdr::logging: tab focused event="tab.focus" subsystem="tab" outcome="ok" workspace_id="w5" tab_id="w5:tC"
2026-07-31T13:55:32.330833Z  INFO herdr::logging: session saved event="persist.save" subsystem="persist" outcome="ok" path=/Users/David.Vigh/.config/herdr/session.json workspaces=2
2026-07-31T13:56:55.210641Z  INFO herdr::pane: agent changed pane=9 previous_agent=None agent=Some(OpenCode) process=opencode pgid=Some(41218)
2026-07-31T13:57:00.210397Z  INFO herdr::logging: session saved event="persist.save" subsystem="persist" outcome="ok" path=/Users/David.Vigh/.config/herdr/session.json workspaces=2
2026-07-31T14:02:52.730149Z  INFO herdr::logging: tab focused event="tab.focus" subsystem="tab" outcome="ok" workspace_id="w5" tab_id="w5:tC"
2026-07-31T14:02:57.734180Z  INFO herdr::logging: session saved event="persist.save" subsystem="persist" outcome="ok" path=/Users/David.Vigh/.config/herdr/session.json workspaces=2
2026-07-31T14:05:30.032991Z  INFO herdr::pane: agent changed pane=11 previous_agent=Some(OpenCode) agent=None pgid=Some(2524)
2026-07-31T14:05:33.563268Z  INFO herdr::pane: agent changed pane=11 previous_agent=None agent=Some(OpenCode) process=opencode pgid=Some(43601)
2026-07-31T14:05:34.732205Z  INFO herdr::logging: session saved event="persist.save" subsystem="persist" outcome="ok" path=/Users/David.Vigh/.config/herdr/session.json workspaces=2
2026-07-31T14:06:45.352028Z  INFO herdr::pane: agent changed pane=11 previous_agent=None agent=Some(OpenCode) process=opencode pgid=Some(43601)
2026-07-31T14:06:50.345591Z  INFO herdr::logging: session saved event="persist.save" subsystem="persist" outcome="ok" path=/Users/David.Vigh/.config/herdr/session.json workspaces=2
2026-07-31T14:06:54.699415Z  INFO herdr::logging: tab focused event="tab.focus" subsystem="tab" outcome="ok" workspace_id="w5" tab_id="w5:tC"
2026-07-31T14:06:59.525053Z  INFO herdr::logging: tab focused event="tab.focus" subsystem="tab" outcome="ok" workspace_id="w5" tab_id="w5:tB"
2026-07-31T14:07:04.529868Z  INFO herdr::logging: session saved event="persist.save" subsystem="persist" outcome="ok" path=/Users/David.Vigh/.config/herdr/session.json workspaces=2
2026-07-31T14:08:55.356740Z  INFO herdr::logging: tab focused event="tab.focus" subsystem="tab" outcome="ok" workspace_id="w5" tab_id="w5:tC"
2026-07-31T14:08:59.472777Z  INFO herdr::logging: tab focused event="tab.focus" subsystem="tab" outcome="ok" workspace_id="w5" tab_id="w5:tC"
2026-07-31T14:09:04.480378Z  INFO herdr::logging: session saved event="persist.save" subsystem="persist" outcome="ok" path=/Users/David.Vigh/.config/herdr/session.json workspaces=2
2026-07-31T14:09:51.023122Z  INFO herdr::logging: checking for updates event="update.check.start" subsystem="update" outcome="started"
2026-07-31T14:12:33.622791Z  INFO herdr::logging: tab focused event="tab.focus" subsystem="tab" outcome="ok" workspace_id="w5" tab_id="w5:t9"
2026-07-31T14:12:38.631789Z  INFO herdr::logging: session saved event="persist.save" subsystem="persist" outcome="ok" path=/Users/David.Vigh/.config/herdr/session.json workspaces=2
2026-07-31T14:12:40.480636Z  INFO herdr::pane: agent changed pane=5 previous_agent=None agent=Some(OpenCode) process=opencode pgid=Some(45373)
2026-07-31T14:12:43.673345Z  INFO herdr::pane: agent changed pane=5 previous_agent=None agent=Some(OpenCode) process=opencode pgid=Some(45373)
2026-07-31T14:12:45.843990Z  INFO herdr::logging: tab focused event="tab.focus" subsystem="tab" outcome="ok" workspace_id="w5" tab_id="w5:tC"
2026-07-31T14:12:50.848239Z  INFO herdr::logging: session saved event="persist.save" subsystem="persist" outcome="ok" path=/Users/David.Vigh/.config/herdr/session.json workspaces=2
2026-07-31T14:12:52.798140Z  INFO herdr::logging: tab focused event="tab.focus" subsystem="tab" outcome="ok" workspace_id="w5" tab_id="w5:tC"
2026-07-31T14:12:57.803240Z  INFO herdr::logging: session saved event="persist.save" subsystem="persist" outcome="ok" path=/Users/David.Vigh/.config/herdr/session.json workspaces=2
2026-07-31T14:14:27.154196Z  INFO herdr::logging: tab focused event="tab.focus" subsystem="tab" outcome="ok" workspace_id="w5" tab_id="w5:tC"
2026-07-31T14:14:29.243067Z  INFO herdr::pane: agent changed pane=11 previous_agent=Some(OpenCode) agent=None pgid=Some(2524)
2026-07-31T14:14:33.944216Z  INFO herdr::logging: session saved event="persist.save" subsystem="persist" outcome="ok" path=/Users/David.Vigh/.config/herdr/session.json workspaces=2
2026-07-31T14:16:09.872433Z  INFO herdr::server::headless: client resize client_id=2 cols=232 rows=68 cell_width_px=0 cell_height_px=0
2026-07-31T14:17:58.137396Z  INFO herdr::logging: tab focused event="tab.focus" subsystem="tab" outcome="ok" workspace_id="w5" tab_id="w5:tC"
2026-07-31T14:18:03.141502Z  INFO herdr::logging: session saved event="persist.save" subsystem="persist" outcome="ok" path=/Users/David.Vigh/.config/herdr/session.json workspaces=2
2026-07-31T14:19:46.694228Z  INFO herdr::logging: tab focused event="tab.focus" subsystem="tab" outcome="ok" workspace_id="w5" tab_id="w5:tC"
2026-07-31T14:19:51.699949Z  INFO herdr::logging: session saved event="persist.save" subsystem="persist" outcome="ok" path=/Users/David.Vigh/.config/herdr/session.json workspaces=2
2026-07-31T14:21:15.433366Z  INFO herdr::logging: tab focused event="tab.focus" subsystem="tab" outcome="ok" workspace_id="w5" tab_id="w5:tC"
2026-07-31T14:21:20.439252Z  INFO herdr::logging: session saved event="persist.save" subsystem="persist" outcome="ok" path=/Users/David.Vigh/.config/herdr/session.json workspaces=2
2026-07-31T14:28:58.580734Z  INFO herdr::logging: tab focused event="tab.focus" subsystem="tab" outcome="ok" workspace_id="w5" tab_id="w5:tC"
2026-07-31T14:29:03.585940Z  INFO herdr::logging: session saved event="persist.save" subsystem="persist" outcome="ok" path=/Users/David.Vigh/.config/herdr/session.json workspaces=2
2026-07-31T14:30:23.559127Z  INFO herdr::pane: agent changed pane=11 previous_agent=None agent=Some(OpenCode) process=opencode pgid=Some(55578)
2026-07-31T14:34:46.491184Z  INFO herdr::pane: agent changed pane=11 previous_agent=Some(OpenCode) agent=None pgid=Some(2524)
2026-07-31T14:34:52.537417Z  INFO herdr::pane: agent changed pane=11 previous_agent=None agent=Some(OpenCode) process=opencode pgid=Some(56419)
2026-07-31T14:35:37.311030Z  INFO herdr::pane: agent changed pane=11 previous_agent=None agent=Some(OpenCode) process=opencode pgid=Some(56419)
2026-07-31T14:35:42.304321Z  INFO herdr::logging: session saved event="persist.save" subsystem="persist" outcome="ok" path=/Users/David.Vigh/.config/herdr/session.json workspaces=2
2026-07-31T14:39:30.855842Z  INFO herdr::logging: tab focused event="tab.focus" subsystem="tab" outcome="ok" workspace_id="w5" tab_id="w5:t9"
2026-07-31T14:39:35.867561Z  INFO herdr::logging: session saved event="persist.save" subsystem="persist" outcome="ok" path=/Users/David.Vigh/.config/herdr/session.json workspaces=2
2026-07-31T14:39:51.047354Z  INFO herdr::logging: checking for updates event="update.check.start" subsystem="update" outcome="started"
2026-07-31T14:40:34.445906Z  INFO herdr::pane: agent changed pane=5 previous_agent=Some(OpenCode) agent=None pgid=Some(85144)
2026-07-31T14:40:39.143303Z  INFO herdr::logging: session saved event="persist.save" subsystem="persist" outcome="ok" path=/Users/David.Vigh/.config/herdr/session.json workspaces=2
2026-07-31T14:41:57.652631Z  INFO herdr::pane: agent changed pane=5 previous_agent=None agent=Some(OpenCode) process=opencode pgid=Some(58057)
2026-07-31T14:43:39.811850Z  INFO herdr::pane: agent changed pane=5 previous_agent=None agent=Some(OpenCode) process=opencode pgid=Some(58057)
2026-07-31T14:43:44.816202Z  INFO herdr::logging: session saved event="persist.save" subsystem="persist" outcome="ok" path=/Users/David.Vigh/.config/herdr/session.json workspaces=2
2026-07-31T14:49:45.426209Z  INFO herdr::pane: agent changed pane=5 previous_agent=Some(OpenCode) agent=None pgid=Some(85144)
2026-07-31T14:49:50.129950Z  INFO herdr::logging: session saved event="persist.save" subsystem="persist" outcome="ok" path=/Users/David.Vigh/.config/herdr/session.json workspaces=2
2026-07-31T14:58:11.245652Z  INFO herdr::pane: agent changed pane=5 previous_agent=None agent=Some(OpenCode) process=opencode pgid=Some(68374)
2026-07-31T14:59:01.881840Z  INFO herdr::pane: agent changed pane=5 previous_agent=None agent=Some(OpenCode) process=opencode pgid=Some(68374)
2026-07-31T14:59:06.877899Z  INFO herdr::logging: session saved event="persist.save" subsystem="persist" outcome="ok" path=/Users/David.Vigh/.config/herdr/session.json workspaces=2
2026-07-31T15:09:51.066929Z  INFO herdr::logging: checking for updates event="update.check.start" subsystem="update" outcome="started"
2026-07-31T15:38:42.831602Z  INFO herdr::logging: tab focused event="tab.focus" subsystem="tab" outcome="ok" workspace_id="w5" tab_id="w5:tA"
2026-07-31T15:38:47.841975Z  INFO herdr::logging: session saved event="persist.save" subsystem="persist" outcome="ok" path=/Users/David.Vigh/.config/herdr/session.json workspaces=2
2026-07-31T15:38:52.772458Z  INFO herdr::pane: agent changed pane=6 previous_agent=Some(OpenCode) agent=None pgid=Some(90297)
2026-07-31T15:38:57.474790Z  INFO herdr::logging: session saved event="persist.save" subsystem="persist" outcome="ok" path=/Users/David.Vigh/.config/herdr/session.json workspaces=2
2026-07-31T15:39:51.104660Z  INFO herdr::logging: checking for updates event="update.check.start" subsystem="update" outcome="started"
2026-07-31T15:41:29.641562Z  INFO herdr::pane: agent changed pane=6 previous_agent=None agent=Some(OpenCode) process=opencode pgid=Some(73272)
2026-07-31T15:41:50.444593Z  INFO herdr::pane: agent changed pane=6 previous_agent=None agent=Some(OpenCode) process=opencode pgid=Some(73272)
2026-07-31T15:41:55.443929Z  INFO herdr::logging: session saved event="persist.save" subsystem="persist" outcome="ok" path=/Users/David.Vigh/.config/herdr/session.json workspaces=2
2026-07-31T15:49:07.393310Z  INFO herdr::logging: tab focused event="tab.focus" subsystem="tab" outcome="ok" workspace_id="w5" tab_id="w5:t9"
2026-07-31T15:49:10.232552Z  INFO herdr::pane: agent changed pane=5 previous_agent=Some(OpenCode) agent=None pgid=Some(85144)
2026-07-31T15:49:14.934796Z  INFO herdr::logging: session saved event="persist.save" subsystem="persist" outcome="ok" path=/Users/David.Vigh/.config/herdr/session.json workspaces=2
2026-07-31T16:09:51.119985Z  INFO herdr::logging: checking for updates event="update.check.start" subsystem="update" outcome="started"
2026-07-31T16:17:06.270229Z  INFO herdr::pane: agent changed pane=5 previous_agent=None agent=Some(OpenCode) process=opencode pgid=Some(92534)
2026-07-31T16:17:20.241620Z  INFO herdr::pane: agent changed pane=5 previous_agent=None agent=Some(OpenCode) process=opencode pgid=Some(92534)
2026-07-31T16:17:25.241127Z  INFO herdr::logging: session saved event="persist.save" subsystem="persist" outcome="ok" path=/Users/David.Vigh/.config/herdr/session.json workspaces=2
2026-07-31T16:19:56.823327Z  INFO herdr::logging: tab focused event="tab.focus" subsystem="tab" outcome="ok" workspace_id="w5" tab_id="w5:tC"
2026-07-31T16:20:00.821286Z  INFO herdr::pane: agent changed pane=11 previous_agent=Some(OpenCode) agent=None pgid=Some(2524)
2026-07-31T16:20:05.524291Z  INFO herdr::logging: session saved event="persist.save" subsystem="persist" outcome="ok" path=/Users/David.Vigh/.config/herdr/session.json workspaces=2
2026-07-31T16:20:06.625296Z  INFO herdr::logging: tab focused event="tab.focus" subsystem="tab" outcome="ok" workspace_id="w5" tab_id="w5:tC"
2026-07-31T16:20:11.149339Z  INFO herdr::pane: agent changed pane=9 previous_agent=Some(OpenCode) agent=None pgid=Some(16562)
2026-07-31T16:20:15.847495Z  INFO herdr::logging: session saved event="persist.save" subsystem="persist" outcome="ok" path=/Users/David.Vigh/.config/herdr/session.json workspaces=2
2026-07-31T16:20:19.182823Z  INFO herdr::logging: tab focused event="tab.focus" subsystem="tab" outcome="ok" workspace_id="w5" tab_id="w5:tC"
2026-07-31T16:20:24.186727Z  INFO herdr::logging: session saved event="persist.save" subsystem="persist" outcome="ok" path=/Users/David.Vigh/.config/herdr/session.json workspaces=2
2026-07-31T16:30:19.046867Z  INFO herdr::pane: agent changed pane=11 previous_agent=None agent=Some(OpenCode) process=opencode pgid=Some(3231)
2026-07-31T16:31:42.357260Z  INFO herdr::pane: agent changed pane=11 previous_agent=None agent=Some(OpenCode) process=opencode pgid=Some(3231)
2026-07-31T16:31:47.346378Z  INFO herdr::logging: session saved event="persist.save" subsystem="persist" outcome="ok" path=/Users/David.Vigh/.config/herdr/session.json workspaces=2
2026-07-31T16:33:34.791880Z  INFO herdr::logging: tab focused event="tab.focus" subsystem="tab" outcome="ok" workspace_id="w5" tab_id="w5:tC"
2026-07-31T16:33:39.800095Z  INFO herdr::logging: session saved event="persist.save" subsystem="persist" outcome="ok" path=/Users/David.Vigh/.config/herdr/session.json workspaces=2
2026-07-31T16:33:41.976787Z  INFO herdr::pane: agent changed pane=9 previous_agent=None agent=Some(OpenCode) process=opencode pgid=Some(4194)
2026-07-31T16:34:10.527345Z  INFO herdr::pane: agent changed pane=9 previous_agent=None agent=Some(OpenCode) process=opencode pgid=Some(4194)
2026-07-31T16:34:15.515974Z  INFO herdr::logging: session saved event="persist.save" subsystem="persist" outcome="ok" path=/Users/David.Vigh/.config/herdr/session.json workspaces=2
2026-07-31T16:34:45.006119Z  INFO herdr::logging: tab focused event="tab.focus" subsystem="tab" outcome="ok" workspace_id="w5" tab_id="w5:tC"
2026-07-31T16:34:50.011831Z  INFO herdr::logging: session saved event="persist.save" subsystem="persist" outcome="ok" path=/Users/David.Vigh/.config/herdr/session.json workspaces=2
2026-07-31T16:35:15.417922Z  INFO herdr::logging: spawning pane terminal event="pane.spawn.start" subsystem="pane" outcome="started" pane_id=12 rows=67 cols=104 scrollback_limit_bytes=10000000
2026-07-31T16:35:15.422337Z  INFO herdr::logging: pane child spawned event="pane.spawned" subsystem="pane" outcome="ok" pane_id=12 pid=5013
2026-07-31T16:35:15.422537Z  INFO herdr::logging: tab focused event="tab.focus" subsystem="tab" outcome="ok" workspace_id="w5" tab_id="w5:tE"
2026-07-31T16:35:20.424577Z  INFO herdr::logging: session saved event="persist.save" subsystem="persist" outcome="ok" path=/Users/David.Vigh/.config/herdr/session.json workspaces=2
2026-07-31T16:35:35.574265Z  INFO herdr::logging: tab focused event="tab.focus" subsystem="tab" outcome="ok" workspace_id="w5" tab_id="w5:tC"
2026-07-31T16:35:40.578973Z  INFO herdr::logging: session saved event="persist.save" subsystem="persist" outcome="ok" path=/Users/David.Vigh/.config/herdr/session.json workspaces=2
2026-07-31T16:38:08.664302Z  INFO herdr::logging: tab focused event="tab.focus" subsystem="tab" outcome="ok" workspace_id="w5" tab_id="w5:tC"
2026-07-31T16:38:13.674317Z  INFO herdr::logging: session saved event="persist.save" subsystem="persist" outcome="ok" path=/Users/David.Vigh/.config/herdr/session.json workspaces=2
2026-07-31T16:39:51.145178Z  INFO herdr::logging: checking for updates event="update.check.start" subsystem="update" outcome="started"
2026-07-31T16:41:54.679495Z  INFO herdr::logging: tab focused event="tab.focus" subsystem="tab" outcome="ok" workspace_id="w5" tab_id="w5:tC"
2026-07-31T16:41:59.692578Z  INFO herdr::logging: session saved event="persist.save" subsystem="persist" outcome="ok" path=/Users/David.Vigh/.config/herdr/session.json workspaces=2
2026-07-31T16:42:09.489081Z  INFO herdr::logging: tab focused event="tab.focus" subsystem="tab" outcome="ok" workspace_id="w5" tab_id="w5:tC"
2026-07-31T16:42:14.497609Z  INFO herdr::logging: session saved event="persist.save" subsystem="persist" outcome="ok" path=/Users/David.Vigh/.config/herdr/session.json workspaces=2
2026-07-31T16:42:17.850648Z  INFO herdr::logging: tab focused event="tab.focus" subsystem="tab" outcome="ok" workspace_id="w5" tab_id="w5:tE"
2026-07-31T16:42:22.858202Z  INFO herdr::logging: session saved event="persist.save" subsystem="persist" outcome="ok" path=/Users/David.Vigh/.config/herdr/session.json workspaces=2
2026-07-31T16:44:38.513157Z  INFO herdr::logging: tab focused event="tab.focus" subsystem="tab" outcome="ok" workspace_id="w5" tab_id="w5:tC"
2026-07-31T16:44:43.519055Z  INFO herdr::logging: session saved event="persist.save" subsystem="persist" outcome="ok" path=/Users/David.Vigh/.config/herdr/session.json workspaces=2
2026-07-31T17:09:51.158417Z  INFO herdr::logging: checking for updates event="update.check.start" subsystem="update" outcome="started"
2026-07-31T17:39:51.143588Z  INFO herdr::logging: checking for updates event="update.check.start" subsystem="update" outcome="started"
2026-07-31T18:06:27.036700Z  INFO herdr::pane: agent changed pane=9 previous_agent=Some(OpenCode) agent=None pgid=Some(16562)
2026-07-31T18:06:31.740536Z  INFO herdr::logging: session saved event="persist.save" subsystem="persist" outcome="ok" path=/Users/David.Vigh/.config/herdr/session.json workspaces=2
2026-07-31T18:09:51.079683Z  INFO herdr::logging: checking for updates event="update.check.start" subsystem="update" outcome="started"
2026-07-31T18:23:35.612006Z  INFO herdr::pane: agent changed pane=9 previous_agent=None agent=Some(OpenCode) process=opencode pgid=Some(11688)
2026-07-31T18:24:35.775072Z  INFO herdr::pane: agent changed pane=9 previous_agent=None agent=Some(OpenCode) process=opencode pgid=Some(11688)
2026-07-31T18:24:40.767881Z  INFO herdr::logging: session saved event="persist.save" subsystem="persist" outcome="ok" path=/Users/David.Vigh/.config/herdr/session.json workspaces=2
2026-07-31T18:26:26.353606Z  INFO herdr::logging: tab focused event="tab.focus" subsystem="tab" outcome="ok" workspace_id="w5" tab_id="w5:tC"
2026-07-31T18:26:29.252579Z  INFO herdr::pane: agent changed pane=11 previous_agent=Some(OpenCode) agent=None pgid=Some(2524)
2026-07-31T18:26:33.951993Z  INFO herdr::logging: session saved event="persist.save" subsystem="persist" outcome="ok" path=/Users/David.Vigh/.config/herdr/session.json workspaces=2
2026-07-31T18:26:47.372649Z  INFO herdr::pane: agent changed pane=11 previous_agent=None agent=Some(OpenCode) process=opencode pgid=Some(12748)
2026-07-31T18:28:59.072220Z  INFO herdr::pane: agent changed pane=11 previous_agent=None agent=Some(OpenCode) process=opencode pgid=Some(12748)
2026-07-31T18:29:01.984793Z  INFO herdr::logging: tab focused event="tab.focus" subsystem="tab" outcome="ok" workspace_id="w5" tab_id="w5:tC"
2026-07-31T18:29:07.192914Z  INFO herdr::pane: agent changed pane=9 previous_agent=Some(OpenCode) agent=None pgid=Some(13488)
2026-07-31T18:29:11.894137Z  INFO herdr::logging: session saved event="persist.save" subsystem="persist" outcome="ok" path=/Users/David.Vigh/.config/herdr/session.json workspaces=2
2026-07-31T18:32:39.380083Z  INFO herdr::logging: tab focused event="tab.focus" subsystem="tab" outcome="ok" workspace_id="w5" tab_id="w5:tC"
2026-07-31T18:32:44.387221Z  INFO herdr::logging: session saved event="persist.save" subsystem="persist" outcome="ok" path=/Users/David.Vigh/.config/herdr/session.json workspaces=2
2026-07-31T18:39:51.049741Z  INFO herdr::logging: checking for updates event="update.check.start" subsystem="update" outcome="started"
2026-07-31T18:44:37.809038Z  INFO herdr::pane: agent changed pane=11 previous_agent=Some(OpenCode) agent=None pgid=Some(2524)
2026-07-31T18:44:42.509287Z  INFO herdr::logging: session saved event="persist.save" subsystem="persist" outcome="ok" path=/Users/David.Vigh/.config/herdr/session.json workspaces=2
2026-07-31T18:48:54.081647Z  INFO herdr::logging: tab focused event="tab.focus" subsystem="tab" outcome="ok" workspace_id="w5" tab_id="w5:tC"
2026-07-31T18:48:59.084156Z  INFO herdr::logging: session saved event="persist.save" subsystem="persist" outcome="ok" path=/Users/David.Vigh/.config/herdr/session.json workspaces=2
2026-07-31T18:48:59.772277Z  INFO herdr::app::actions: copied selection to clipboard
2026-07-31T18:49:02.182160Z  INFO herdr::pane: agent changed pane=9 previous_agent=None agent=Some(OpenCode) process=opencode pgid=Some(16416)
2026-07-31T18:49:58.182491Z  INFO herdr::logging: session saved event="persist.save" subsystem="persist" outcome="ok" path=/Users/David.Vigh/.config/herdr/session.json workspaces=2
2026-07-31T18:55:29.780869Z  INFO herdr::pane: agent changed pane=9 previous_agent=Some(OpenCode) agent=None pgid=Some(16562)
2026-07-31T18:55:34.477080Z  INFO herdr::logging: session saved event="persist.save" subsystem="persist" outcome="ok" path=/Users/David.Vigh/.config/herdr/session.json workspaces=2
2026-07-31T19:04:56.442200Z  INFO herdr::logging: tab focused event="tab.focus" subsystem="tab" outcome="ok" workspace_id="w5" tab_id="w5:tC"
2026-07-31T19:05:01.452968Z  INFO herdr::logging: session saved event="persist.save" subsystem="persist" outcome="ok" path=/Users/David.Vigh/.config/herdr/session.json workspaces=2
2026-07-31T19:05:19.903188Z  INFO herdr::pane: agent changed pane=11 previous_agent=None agent=Some(OpenCode) process=opencode pgid=Some(18639)
2026-07-31T19:05:39.669000Z  INFO herdr::pane: agent changed pane=11 previous_agent=Some(OpenCode) agent=None pgid=Some(2524)
2026-07-31T19:06:20.528068Z  INFO herdr::pane: agent changed pane=11 previous_agent=None agent=Some(OpenCode) process=opencode pgid=Some(19399)
2026-07-31T19:07:33.150617Z  INFO herdr::pane: agent changed pane=11 previous_agent=None agent=Some(OpenCode) process=opencode pgid=Some(19399)
2026-07-31T19:07:38.144898Z  INFO herdr::logging: session saved event="persist.save" subsystem="persist" outcome="ok" path=/Users/David.Vigh/.config/herdr/session.json workspaces=2
2026-07-31T19:09:51.052633Z  INFO herdr::logging: checking for updates event="update.check.start" subsystem="update" outcome="started"
2026-07-31T19:11:39.705299Z  INFO herdr::logging: tab focused event="tab.focus" subsystem="tab" outcome="ok" workspace_id="w5" tab_id="w5:tC"
2026-07-31T19:11:44.710900Z  INFO herdr::logging: session saved event="persist.save" subsystem="persist" outcome="ok" path=/Users/David.Vigh/.config/herdr/session.json workspaces=2
2026-07-31T19:12:56.305331Z  INFO herdr::pane: agent changed pane=9 previous_agent=None agent=Some(OpenCode) process=opencode pgid=Some(20949)
2026-07-31T19:14:10.399509Z  INFO herdr::logging: tab focused event="tab.focus" subsystem="tab" outcome="ok" workspace_id="w5" tab_id="w5:tE"
2026-07-31T19:14:15.402362Z  INFO herdr::logging: session saved event="persist.save" subsystem="persist" outcome="ok" path=/Users/David.Vigh/.config/herdr/session.json workspaces=2
2026-07-31T19:14:33.375069Z  INFO herdr::logging: tab focused event="tab.focus" subsystem="tab" outcome="ok" workspace_id="w5" tab_id="w5:tB"
2026-07-31T19:14:34.842010Z  INFO herdr::logging: tab focused event="tab.focus" subsystem="tab" outcome="ok" workspace_id="w5" tab_id="w5:tC"
2026-07-31T19:14:39.849383Z  INFO herdr::logging: session saved event="persist.save" subsystem="persist" outcome="ok" path=/Users/David.Vigh/.config/herdr/session.json workspaces=2
2026-07-31T19:15:12.643475Z  INFO herdr::logging: tab focused event="tab.focus" subsystem="tab" outcome="ok" workspace_id="w5" tab_id="w5:tE"
2026-07-31T19:15:13.901405Z  INFO herdr::logging: tab focused event="tab.focus" subsystem="tab" outcome="ok" workspace_id="w5" tab_id="w5:tC"
2026-07-31T19:15:18.906585Z  INFO herdr::logging: session saved event="persist.save" subsystem="persist" outcome="ok" path=/Users/David.Vigh/.config/herdr/session.json workspaces=2
2026-07-31T19:15:34.338651Z  INFO herdr::pane: agent changed pane=9 previous_agent=None agent=Some(OpenCode) process=opencode pgid=Some(20949)
2026-07-31T19:15:39.334369Z  INFO herdr::logging: session saved event="persist.save" subsystem="persist" outcome="ok" path=/Users/David.Vigh/.config/herdr/session.json workspaces=2
2026-07-31T19:18:06.589875Z  INFO herdr::logging: tab focused event="tab.focus" subsystem="tab" outcome="ok" workspace_id="w5" tab_id="w5:tC"
2026-07-31T19:18:11.596320Z  INFO herdr::logging: session saved event="persist.save" subsystem="persist" outcome="ok" path=/Users/David.Vigh/.config/herdr/session.json workspaces=2
2026-07-31T19:18:12.162403Z  INFO herdr::pane: agent changed pane=11 previous_agent=Some(OpenCode) agent=None pgid=Some(2524)
2026-07-31T19:18:16.862302Z  INFO herdr::logging: session saved event="persist.save" subsystem="persist" outcome="ok" path=/Users/David.Vigh/.config/herdr/session.json workspaces=2
2026-07-31T19:24:31.811681Z  INFO herdr::pane: agent changed pane=11 previous_agent=None agent=Some(OpenCode) process=opencode pgid=Some(23162)
2026-07-31T19:27:01.479703Z  INFO herdr::pane: agent changed pane=11 previous_agent=None agent=Some(OpenCode) process=opencode pgid=Some(23162)
2026-07-31T19:27:06.481620Z  INFO herdr::logging: session saved event="persist.save" subsystem="persist" outcome="ok" path=/Users/David.Vigh/.config/herdr/session.json workspaces=2
2026-07-31T19:39:51.073655Z  INFO herdr::logging: checking for updates event="update.check.start" subsystem="update" outcome="started"
2026-07-31T20:09:51.098260Z  INFO herdr::logging: checking for updates event="update.check.start" subsystem="update" outcome="started"
2026-07-31T20:15:39.864445Z  INFO herdr::pane: agent changed pane=11 previous_agent=Some(OpenCode) agent=None pgid=Some(2524)
2026-07-31T20:15:44.569949Z  INFO herdr::logging: session saved event="persist.save" subsystem="persist" outcome="ok" path=/Users/David.Vigh/.config/herdr/session.json workspaces=2
2026-07-31T20:17:33.435884Z  INFO herdr::logging: tab focused event="tab.focus" subsystem="tab" outcome="ok" workspace_id="w5" tab_id="w5:tC"
2026-07-31T20:17:38.446517Z  INFO herdr::logging: session saved event="persist.save" subsystem="persist" outcome="ok" path=/Users/David.Vigh/.config/herdr/session.json workspaces=2
2026-07-31T20:18:44.626900Z  INFO herdr::logging: tab focused event="tab.focus" subsystem="tab" outcome="ok" workspace_id="w5" tab_id="w5:tC"
2026-07-31T20:18:49.639251Z  INFO herdr::logging: session saved event="persist.save" subsystem="persist" outcome="ok" path=/Users/David.Vigh/.config/herdr/session.json workspaces=2
2026-07-31T20:19:59.628969Z  INFO herdr::logging: tab focused event="tab.focus" subsystem="tab" outcome="ok" workspace_id="w5" tab_id="w5:tC"
2026-07-31T20:20:02.871254Z  INFO herdr::pane: agent changed pane=9 previous_agent=Some(OpenCode) agent=None pgid=Some(16562)
2026-07-31T20:20:06.409507Z  INFO herdr::pane: agent changed pane=9 previous_agent=None agent=Some(OpenCode) process=opencode pgid=Some(36261)
2026-07-31T20:20:07.572119Z  INFO herdr::logging: session saved event="persist.save" subsystem="persist" outcome="ok" path=/Users/David.Vigh/.config/herdr/session.json workspaces=2
2026-07-31T20:20:54.416057Z  INFO herdr::pane: agent changed pane=9 previous_agent=None agent=Some(OpenCode) process=opencode pgid=Some(36261)
2026-07-31T20:20:59.409082Z  INFO herdr::logging: session saved event="persist.save" subsystem="persist" outcome="ok" path=/Users/David.Vigh/.config/herdr/session.json workspaces=2
2026-07-31T20:23:44.225520Z  INFO herdr::logging: tab focused event="tab.focus" subsystem="tab" outcome="ok" workspace_id="w5" tab_id="w5:tC"
2026-07-31T20:23:49.228977Z  INFO herdr::logging: session saved event="persist.save" subsystem="persist" outcome="ok" path=/Users/David.Vigh/.config/herdr/session.json workspaces=2
2026-07-31T20:25:40.469295Z  INFO herdr::logging: tab focused event="tab.focus" subsystem="tab" outcome="ok" workspace_id="w5" tab_id="w5:tC"
2026-07-31T20:25:45.350872Z  INFO herdr::pane: agent changed pane=9 previous_agent=Some(OpenCode) agent=None pgid=Some(16562)
2026-07-31T20:25:50.047344Z  INFO herdr::logging: session saved event="persist.save" subsystem="persist" outcome="ok" path=/Users/David.Vigh/.config/herdr/session.json workspaces=2
2026-07-31T20:26:04.978089Z  INFO herdr::logging: tab focused event="tab.focus" subsystem="tab" outcome="ok" workspace_id="w5" tab_id="w5:tC"
2026-07-31T20:26:09.986870Z  INFO herdr::logging: session saved event="persist.save" subsystem="persist" outcome="ok" path=/Users/David.Vigh/.config/herdr/session.json workspaces=2
2026-07-31T20:39:51.105359Z  INFO herdr::logging: checking for updates event="update.check.start" subsystem="update" outcome="started"
2026-07-31T21:09:51.143859Z  INFO herdr::logging: checking for updates event="update.check.start" subsystem="update" outcome="started"
2026-07-31T21:39:51.122854Z  INFO herdr::logging: checking for updates event="update.check.start" subsystem="update" outcome="started"
2026-07-31T22:09:51.138958Z  INFO herdr::logging: checking for updates event="update.check.start" subsystem="update" outcome="started"
2026-07-31T22:39:51.146790Z  INFO herdr::logging: checking for updates event="update.check.start" subsystem="update" outcome="started"
2026-07-31T23:09:51.133485Z  INFO herdr::logging: checking for updates event="update.check.start" subsystem="update" outcome="started"
2026-07-31T23:39:51.134247Z  INFO herdr::logging: checking for updates event="update.check.start" subsystem="update" outcome="started"
2026-08-01T00:09:51.109240Z  INFO herdr::logging: checking for updates event="update.check.start" subsystem="update" outcome="started"
2026-08-01T00:39:51.129915Z  INFO herdr::logging: checking for updates event="update.check.start" subsystem="update" outcome="started"
2026-08-01T01:09:51.176188Z  INFO herdr::logging: checking for updates event="update.check.start" subsystem="update" outcome="started"
2026-08-01T01:39:51.134673Z  INFO herdr::logging: checking for updates event="update.check.start" subsystem="update" outcome="started"
2026-08-01T02:09:51.134962Z  INFO herdr::logging: checking for updates event="update.check.start" subsystem="update" outcome="started"
2026-08-01T02:39:51.124211Z  INFO herdr::logging: checking for updates event="update.check.start" subsystem="update" outcome="started"
2026-08-01T03:09:51.137949Z  INFO herdr::logging: checking for updates event="update.check.start" subsystem="update" outcome="started"
2026-08-01T03:39:51.114611Z  INFO herdr::logging: checking for updates event="update.check.start" subsystem="update" outcome="started"
2026-08-01T04:09:51.134777Z  INFO herdr::logging: checking for updates event="update.check.start" subsystem="update" outcome="started"
2026-08-01T04:39:51.117488Z  INFO herdr::logging: checking for updates event="update.check.start" subsystem="update" outcome="started"
2026-08-01T05:09:51.142136Z  INFO herdr::logging: checking for updates event="update.check.start" subsystem="update" outcome="started"
2026-08-01T05:39:51.103603Z  INFO herdr::logging: checking for updates event="update.check.start" subsystem="update" outcome="started"
2026-08-01T06:09:51.160026Z  INFO herdr::logging: checking for updates event="update.check.start" subsystem="update" outcome="started"
2026-08-01T06:39:51.199916Z  INFO herdr::logging: checking for updates event="update.check.start" subsystem="update" outcome="started"
2026-08-01T07:09:51.180718Z  INFO herdr::logging: checking for updates event="update.check.start" subsystem="update" outcome="started"
2026-08-01T07:39:51.198844Z  INFO herdr::logging: checking for updates event="update.check.start" subsystem="update" outcome="started"
2026-08-01T08:09:51.183086Z  INFO herdr::logging: checking for updates event="update.check.start" subsystem="update" outcome="started"
2026-08-01T08:39:51.167889Z  INFO herdr::logging: checking for updates event="update.check.start" subsystem="update" outcome="started"
2026-08-01T09:09:51.150076Z  INFO herdr::logging: checking for updates event="update.check.start" subsystem="update" outcome="started"
2026-08-01T09:39:51.140699Z  INFO herdr::logging: checking for updates event="update.check.start" subsystem="update" outcome="started"
2026-08-01T10:09:51.168785Z  INFO herdr::logging: checking for updates event="update.check.start" subsystem="update" outcome="started"
2026-08-01T10:39:51.183411Z  INFO herdr::logging: checking for updates event="update.check.start" subsystem="update" outcome="started"
2026-08-01T11:09:51.165272Z  INFO herdr::logging: checking for updates event="update.check.start" subsystem="update" outcome="started"
2026-08-01T11:39:51.163889Z  INFO herdr::logging: checking for updates event="update.check.start" subsystem="update" outcome="started"
2026-08-01T12:09:51.139264Z  INFO herdr::logging: checking for updates event="update.check.start" subsystem="update" outcome="started"
2026-08-01T12:39:51.130649Z  INFO herdr::logging: checking for updates event="update.check.start" subsystem="update" outcome="started"
2026-08-01T13:09:51.112242Z  INFO herdr::logging: checking for updates event="update.check.start" subsystem="update" outcome="started"
2026-08-01T13:39:51.127389Z  INFO herdr::logging: checking for updates event="update.check.start" subsystem="update" outcome="started"
2026-08-01T14:09:51.153183Z  INFO herdr::logging: checking for updates event="update.check.start" subsystem="update" outcome="started"
2026-08-01T14:39:51.167594Z  INFO herdr::logging: checking for updates event="update.check.start" subsystem="update" outcome="started"
2026-08-01T15:09:51.215429Z  INFO herdr::logging: checking for updates event="update.check.start" subsystem="update" outcome="started"
2026-08-01T15:39:51.190389Z  INFO herdr::logging: checking for updates event="update.check.start" subsystem="update" outcome="started"
2026-08-01T16:09:51.092049Z  INFO herdr::logging: checking for updates event="update.check.start" subsystem="update" outcome="started"
2026-08-01T16:39:51.114030Z  INFO herdr::logging: checking for updates event="update.check.start" subsystem="update" outcome="started"
2026-08-01T17:09:51.156786Z  INFO herdr::logging: checking for updates event="update.check.start" subsystem="update" outcome="started"
2026-08-01T17:39:51.207451Z  INFO herdr::logging: checking for updates event="update.check.start" subsystem="update" outcome="started"
2026-08-01T18:09:51.200320Z  INFO herdr::logging: checking for updates event="update.check.start" subsystem="update" outcome="started"
2026-08-01T18:39:51.190311Z  INFO herdr::logging: checking for updates event="update.check.start" subsystem="update" outcome="started"
2026-08-01T19:09:51.202918Z  INFO herdr::logging: checking for updates event="update.check.start" subsystem="update" outcome="started"
2026-08-01T19:39:51.215995Z  INFO herdr::logging: checking for updates event="update.check.start" subsystem="update" outcome="started"
2026-08-01T20:09:51.145067Z  INFO herdr::logging: checking for updates event="update.check.start" subsystem="update" outcome="started"
2026-08-01T20:39:51.155837Z  INFO herdr::logging: checking for updates event="update.check.start" subsystem="update" outcome="started"
2026-08-01T21:09:51.160741Z  INFO herdr::logging: checking for updates event="update.check.start" subsystem="update" outcome="started"
2026-08-01T21:39:51.195643Z  INFO herdr::logging: checking for updates event="update.check.start" subsystem="update" outcome="started"
2026-08-01T22:09:51.090485Z  INFO herdr::logging: checking for updates event="update.check.start" subsystem="update" outcome="started"
2026-08-01T22:39:51.150730Z  INFO herdr::logging: checking for updates event="update.check.start" subsystem="update" outcome="started"
2026-08-01T23:09:51.187111Z  INFO herdr::logging: checking for updates event="update.check.start" subsystem="update" outcome="started"
2026-08-01T23:39:51.200421Z  INFO herdr::logging: checking for updates event="update.check.start" subsystem="update" outcome="started"
2026-08-02T00:09:51.208356Z  INFO herdr::logging: checking for updates event="update.check.start" subsystem="update" outcome="started"
2026-08-02T00:39:51.177420Z  INFO herdr::logging: checking for updates event="update.check.start" subsystem="update" outcome="started"
2026-08-02T01:09:51.206366Z  INFO herdr::logging: checking for updates event="update.check.start" subsystem="update" outcome="started"
2026-08-02T01:39:51.232393Z  INFO herdr::logging: checking for updates event="update.check.start" subsystem="update" outcome="started"
2026-08-02T02:09:51.240699Z  INFO herdr::logging: checking for updates event="update.check.start" subsystem="update" outcome="started"
2026-08-02T02:39:51.258757Z  INFO herdr::logging: checking for updates event="update.check.start" subsystem="update" outcome="started"
2026-08-02T03:09:51.216895Z  INFO herdr::logging: checking for updates event="update.check.start" subsystem="update" outcome="started"
2026-08-02T03:39:51.212191Z  INFO herdr::logging: checking for updates event="update.check.start" subsystem="update" outcome="started"
2026-08-02T04:09:51.203938Z  INFO herdr::logging: checking for updates event="update.check.start" subsystem="update" outcome="started"
2026-08-02T04:39:51.181004Z  INFO herdr::logging: checking for updates event="update.check.start" subsystem="update" outcome="started"
2026-08-02T05:09:51.209457Z  INFO herdr::logging: checking for updates event="update.check.start" subsystem="update" outcome="started"
2026-08-02T05:39:51.184014Z  INFO herdr::logging: checking for updates event="update.check.start" subsystem="update" outcome="started"
2026-08-02T06:09:51.185830Z  INFO herdr::logging: checking for updates event="update.check.start" subsystem="update" outcome="started"
2026-08-02T06:39:51.215910Z  INFO herdr::logging: checking for updates event="update.check.start" subsystem="update" outcome="started"
2026-08-02T07:09:51.245922Z  INFO herdr::logging: checking for updates event="update.check.start" subsystem="update" outcome="started"
2026-08-02T07:39:51.250801Z  INFO herdr::logging: checking for updates event="update.check.start" subsystem="update" outcome="started"
2026-08-02T08:09:51.215392Z  INFO herdr::logging: checking for updates event="update.check.start" subsystem="update" outcome="started"
2026-08-02T08:39:51.211580Z  INFO herdr::logging: checking for updates event="update.check.start" subsystem="update" outcome="started"
2026-08-02T09:09:51.247131Z  INFO herdr::logging: checking for updates event="update.check.start" subsystem="update" outcome="started"
2026-08-02T09:39:51.223561Z  INFO herdr::logging: checking for updates event="update.check.start" subsystem="update" outcome="started"
2026-08-02T10:09:51.216410Z  INFO herdr::logging: checking for updates event="update.check.start" subsystem="update" outcome="started"
2026-08-02T10:39:51.176459Z  INFO herdr::logging: checking for updates event="update.check.start" subsystem="update" outcome="started"
2026-08-02T11:09:51.152409Z  INFO herdr::logging: checking for updates event="update.check.start" subsystem="update" outcome="started"
2026-08-02T11:39:51.140894Z  INFO herdr::logging: checking for updates event="update.check.start" subsystem="update" outcome="started"
2026-08-02T12:09:51.147306Z  INFO herdr::logging: checking for updates event="update.check.start" subsystem="update" outcome="started"
2026-08-02T12:39:51.185540Z  INFO herdr::logging: checking for updates event="update.check.start" subsystem="update" outcome="started"
2026-08-02T13:09:51.233466Z  INFO herdr::logging: checking for updates event="update.check.start" subsystem="update" outcome="started"
2026-08-02T13:39:51.221141Z  INFO herdr::logging: checking for updates event="update.check.start" subsystem="update" outcome="started"
2026-08-02T14:09:51.224625Z  INFO herdr::logging: checking for updates event="update.check.start" subsystem="update" outcome="started"
2026-08-02T14:39:51.210593Z  INFO herdr::logging: checking for updates event="update.check.start" subsystem="update" outcome="started"
2026-08-02T15:09:51.207607Z  INFO herdr::logging: checking for updates event="update.check.start" subsystem="update" outcome="started"
2026-08-02T15:39:50.934230Z  INFO herdr::logging: checking for updates event="update.check.start" subsystem="update" outcome="started"
2026-08-02T16:09:51.144633Z  INFO herdr::logging: checking for updates event="update.check.start" subsystem="update" outcome="started"
2026-08-02T16:39:51.146952Z  INFO herdr::logging: checking for updates event="update.check.start" subsystem="update" outcome="started"
2026-08-02T17:09:51.201289Z  INFO herdr::logging: checking for updates event="update.check.start" subsystem="update" outcome="started"
2026-08-02T17:39:51.228491Z  INFO herdr::logging: checking for updates event="update.check.start" subsystem="update" outcome="started"
2026-08-02T18:09:51.232559Z  INFO herdr::logging: checking for updates event="update.check.start" subsystem="update" outcome="started"
2026-08-02T18:39:51.220611Z  INFO herdr::logging: checking for updates event="update.check.start" subsystem="update" outcome="started"
2026-08-02T19:09:51.189448Z  INFO herdr::logging: checking for updates event="update.check.start" subsystem="update" outcome="started"
2026-08-02T19:39:51.201243Z  INFO herdr::logging: checking for updates event="update.check.start" subsystem="update" outcome="started"
2026-08-02T20:09:51.193480Z  INFO herdr::logging: checking for updates event="update.check.start" subsystem="update" outcome="started"
2026-08-02T20:39:51.212900Z  INFO herdr::logging: checking for updates event="update.check.start" subsystem="update" outcome="started"
2026-08-02T21:09:51.244257Z  INFO herdr::logging: checking for updates event="update.check.start" subsystem="update" outcome="started"
2026-08-02T21:39:51.255770Z  INFO herdr::logging: checking for updates event="update.check.start" subsystem="update" outcome="started"
2026-08-02T22:09:51.223374Z  INFO herdr::logging: checking for updates event="update.check.start" subsystem="update" outcome="started"
2026-08-02T22:39:51.259814Z  INFO herdr::logging: checking for updates event="update.check.start" subsystem="update" outcome="started"
2026-08-02T23:09:51.266210Z  INFO herdr::logging: checking for updates event="update.check.start" subsystem="update" outcome="started"
2026-08-02T23:39:51.223774Z  INFO herdr::logging: checking for updates event="update.check.start" subsystem="update" outcome="started"
2026-08-03T00:09:51.251479Z  INFO herdr::logging: checking for updates event="update.check.start" subsystem="update" outcome="started"
2026-08-03T00:39:51.239584Z  INFO herdr::logging: checking for updates event="update.check.start" subsystem="update" outcome="started"
2026-08-03T01:09:51.236874Z  INFO herdr::logging: checking for updates event="update.check.start" subsystem="update" outcome="started"
2026-08-03T01:39:51.206498Z  INFO herdr::logging: checking for updates event="update.check.start" subsystem="update" outcome="started"
2026-08-03T02:09:51.176613Z  INFO herdr::logging: checking for updates event="update.check.start" subsystem="update" outcome="started"
2026-08-03T02:39:51.220327Z  INFO herdr::logging: checking for updates event="update.check.start" subsystem="update" outcome="started"
2026-08-03T03:09:51.237837Z  INFO herdr::logging: checking for updates event="update.check.start" subsystem="update" outcome="started"
2026-08-03T03:39:51.242142Z  INFO herdr::logging: checking for updates event="update.check.start" subsystem="update" outcome="started"
2026-08-03T04:09:51.238650Z  INFO herdr::logging: checking for updates event="update.check.start" subsystem="update" outcome="started"
2026-08-03T04:39:51.248785Z  INFO herdr::logging: checking for updates event="update.check.start" subsystem="update" outcome="started"
2026-08-03T05:09:51.243310Z  INFO herdr::logging: checking for updates event="update.check.start" subsystem="update" outcome="started"
2026-08-03T05:39:51.261847Z  INFO herdr::logging: checking for updates event="update.check.start" subsystem="update" outcome="started"
2026-08-03T06:09:51.228002Z  INFO herdr::logging: checking for updates event="update.check.start" subsystem="update" outcome="started"
2026-08-03T06:39:51.200413Z  INFO herdr::logging: checking for updates event="update.check.start" subsystem="update" outcome="started"
2026-08-03T07:09:51.183396Z  INFO herdr::logging: checking for updates event="update.check.start" subsystem="update" outcome="started"
2026-08-03T07:39:51.206658Z  INFO herdr::logging: checking for updates event="update.check.start" subsystem="update" outcome="started"
2026-08-03T08:09:51.246696Z  INFO herdr::logging: checking for updates event="update.check.start" subsystem="update" outcome="started"
2026-08-03T08:39:51.275810Z  INFO herdr::logging: checking for updates event="update.check.start" subsystem="update" outcome="started"
2026-08-03T09:09:51.269371Z  INFO herdr::logging: checking for updates event="update.check.start" subsystem="update" outcome="started"
2026-08-03T09:39:51.285950Z  INFO herdr::logging: checking for updates event="update.check.start" subsystem="update" outcome="started"
2026-08-03T10:09:51.297198Z  INFO herdr::logging: checking for updates event="update.check.start" subsystem="update" outcome="started"
2026-08-03T10:39:51.262454Z  INFO herdr::logging: checking for updates event="update.check.start" subsystem="update" outcome="started"
2026-08-03T11:09:51.243501Z  INFO herdr::logging: checking for updates event="update.check.start" subsystem="update" outcome="started"
2026-08-03T11:39:51.234381Z  INFO herdr::logging: checking for updates event="update.check.start" subsystem="update" outcome="started"
2026-08-03T12:09:51.221549Z  INFO herdr::logging: checking for updates event="update.check.start" subsystem="update" outcome="started"
2026-08-03T12:39:51.188997Z  INFO herdr::logging: checking for updates event="update.check.start" subsystem="update" outcome="started"
2026-08-03T13:09:51.221004Z  INFO herdr::logging: checking for updates event="update.check.start" subsystem="update" outcome="started"
2026-08-03T13:39:51.276642Z  INFO herdr::logging: checking for updates event="update.check.start" subsystem="update" outcome="started"
2026-08-03T14:09:51.212663Z  INFO herdr::logging: checking for updates event="update.check.start" subsystem="update" outcome="started"
2026-08-03T14:39:51.270362Z  INFO herdr::logging: checking for updates event="update.check.start" subsystem="update" outcome="started"
2026-08-03T15:09:51.290482Z  INFO herdr::logging: checking for updates event="update.check.start" subsystem="update" outcome="started"
2026-08-03T15:29:35.463431Z  INFO herdr::server::headless: client resize client_id=2 cols=229 rows=68 cell_width_px=0 cell_height_px=0
2026-08-03T15:39:51.300835Z  INFO herdr::logging: checking for updates event="update.check.start" subsystem="update" outcome="started"
2026-08-03T16:09:51.285328Z  INFO herdr::logging: checking for updates event="update.check.start" subsystem="update" outcome="started"
2026-08-03T16:10:37.542840Z  INFO herdr::logging: tab focused event="tab.focus" subsystem="tab" outcome="ok" workspace_id="w5" tab_id="w5:tC"
2026-08-03T16:10:42.551499Z  INFO herdr::logging: session saved event="persist.save" subsystem="persist" outcome="ok" path=/Users/David.Vigh/.config/herdr/session.json workspaces=2
2026-08-03T16:10:50.696124Z  INFO herdr::pane: agent changed pane=9 previous_agent=None agent=Some(OpenCode) process=opencode pgid=Some(19970)
2026-08-03T16:13:10.230053Z  INFO herdr::pane: agent changed pane=9 previous_agent=None agent=Some(OpenCode) process=opencode pgid=Some(19970)
2026-08-03T16:13:15.225663Z  INFO herdr::logging: session saved event="persist.save" subsystem="persist" outcome="ok" path=/Users/David.Vigh/.config/herdr/session.json workspaces=2
2026-08-03T16:21:02.612353Z  INFO herdr::logging: tab focused event="tab.focus" subsystem="tab" outcome="ok" workspace_id="w5" tab_id="w5:tC"
2026-08-03T16:21:07.620203Z  INFO herdr::logging: session saved event="persist.save" subsystem="persist" outcome="ok" path=/Users/David.Vigh/.config/herdr/session.json workspaces=2
2026-08-03T16:29:08.327289Z  INFO herdr::logging: tab focused event="tab.focus" subsystem="tab" outcome="ok" workspace_id="w5" tab_id="w5:tC"
2026-08-03T16:29:13.339002Z  INFO herdr::logging: session saved event="persist.save" subsystem="persist" outcome="ok" path=/Users/David.Vigh/.config/herdr/session.json workspaces=2
2026-08-03T16:39:51.287665Z  INFO herdr::logging: checking for updates event="update.check.start" subsystem="update" outcome="started"
2026-08-03T16:47:33.382039Z  INFO herdr::logging: tab focused event="tab.focus" subsystem="tab" outcome="ok" workspace_id="w5" tab_id="w5:tC"
2026-08-03T16:47:34.876805Z  INFO herdr::logging: tab focused event="tab.focus" subsystem="tab" outcome="ok" workspace_id="w5" tab_id="w5:tE"
2026-08-03T16:47:39.880963Z  INFO herdr::logging: session saved event="persist.save" subsystem="persist" outcome="ok" path=/Users/David.Vigh/.config/herdr/session.json workspaces=2
2026-08-03T17:09:51.171148Z  INFO herdr::logging: checking for updates event="update.check.start" subsystem="update" outcome="started"
2026-08-03T17:39:51.239666Z  INFO herdr::logging: checking for updates event="update.check.start" subsystem="update" outcome="started"
2026-08-03T18:00:37.422478Z  INFO herdr::logging: tab focused event="tab.focus" subsystem="tab" outcome="ok" workspace_id="w5" tab_id="w5:tC"
2026-08-03T18:00:42.434320Z  INFO herdr::logging: session saved event="persist.save" subsystem="persist" outcome="ok" path=/Users/David.Vigh/.config/herdr/session.json workspaces=2
2026-08-03T18:00:42.944962Z  INFO herdr::logging: tab focused event="tab.focus" subsystem="tab" outcome="ok" workspace_id="w5" tab_id="w5:tC"
2026-08-03T18:00:45.816748Z  INFO herdr::pane: agent changed pane=9 previous_agent=Some(OpenCode) agent=None pgid=Some(16562)
2026-08-03T18:00:50.519947Z  INFO herdr::logging: session saved event="persist.save" subsystem="persist" outcome="ok" path=/Users/David.Vigh/.config/herdr/session.json workspaces=2
2026-08-03T18:02:21.452034Z  INFO herdr::server::headless: client resize client_id=2 cols=154 rows=43 cell_width_px=0 cell_height_px=0
2026-08-03T18:02:36.860292Z  INFO herdr::logging: tab focused event="tab.focus" subsystem="tab" outcome="ok" workspace_id="w5" tab_id="w5:tE"
2026-08-03T18:02:41.864399Z  INFO herdr::logging: session saved event="persist.save" subsystem="persist" outcome="ok" path=/Users/David.Vigh/.config/herdr/session.json workspaces=2
2026-08-03T18:04:07.378270Z  INFO herdr::server::headless: client resize client_id=2 cols=156 rows=43 cell_width_px=0 cell_height_px=0
2026-08-03T18:04:07.481136Z  INFO herdr::server::headless: client resize client_id=2 cols=229 rows=68 cell_width_px=0 cell_height_px=0
2026-08-03T18:04:09.236486Z  INFO herdr::server::headless: client resize client_id=2 cols=154 rows=43 cell_width_px=0 cell_height_px=0
2026-08-03T18:09:51.234697Z  INFO herdr::logging: checking for updates event="update.check.start" subsystem="update" outcome="started"
2026-08-03T18:17:28.528348Z  INFO herdr::app::actions: copied selection to clipboard
2026-08-03T18:18:31.308814Z  INFO herdr::app::actions: copied selection to clipboard
2026-08-03T18:24:03.822590Z  INFO herdr::app::actions: copied selection to clipboard
2026-08-03T18:25:07.790884Z  INFO herdr::app::actions: copied selection to clipboard
2026-08-03T18:25:13.420528Z  INFO herdr::app::actions: copied selection to clipboard
2026-08-03T18:34:21.436619Z  INFO herdr::server::headless: client disconnected client_id=2
2026-08-03T18:34:41.594460Z  INFO herdr::pane: agent changed pane=5 previous_agent=Some(OpenCode) agent=None pgid=Some(85144)
2026-08-03T18:34:41.594461Z  INFO herdr::pane: agent changed pane=8 previous_agent=Some(OpenCode) agent=None pgid=Some(3630)
2026-08-03T18:34:41.594481Z  INFO herdr::pane: agent changed pane=2 previous_agent=Some(OpenCode) agent=None pgid=Some(31412)
2026-08-03T18:34:41.594467Z  INFO herdr::pane: agent changed pane=6 previous_agent=Some(OpenCode) agent=None pgid=Some(90297)
2026-08-03T18:34:41.594514Z  INFO herdr::pane: agent changed pane=1 previous_agent=Some(OpenCode) agent=None pgid=Some(31508)
2026-08-03T18:34:41.901314Z  INFO herdr::pane: agent changed pane=3 previous_agent=Some(OpenCode) agent=None pgid=Some(33323)
2026-08-27T19:12:24.466299Z  INFO herdr::platform::macos: raised server file descriptor soft limit previous=256 target=8192
2026-08-27T19:12:24.468150Z  INFO herdr::api::server: api server listening path=/Users/David.Vigh/.config/herdr/herdr.sock
2026-08-27T19:12:24.475088Z  INFO herdr::logging: spawning pane terminal event="pane.spawn.start" subsystem="pane" outcome="started" pane_id=6 rows=24 cols=80 scrollback_limit_bytes=10000000
2026-08-27T19:12:24.478945Z  INFO herdr::logging: pane child spawned event="pane.spawned" subsystem="pane" outcome="ok" pane_id=6 pid=88554
2026-08-27T19:12:24.479219Z  INFO herdr::logging: spawning pane terminal event="pane.spawn.start" subsystem="pane" outcome="started" pane_id=7 rows=24 cols=80 scrollback_limit_bytes=10000000
2026-08-27T19:12:24.481850Z  INFO herdr::logging: pane child spawned event="pane.spawned" subsystem="pane" outcome="ok" pane_id=7 pid=88555
2026-08-27T19:12:24.482019Z  INFO herdr::logging: spawning pane terminal event="pane.spawn.start" subsystem="pane" outcome="started" pane_id=8 rows=24 cols=80 scrollback_limit_bytes=10000000
2026-08-27T19:12:24.485774Z  INFO herdr::logging: pane child spawned event="pane.spawned" subsystem="pane" outcome="ok" pane_id=8 pid=88556
2026-08-27T19:12:24.485928Z  INFO herdr::logging: spawning pane terminal event="pane.spawn.start" subsystem="pane" outcome="started" pane_id=9 rows=24 cols=80 scrollback_limit_bytes=10000000
2026-08-27T19:12:24.488427Z  INFO herdr::logging: pane child spawned event="pane.spawned" subsystem="pane" outcome="ok" pane_id=9 pid=88557
2026-08-27T19:12:24.488866Z  INFO herdr::logging: session restore evaluated event="persist.restore" subsystem="persist" outcome="ok" workspaces=2
2026-08-27T19:12:24.488898Z  INFO herdr::app: using pane scrollback configuration pane_scrollback_limit_bytes=10000000
2026-08-27T19:12:24.587616Z  INFO herdr::logging: checking for updates event="update.check.start" subsystem="update" outcome="started"
2026-08-27T19:12:24.601598Z  INFO herdr::server::headless: restored session already has workspaces; ignoring startup cwd cwd=/Users/David.Vigh
2026-08-27T19:12:24.602224Z  INFO herdr::server::headless: client protocol socket listening path=/Users/David.Vigh/.config/herdr/herdr-client.sock
2026-08-27T19:12:24.602249Z  INFO herdr::server::headless: herdr server started api_socket=/Users/David.Vigh/.config/herdr/herdr.sock client_socket=/Users/David.Vigh/.config/herdr/herdr-client.sock
2026-08-27T19:12:24.602514Z  INFO herdr::logging: herdr starting event="app.startup" subsystem="server" outcome="started" pid=88553
2026-08-27T19:12:24.676892Z  INFO herdr::server::headless: client connected client_id=2 cols=229 rows=68 cell_width_px=0 cell_height_px=0 render_encoding=SemanticFrame
2026-08-27T19:12:24.679811Z  INFO herdr::logging: spawning pane terminal event="pane.spawn.start" subsystem="pane" outcome="started" pane_id=1 rows=67 cols=203 scrollback_limit_bytes=10000000
2026-08-27T19:12:24.683205Z  INFO herdr::logging: pane child spawned event="pane.spawned" subsystem="pane" outcome="ok" pane_id=1 pid=88760
2026-08-27T19:12:24.683397Z  INFO herdr::logging: spawning pane terminal event="pane.spawn.start" subsystem="pane" outcome="started" pane_id=2 rows=67 cols=203 scrollback_limit_bytes=10000000
2026-08-27T19:12:24.687063Z  INFO herdr::logging: pane child spawned event="pane.spawned" subsystem="pane" outcome="ok" pane_id=2 pid=88762
2026-08-27T19:12:24.687271Z  INFO herdr::logging: spawning pane terminal event="pane.spawn.start" subsystem="pane" outcome="started" pane_id=3 rows=67 cols=203 scrollback_limit_bytes=10000000
2026-08-27T19:12:24.690458Z  INFO herdr::logging: pane child spawned event="pane.spawned" subsystem="pane" outcome="ok" pane_id=3 pid=88763
2026-08-27T19:12:24.690605Z  INFO herdr::logging: spawning pane terminal event="pane.spawn.start" subsystem="pane" outcome="started" pane_id=4 rows=67 cols=203 scrollback_limit_bytes=10000000
2026-08-27T19:12:24.695774Z  INFO herdr::logging: pane child spawned event="pane.spawned" subsystem="pane" outcome="ok" pane_id=4 pid=88768
2026-08-27T19:12:24.695975Z  INFO herdr::logging: spawning pane terminal event="pane.spawn.start" subsystem="pane" outcome="started" pane_id=5 rows=67 cols=203 scrollback_limit_bytes=10000000
2026-08-27T19:12:24.699101Z  INFO herdr::logging: pane child spawned event="pane.spawned" subsystem="pane" outcome="ok" pane_id=5 pid=88775
2026-08-27T19:12:24.699222Z  INFO herdr::logging: spawning pane terminal event="pane.spawn.start" subsystem="pane" outcome="started" pane_id=10 rows=67 cols=203 scrollback_limit_bytes=10000000
2026-08-27T19:12:24.703507Z  INFO herdr::logging: pane child spawned event="pane.spawned" subsystem="pane" outcome="ok" pane_id=10 pid=88780
2026-08-27T19:12:25.236716Z  INFO herdr::pane: agent changed pane=1 previous_agent=None agent=Some(OpenCode) process=opencode pgid=Some(89141)
2026-08-27T19:12:25.239124Z  INFO herdr::pane: agent changed pane=2 previous_agent=None agent=Some(OpenCode) process=opencode pgid=Some(89151)
2026-08-27T19:12:25.244703Z  INFO herdr::pane: agent changed pane=3 previous_agent=None agent=Some(OpenCode) process=opencode pgid=Some(89150)
2026-08-27T19:12:25.248282Z  INFO herdr::pane: agent changed pane=4 previous_agent=None agent=Some(OpenCode) process=opencode pgid=Some(89149)
2026-08-27T19:12:25.252912Z  INFO herdr::pane: agent changed pane=5 previous_agent=None agent=Some(OpenCode) process=opencode pgid=Some(89152)
2026-08-27T19:12:25.256421Z  INFO herdr::pane: agent changed pane=10 previous_agent=None agent=Some(OpenCode) process=opencode pgid=Some(89143)
2026-08-27T19:12:29.706625Z  INFO herdr::logging: session saved event="persist.save" subsystem="persist" outcome="ok" path=/Users/David.Vigh/.config/herdr/session.json workspaces=2
2026-08-27T19:12:35.375320Z  INFO herdr::logging: pane child exited event="pane.exit" subsystem="pane" outcome="completed" pane_id=9 status="ExitStatus { code: 0, signal: None }"
2026-08-27T19:12:35.375473Z  INFO herdr::pane: pane session terminated pane=9 pid=88557 signal=Hangup
2026-08-27T19:12:36.987250Z  INFO herdr::logging: pane child exited event="pane.exit" subsystem="pane" outcome="completed" pane_id=7 status="ExitStatus { code: 0, signal: None }"
2026-08-27T19:12:36.987429Z  INFO herdr::pane: pane session terminated pane=7 pid=88555 signal=Hangup
2026-08-27T19:12:41.700943Z  INFO herdr::logging: pane child exited event="pane.exit" subsystem="pane" outcome="completed" pane_id=8 status="ExitStatus { code: 1, signal: None }"
2026-08-27T19:12:41.713704Z  INFO herdr::pane: pane session terminated pane=8 pid=88556 signal=Hangup
2026-08-27T19:12:41.714051Z  WARN herdr::app::actions: PaneDied for unknown pane pane=8
2026-08-27T19:12:44.236823Z  INFO herdr::logging: pane child exited event="pane.exit" subsystem="pane" outcome="completed" pane_id=6 status="ExitStatus { code: 1, signal: None }"
2026-08-27T19:12:44.258761Z  INFO herdr::pane: pane session terminated pane=6 pid=88554 signal=Hangup
2026-08-27T19:12:44.259074Z  WARN herdr::app::actions: PaneDied for unknown pane pane=6
2026-08-27T19:12:49.261581Z  INFO herdr::logging: session saved event="persist.save" subsystem="persist" outcome="ok" path=/Users/David.Vigh/.config/herdr/session.json workspaces=2
2026-08-27T19:12:50.961988Z  INFO herdr::logging: pane child exited event="pane.exit" subsystem="pane" outcome="completed" pane_id=5 status="ExitStatus { code: 1, signal: None }"
2026-08-27T19:12:51.026201Z  INFO herdr::pane: pane session terminated pane=5 pid=88775 signal=Hangup
2026-08-27T19:12:51.026438Z  WARN herdr::app::actions: PaneDied for unknown pane pane=5
2026-08-27T19:12:52.234264Z  INFO herdr::logging: pane child exited event="pane.exit" subsystem="pane" outcome="completed" pane_id=4 status="ExitStatus { code: 1, signal: None }"
2026-08-27T19:12:52.298494Z  INFO herdr::pane: pane session terminated pane=4 pid=88768 signal=Hangup
2026-08-27T19:12:52.298704Z  WARN herdr::app::actions: PaneDied for unknown pane pane=4
2026-08-27T19:12:52.950618Z  INFO herdr::logging: pane child exited event="pane.exit" subsystem="pane" outcome="completed" pane_id=3 status="ExitStatus { code: 1, signal: None }"
2026-08-27T19:12:53.020419Z  INFO herdr::pane: pane session terminated pane=3 pid=88763 signal=Hangup
2026-08-27T19:12:53.020649Z  WARN herdr::app::actions: PaneDied for unknown pane pane=3
2026-08-27T19:12:53.595848Z  INFO herdr::logging: pane child exited event="pane.exit" subsystem="pane" outcome="completed" pane_id=2 status="ExitStatus { code: 1, signal: None }"
2026-08-27T19:12:53.665358Z  INFO herdr::pane: pane session terminated pane=2 pid=88762 signal=Hangup
2026-08-27T19:12:53.665578Z  WARN herdr::app::actions: PaneDied for unknown pane pane=2
2026-08-27T19:12:54.582527Z  INFO herdr::logging: workspace closed event="workspace.close" subsystem="workspace" outcome="ok" workspace_id="w5"
2026-08-27T19:12:54.585320Z  INFO herdr::logging: pane child exited event="pane.exit" subsystem="pane" outcome="completed" pane_id=1 status="ExitStatus { code: 1, signal: None }"
2026-08-27T19:12:54.656036Z  INFO herdr::pane: pane session terminated pane=1 pid=88760 signal=Hangup
2026-08-27T19:12:54.656355Z  WARN herdr::app::actions: PaneDied for unknown pane pane=1
2026-08-27T19:12:55.410924Z  INFO herdr::logging: workspace closed event="workspace.close" subsystem="workspace" outcome="ok" workspace_id="w6"
2026-08-27T19:12:55.413626Z  INFO herdr::logging: pane child exited event="pane.exit" subsystem="pane" outcome="completed" pane_id=10 status="ExitStatus { code: 1, signal: None }"
2026-08-27T19:12:55.479183Z  INFO herdr::pane: pane session terminated pane=10 pid=88780 signal=Hangup
2026-08-27T19:12:55.479419Z  WARN herdr::app::actions: PaneDied for unknown pane pane=10
2026-08-27T19:12:55.479470Z  INFO herdr::logging: spawning pane terminal event="pane.spawn.start" subsystem="pane" outcome="started" pane_id=11 rows=67 cols=204 scrollback_limit_bytes=10000000
2026-08-27T19:12:55.483030Z  INFO herdr::logging: pane child spawned event="pane.spawned" subsystem="pane" outcome="ok" pane_id=11 pid=90918
2026-08-27T19:12:55.483201Z  INFO herdr::logging: workspace created event="workspace.create" subsystem="workspace" outcome="ok" workspace_id="w7" pane_id=11
2026-08-27T19:12:55.483210Z  INFO herdr::logging: workspace focused event="workspace.focus" subsystem="workspace" outcome="ok" workspace_id="w7"
2026-08-27T19:12:55.483219Z  INFO herdr::logging: tab focused event="tab.focus" subsystem="tab" outcome="ok" workspace_id="w7" tab_id="w7:t1"
2026-08-27T19:13:00.487586Z  INFO herdr::logging: session saved event="persist.save" subsystem="persist" outcome="ok" path=/Users/David.Vigh/.config/herdr/session.json workspaces=1
2026-08-27T19:30:43.777335Z  INFO herdr::server::headless: client resize client_id=2 cols=116 rows=68 cell_width_px=0 cell_height_px=0
2026-08-27T19:30:44.190789Z  INFO herdr::server::headless: client resize client_id=2 cols=229 rows=68 cell_width_px=0 cell_height_px=0
2026-08-27T19:42:24.637918Z  INFO herdr::logging: checking for updates event="update.check.start" subsystem="update" outcome="started"
2026-08-27T20:12:24.657881Z  INFO herdr::logging: checking for updates event="update.check.start" subsystem="update" outcome="started"
2026-08-27T20:42:24.650068Z  INFO herdr::logging: checking for updates event="update.check.start" subsystem="update" outcome="started"
2026-08-27T21:11:02.484181Z  INFO herdr::pane: agent changed pane=11 previous_agent=None agent=Some(Claude) process=claude pgid=Some(28272)
2026-08-27T21:11:48.888241Z  INFO herdr::logging: spawning pane terminal event="pane.spawn.start" subsystem="pane" outcome="started" pane_id=12 rows=67 cols=204 scrollback_limit_bytes=10000000
2026-08-27T21:11:48.894222Z  INFO herdr::logging: pane child spawned event="pane.spawned" subsystem="pane" outcome="ok" pane_id=12 pid=28388
2026-08-27T21:11:48.894552Z  INFO herdr::logging: workspace created event="workspace.create" subsystem="workspace" outcome="ok" workspace_id="w8" pane_id=12
2026-08-27T21:11:48.894569Z  INFO herdr::logging: workspace focused event="workspace.focus" subsystem="workspace" outcome="ok" workspace_id="w8"
2026-08-27T21:11:48.894590Z  INFO herdr::logging: tab focused event="tab.focus" subsystem="tab" outcome="ok" workspace_id="w8" tab_id="w8:t1"
2026-08-27T21:11:53.901082Z  INFO herdr::logging: session saved event="persist.save" subsystem="persist" outcome="ok" path=/Users/David.Vigh/.config/herdr/session.json workspaces=2
2026-08-27T21:12:24.662839Z  INFO herdr::logging: checking for updates event="update.check.start" subsystem="update" outcome="started"
2026-08-27T21:13:14.995786Z  INFO herdr::logging: spawning pane terminal event="pane.spawn.start" subsystem="pane" outcome="started" pane_id=13 rows=67 cols=204 scrollback_limit_bytes=10000000
2026-08-27T21:13:15.002133Z  INFO herdr::logging: pane child spawned event="pane.spawned" subsystem="pane" outcome="ok" pane_id=13 pid=28866
2026-08-27T21:13:15.002445Z  INFO herdr::logging: tab renamed event="tab.rename" subsystem="tab" outcome="ok" workspace_id="w8" tab_id="w8:t2"
2026-08-27T21:13:15.002481Z  INFO herdr::logging: tab focused event="tab.focus" subsystem="tab" outcome="ok" workspace_id="w8" tab_id="w8:t2"
2026-08-27T21:13:17.566910Z  INFO herdr::pane: agent changed pane=13 previous_agent=None agent=Some(OpenCode) process=opencode pgid=Some(28910)
2026-08-27T21:13:20.006009Z  INFO herdr::logging: session saved event="persist.save" subsystem="persist" outcome="ok" path=/Users/David.Vigh/.config/herdr/session.json workspaces=2
2026-08-27T21:13:38.417020Z  INFO herdr::pane: agent changed pane=13 previous_agent=None agent=Some(OpenCode) process=opencode pgid=Some(28910)
2026-08-27T21:13:42.588991Z  INFO herdr::logging: tab focused event="tab.focus" subsystem="tab" outcome="ok" workspace_id="w8" tab_id="w8:t1"
2026-08-27T21:13:47.592042Z  INFO herdr::logging: session saved event="persist.save" subsystem="persist" outcome="ok" path=/Users/David.Vigh/.config/herdr/session.json workspaces=2
2026-08-27T21:13:48.260604Z  INFO herdr::logging: spawning pane terminal event="pane.spawn.start" subsystem="pane" outcome="started" pane_id=14 rows=67 cols=204 scrollback_limit_bytes=10000000
2026-08-27T21:13:48.264591Z  INFO herdr::logging: pane child spawned event="pane.spawned" subsystem="pane" outcome="ok" pane_id=14 pid=29125
2026-08-27T21:13:48.264739Z  INFO herdr::logging: tab focused event="tab.focus" subsystem="tab" outcome="ok" workspace_id="w8" tab_id="w8:t3"
2026-08-27T21:13:53.268277Z  INFO herdr::logging: session saved event="persist.save" subsystem="persist" outcome="ok" path=/Users/David.Vigh/.config/herdr/session.json workspaces=2
2026-08-27T21:16:27.601552Z  INFO herdr::logging: tab focused event="tab.focus" subsystem="tab" outcome="ok" workspace_id="w8" tab_id="w8:t1"
2026-08-27T21:16:29.729331Z  INFO herdr::logging: tab focused event="tab.focus" subsystem="tab" outcome="ok" workspace_id="w8" tab_id="w8:t2"
2026-08-27T21:16:34.734353Z  INFO herdr::logging: session saved event="persist.save" subsystem="persist" outcome="ok" path=/Users/David.Vigh/.config/herdr/session.json workspaces=2
2026-08-27T21:16:52.655287Z  INFO herdr::server::headless: client resize client_id=2 cols=116 rows=68 cell_width_px=0 cell_height_px=0
2026-08-27T21:18:54.775146Z  INFO herdr::logging: tab focused event="tab.focus" subsystem="tab" outcome="ok" workspace_id="w8" tab_id="w8:t3"
2026-08-27T21:18:58.856424Z  INFO herdr::logging: spawning pane terminal event="pane.spawn.start" subsystem="pane" outcome="started" pane_id=15 rows=67 cols=91 scrollback_limit_bytes=10000000
2026-08-27T21:18:58.864910Z  INFO herdr::logging: pane child spawned event="pane.spawned" subsystem="pane" outcome="ok" pane_id=15 pid=30082
2026-08-27T21:18:58.865241Z  INFO herdr::logging: tab focused event="tab.focus" subsystem="tab" outcome="ok" workspace_id="w8" tab_id="w8:t4"
2026-08-27T21:19:03.869846Z  INFO herdr::logging: session saved event="persist.save" subsystem="persist" outcome="ok" path=/Users/David.Vigh/.config/herdr/session.json workspaces=2
2026-08-27T21:19:15.866313Z  INFO herdr::app::actions: copied selection to clipboard
2026-08-27T21:19:19.285196Z  INFO herdr::logging: tab focused event="tab.focus" subsystem="tab" outcome="ok" workspace_id="w8" tab_id="w8:t2"
2026-08-27T21:19:24.289607Z  INFO herdr::logging: session saved event="persist.save" subsystem="persist" outcome="ok" path=/Users/David.Vigh/.config/herdr/session.json workspaces=2
2026-08-27T21:25:46.807400Z  INFO herdr::logging: session saved event="persist.save" subsystem="persist" outcome="ok" path=/Users/David.Vigh/.config/herdr/session.json workspaces=2
2026-08-27T21:28:31.612238Z  INFO herdr::logging: api request received event="api.request.start" subsystem="api" outcome="started" request_id="cli:server:reload-config" method="server.reload_config" changes_ui=true
2026-08-27T21:28:31.613290Z  INFO herdr::logging: api request completed event="api.request.complete" subsystem="api" outcome="ok" request_id="cli:server:reload-config" method="server.reload_config"
2026-08-27T21:28:37.937394Z  INFO herdr::logging: spawning pane terminal event="pane.spawn.start" subsystem="pane" outcome="started" pane_id=16 rows=67 cols=91 scrollback_limit_bytes=10000000
2026-08-27T21:28:37.942778Z  INFO herdr::logging: pane child spawned event="pane.spawned" subsystem="pane" outcome="ok" pane_id=16 pid=31551
2026-08-27T21:28:37.943036Z  INFO herdr::logging: tab focused event="tab.focus" subsystem="tab" outcome="ok" workspace_id="w8" tab_id="w8:t5"
2026-08-27T21:28:42.948257Z  INFO herdr::logging: session saved event="persist.save" subsystem="persist" outcome="ok" path=/Users/David.Vigh/.config/herdr/session.json workspaces=2
2026-08-27T21:28:48.679840Z  INFO herdr::logging: tab focused event="tab.focus" subsystem="tab" outcome="ok" workspace_id="w8" tab_id="w8:t4"
2026-08-27T21:28:51.632126Z  INFO herdr::logging: tab focused event="tab.focus" subsystem="tab" outcome="ok" workspace_id="w8" tab_id="w8:t3"
2026-08-27T21:28:52.719611Z  INFO herdr::logging: tab focused event="tab.focus" subsystem="tab" outcome="ok" workspace_id="w8" tab_id="w8:t2"
2026-08-27T21:28:57.723811Z  INFO herdr::logging: session saved event="persist.save" subsystem="persist" outcome="ok" path=/Users/David.Vigh/.config/herdr/session.json workspaces=2
2026-08-27T21:29:17.904813Z  INFO herdr::logging: workspace focused event="workspace.focus" subsystem="workspace" outcome="ok" workspace_id="w7"
2026-08-27T21:29:17.905437Z  INFO herdr::logging: tab focused event="tab.focus" subsystem="tab" outcome="ok" workspace_id="w7" tab_id="w7:t1"
2026-08-27T21:29:22.911464Z  INFO herdr::logging: session saved event="persist.save" subsystem="persist" outcome="ok" path=/Users/David.Vigh/.config/herdr/session.json workspaces=2
2026-08-27T21:30:32.985224Z  INFO herdr::logging: workspace focused event="workspace.focus" subsystem="workspace" outcome="ok" workspace_id="w8"
2026-08-27T21:30:32.988614Z  INFO herdr::logging: tab focused event="tab.focus" subsystem="tab" outcome="ok" workspace_id="w8" tab_id="w8:t2"
2026-08-27T21:30:37.992484Z  INFO herdr::logging: session saved event="persist.save" subsystem="persist" outcome="ok" path=/Users/David.Vigh/.config/herdr/session.json workspaces=2
2026-08-27T21:34:56.756484Z  INFO herdr::logging: tab focused event="tab.focus" subsystem="tab" outcome="ok" workspace_id="w8" tab_id="w8:t4"
2026-08-27T21:34:59.035949Z  INFO herdr::logging: tab focused event="tab.focus" subsystem="tab" outcome="ok" workspace_id="w8" tab_id="w8:t5"
2026-08-27T21:35:04.040277Z  INFO herdr::logging: session saved event="persist.save" subsystem="persist" outcome="ok" path=/Users/David.Vigh/.config/herdr/session.json workspaces=2
2026-08-27T21:40:03.599963Z  INFO herdr::logging: tab focused event="tab.focus" subsystem="tab" outcome="ok" workspace_id="w8" tab_id="w8:t2"
2026-08-27T21:40:08.605164Z  INFO herdr::logging: session saved event="persist.save" subsystem="persist" outcome="ok" path=/Users/David.Vigh/.config/herdr/session.json workspaces=2
2026-08-27T21:40:13.397544Z  INFO herdr::logging: spawning pane terminal event="pane.spawn.start" subsystem="pane" outcome="started" pane_id=17 rows=67 cols=91 scrollback_limit_bytes=10000000
2026-08-27T21:40:13.403311Z  INFO herdr::logging: pane child spawned event="pane.spawned" subsystem="pane" outcome="ok" pane_id=17 pid=32365
2026-08-27T21:40:13.403491Z  INFO herdr::logging: tab focused event="tab.focus" subsystem="tab" outcome="ok" workspace_id="w8" tab_id="w8:t2"
2026-08-27T21:40:18.408044Z  INFO herdr::logging: session saved event="persist.save" subsystem="persist" outcome="ok" path=/Users/David.Vigh/.config/herdr/session.json workspaces=2
2026-08-27T21:40:18.722076Z  INFO herdr::logging: pane child exited event="pane.exit" subsystem="pane" outcome="completed" pane_id=17 status="ExitStatus { code: 1, signal: None }"
2026-08-27T21:40:18.744619Z  INFO herdr::pane: pane session terminated pane=17 pid=32365 signal=Hangup
2026-08-27T21:40:18.744859Z  WARN herdr::app::actions: PaneDied for unknown pane pane=17
2026-08-27T21:40:20.700841Z  INFO herdr::logging: spawning pane terminal event="pane.spawn.start" subsystem="pane" outcome="started" pane_id=18 rows=67 cols=91 scrollback_limit_bytes=10000000
2026-08-27T21:40:20.705700Z  INFO herdr::logging: pane child spawned event="pane.spawned" subsystem="pane" outcome="ok" pane_id=18 pid=32403
2026-08-27T21:40:20.705883Z  INFO herdr::logging: tab focused event="tab.focus" subsystem="tab" outcome="ok" workspace_id="w8" tab_id="w8:t6"
2026-08-27T21:40:25.710094Z  INFO herdr::logging: session saved event="persist.save" subsystem="persist" outcome="ok" path=/Users/David.Vigh/.config/herdr/session.json workspaces=2
2026-08-27T21:42:24.695444Z  INFO herdr::logging: checking for updates event="update.check.start" subsystem="update" outcome="started"
2026-08-27T21:42:27.934473Z  INFO herdr::logging: tab focused event="tab.focus" subsystem="tab" outcome="ok" workspace_id="w8" tab_id="w8:t2"
2026-08-27T21:42:32.938397Z  INFO herdr::logging: session saved event="persist.save" subsystem="persist" outcome="ok" path=/Users/David.Vigh/.config/herdr/session.json workspaces=2
2026-08-27T21:42:39.920370Z  INFO herdr::logging: tab focused event="tab.focus" subsystem="tab" outcome="ok" workspace_id="w8" tab_id="w8:t6"
2026-08-27T21:42:44.924248Z  INFO herdr::logging: session saved event="persist.save" subsystem="persist" outcome="ok" path=/Users/David.Vigh/.config/herdr/session.json workspaces=2
2026-08-27T21:43:22.040596Z  INFO herdr::logging: tab focused event="tab.focus" subsystem="tab" outcome="ok" workspace_id="w8" tab_id="w8:t2"
2026-08-27T21:43:27.043450Z  INFO herdr::logging: session saved event="persist.save" subsystem="persist" outcome="ok" path=/Users/David.Vigh/.config/herdr/session.json workspaces=2
2026-08-27T21:43:38.643904Z  INFO herdr::logging: api request received event="api.request.start" subsystem="api" outcome="started" request_id="cli:tab:rename" method="tab.rename" changes_ui=true
2026-08-27T21:43:38.643999Z  INFO herdr::logging: api request completed event="api.request.complete" subsystem="api" outcome="error" request_id="cli:tab:rename" method="tab.rename"
2026-08-27T21:53:59.783066Z  INFO herdr::logging: tab focused event="tab.focus" subsystem="tab" outcome="ok" workspace_id="w8" tab_id="w8:t5"
2026-08-27T21:54:04.787028Z  INFO herdr::logging: session saved event="persist.save" subsystem="persist" outcome="ok" path=/Users/David.Vigh/.config/herdr/session.json workspaces=2
2026-08-27T21:54:08.252387Z  INFO herdr::app::actions: copied selection to clipboard
2026-08-27T21:54:17.944290Z  INFO herdr::logging: tab focused event="tab.focus" subsystem="tab" outcome="ok" workspace_id="w8" tab_id="w8:t2"
2026-08-27T21:54:22.949168Z  INFO herdr::logging: session saved event="persist.save" subsystem="persist" outcome="ok" path=/Users/David.Vigh/.config/herdr/session.json workspaces=2
2026-08-27T21:54:32.435204Z  INFO herdr::logging: tab focused event="tab.focus" subsystem="tab" outcome="ok" workspace_id="w8" tab_id="w8:t5"
2026-08-27T21:54:34.877881Z  INFO herdr::logging: api request received event="api.request.start" subsystem="api" outcome="started" request_id="cli:server:reload-config" method="server.reload_config" changes_ui=true
2026-08-27T21:54:34.878307Z  INFO herdr::logging: api request completed event="api.request.complete" subsystem="api" outcome="ok" request_id="cli:server:reload-config" method="server.reload_config"
2026-08-27T21:54:37.439388Z  INFO herdr::logging: session saved event="persist.save" subsystem="persist" outcome="ok" path=/Users/David.Vigh/.config/herdr/session.json workspaces=2
2026-08-27T21:54:45.389064Z  INFO herdr::app::actions: copied selection to clipboard
2026-08-27T21:54:47.431066Z  INFO herdr::logging: tab focused event="tab.focus" subsystem="tab" outcome="ok" workspace_id="w8" tab_id="w8:t3"
2026-08-27T21:54:48.836162Z  INFO herdr::logging: tab focused event="tab.focus" subsystem="tab" outcome="ok" workspace_id="w8" tab_id="w8:t1"
2026-08-27T21:54:50.397035Z  INFO herdr::logging: tab focused event="tab.focus" subsystem="tab" outcome="ok" workspace_id="w8" tab_id="w8:t4"
2026-08-27T21:54:51.362273Z  INFO herdr::logging: tab focused event="tab.focus" subsystem="tab" outcome="ok" workspace_id="w8" tab_id="w8:t3"
2026-08-27T21:54:52.407107Z  INFO herdr::logging: tab focused event="tab.focus" subsystem="tab" outcome="ok" workspace_id="w8" tab_id="w8:t4"
2026-08-27T21:54:54.228147Z  INFO herdr::logging: tab focused event="tab.focus" subsystem="tab" outcome="ok" workspace_id="w8" tab_id="w8:t5"
2026-08-27T21:54:55.821009Z  INFO herdr::logging: tab focused event="tab.focus" subsystem="tab" outcome="ok" workspace_id="w8" tab_id="w8:t2"
2026-08-27T21:55:00.824027Z  INFO herdr::logging: session saved event="persist.save" subsystem="persist" outcome="ok" path=/Users/David.Vigh/.config/herdr/session.json workspaces=2
2026-08-27T21:55:08.924230Z  INFO herdr::logging: tab focused event="tab.focus" subsystem="tab" outcome="ok" workspace_id="w8" tab_id="w8:t6"
2026-08-27T21:55:13.616235Z  INFO herdr::logging: api request received event="api.request.start" subsystem="api" outcome="started" request_id="cli:tab:rename" method="tab.rename" changes_ui=true
2026-08-27T21:55:13.616300Z  INFO herdr::logging: tab renamed event="tab.rename" subsystem="tab" outcome="ok" workspace_id="w8" tab_id="w8:t6"
2026-08-27T21:55:13.616361Z  INFO herdr::logging: api request completed event="api.request.complete" subsystem="api" outcome="ok" request_id="cli:tab:rename" method="tab.rename"
2026-08-27T21:55:18.620041Z  INFO herdr::logging: session saved event="persist.save" subsystem="persist" outcome="ok" path=/Users/David.Vigh/.config/herdr/session.json workspaces=2
2026-08-27T21:55:20.073973Z  INFO herdr::logging: api request received event="api.request.start" subsystem="api" outcome="started" request_id="cli:tab:rename" method="tab.rename" changes_ui=true
2026-08-27T21:55:20.074041Z  INFO herdr::logging: tab renamed event="tab.rename" subsystem="tab" outcome="ok" workspace_id="w8" tab_id="w8:t6"
2026-08-27T21:55:20.074117Z  INFO herdr::logging: api request completed event="api.request.complete" subsystem="api" outcome="ok" request_id="cli:tab:rename" method="tab.rename"
2026-08-27T21:55:25.077629Z  INFO herdr::logging: session saved event="persist.save" subsystem="persist" outcome="ok" path=/Users/David.Vigh/.config/herdr/session.json workspaces=2
2026-08-27T21:55:27.846501Z  INFO herdr::logging: api request received event="api.request.start" subsystem="api" outcome="started" request_id="cli:tab:rename" method="tab.rename" changes_ui=true
2026-08-27T21:55:27.846596Z  INFO herdr::logging: tab renamed event="tab.rename" subsystem="tab" outcome="ok" workspace_id="w8" tab_id="w8:t6"
2026-08-27T21:55:27.846739Z  INFO herdr::logging: api request completed event="api.request.complete" subsystem="api" outcome="ok" request_id="cli:tab:rename" method="tab.rename"
2026-08-27T21:55:32.849021Z  INFO herdr::logging: session saved event="persist.save" subsystem="persist" outcome="ok" path=/Users/David.Vigh/.config/herdr/session.json workspaces=2
2026-08-27T21:55:34.474923Z  INFO herdr::logging: api request received event="api.request.start" subsystem="api" outcome="started" request_id="cli:tab:rename" method="tab.rename" changes_ui=true
2026-08-27T21:55:34.475023Z  INFO herdr::logging: tab renamed event="tab.rename" subsystem="tab" outcome="ok" workspace_id="w8" tab_id="w8:t6"
2026-08-27T21:55:34.475174Z  INFO herdr::logging: api request completed event="api.request.complete" subsystem="api" outcome="ok" request_id="cli:tab:rename" method="tab.rename"
2026-08-27T21:55:34.560964Z  INFO herdr::pane: agent changed pane=18 previous_agent=None agent=Some(OpenCode) process=opencode pgid=Some(45435)
2026-08-27T21:55:38.181301Z  INFO herdr::pane: agent changed pane=18 previous_agent=Some(OpenCode) agent=None pgid=Some(32403)
2026-08-27T21:55:39.477935Z  INFO herdr::logging: session saved event="persist.save" subsystem="persist" outcome="ok" path=/Users/David.Vigh/.config/herdr/session.json workspaces=2
2026-08-27T21:55:50.283251Z  INFO herdr::logging: tab focused event="tab.focus" subsystem="tab" outcome="ok" workspace_id="w8" tab_id="w8:t5"
2026-08-27T21:55:53.455388Z  INFO herdr::logging: api request received event="api.request.start" subsystem="api" outcome="started" request_id="cli:tab:rename" method="tab.rename" changes_ui=true
2026-08-27T21:55:53.455447Z  INFO herdr::logging: tab renamed event="tab.rename" subsystem="tab" outcome="ok" workspace_id="w8" tab_id="w8:t5"
2026-08-27T21:55:53.455504Z  INFO herdr::logging: api request completed event="api.request.complete" subsystem="api" outcome="ok" request_id="cli:tab:rename" method="tab.rename"
2026-08-27T21:55:55.161356Z  INFO herdr::logging: tab focused event="tab.focus" subsystem="tab" outcome="ok" workspace_id="w8" tab_id="w8:t4"
2026-08-27T21:56:00.164644Z  INFO herdr::logging: session saved event="persist.save" subsystem="persist" outcome="ok" path=/Users/David.Vigh/.config/herdr/session.json workspaces=2
2026-08-27T21:56:02.365417Z  INFO herdr::logging: api request received event="api.request.start" subsystem="api" outcome="started" request_id="cli:tab:rename" method="tab.rename" changes_ui=true
2026-08-27T21:56:02.365478Z  INFO herdr::logging: tab renamed event="tab.rename" subsystem="tab" outcome="ok" workspace_id="w8" tab_id="w8:t4"
2026-08-27T21:56:02.365539Z  INFO herdr::logging: api request completed event="api.request.complete" subsystem="api" outcome="ok" request_id="cli:tab:rename" method="tab.rename"
2026-08-27T21:56:04.338603Z  INFO herdr::logging: tab focused event="tab.focus" subsystem="tab" outcome="ok" workspace_id="w8" tab_id="w8:t3"
2026-08-27T21:56:06.434051Z  INFO herdr::logging: tab focused event="tab.focus" subsystem="tab" outcome="ok" workspace_id="w8" tab_id="w8:t2"
2026-08-27T21:56:11.276491Z  INFO herdr::pane: agent changed pane=13 previous_agent=Some(OpenCode) agent=None pgid=Some(28866)
2026-08-27T21:56:11.439460Z  INFO herdr::logging: session saved event="persist.save" subsystem="persist" outcome="ok" path=/Users/David.Vigh/.config/herdr/session.json workspaces=2
2026-08-27T21:56:12.352399Z  INFO herdr::logging: api request received event="api.request.start" subsystem="api" outcome="started" request_id="cli:tab:rename" method="tab.rename" changes_ui=true
2026-08-27T21:56:12.352463Z  INFO herdr::logging: tab renamed event="tab.rename" subsystem="tab" outcome="ok" workspace_id="w8" tab_id="w8:t2"
2026-08-27T21:56:12.352525Z  INFO herdr::logging: api request completed event="api.request.complete" subsystem="api" outcome="ok" request_id="cli:tab:rename" method="tab.rename"
2026-08-27T21:56:17.355105Z  INFO herdr::logging: session saved event="persist.save" subsystem="persist" outcome="ok" path=/Users/David.Vigh/.config/herdr/session.json workspaces=2
2026-08-27T21:56:18.888251Z  INFO herdr::app::actions: copied selection to clipboard
2026-08-27T21:56:20.446865Z  INFO herdr::logging: api request received event="api.request.start" subsystem="api" outcome="started" request_id="cli:tab:rename" method="tab.rename" changes_ui=true
2026-08-27T21:56:20.446965Z  INFO herdr::logging: tab renamed event="tab.rename" subsystem="tab" outcome="ok" workspace_id="w8" tab_id="w8:t2"
2026-08-27T21:56:20.447099Z  INFO herdr::logging: api request completed event="api.request.complete" subsystem="api" outcome="ok" request_id="cli:tab:rename" method="tab.rename"
2026-08-27T21:56:20.818673Z  INFO herdr::pane: agent changed pane=13 previous_agent=None agent=Some(OpenCode) process=opencode pgid=Some(45673)
2026-08-27T21:56:23.451260Z  INFO herdr::logging: tab focused event="tab.focus" subsystem="tab" outcome="ok" workspace_id="w8" tab_id="w8:t1"
2026-08-27T21:56:28.453743Z  INFO herdr::logging: session saved event="persist.save" subsystem="persist" outcome="ok" path=/Users/David.Vigh/.config/herdr/session.json workspaces=2
2026-08-27T21:56:29.065783Z  INFO herdr::logging: api request received event="api.request.start" subsystem="api" outcome="started" request_id="cli:tab:rename" method="tab.rename" changes_ui=true
2026-08-27T21:56:29.065845Z  INFO herdr::logging: tab renamed event="tab.rename" subsystem="tab" outcome="ok" workspace_id="w8" tab_id="w8:t1"
2026-08-27T21:56:29.065917Z  INFO herdr::logging: api request completed event="api.request.complete" subsystem="api" outcome="ok" request_id="cli:tab:rename" method="tab.rename"
2026-08-27T21:56:34.069042Z  INFO herdr::logging: session saved event="persist.save" subsystem="persist" outcome="ok" path=/Users/David.Vigh/.config/herdr/session.json workspaces=2
2026-08-27T21:56:34.319501Z  INFO herdr::logging: api request received event="api.request.start" subsystem="api" outcome="started" request_id="cli:tab:rename" method="tab.rename" changes_ui=true
2026-08-27T21:56:34.319567Z  INFO herdr::logging: tab renamed event="tab.rename" subsystem="tab" outcome="ok" workspace_id="w8" tab_id="w8:t1"
2026-08-27T21:56:34.319646Z  INFO herdr::logging: api request completed event="api.request.complete" subsystem="api" outcome="ok" request_id="cli:tab:rename" method="tab.rename"
2026-08-27T21:56:39.321611Z  INFO herdr::logging: session saved event="persist.save" subsystem="persist" outcome="ok" path=/Users/David.Vigh/.config/herdr/session.json workspaces=2
2026-08-27T21:56:47.032567Z  INFO herdr::logging: tab focused event="tab.focus" subsystem="tab" outcome="ok" workspace_id="w8" tab_id="w8:t4"
2026-08-27T21:56:49.514728Z  INFO herdr::logging: api request received event="api.request.start" subsystem="api" outcome="started" request_id="cli:tab:rename" method="tab.rename" changes_ui=true
2026-08-27T21:56:49.514792Z  INFO herdr::logging: tab renamed event="tab.rename" subsystem="tab" outcome="ok" workspace_id="w8" tab_id="w8:t4"
2026-08-27T21:56:49.514867Z  INFO herdr::logging: api request completed event="api.request.complete" subsystem="api" outcome="ok" request_id="cli:tab:rename" method="tab.rename"
2026-08-27T21:56:54.517552Z  INFO herdr::logging: session saved event="persist.save" subsystem="persist" outcome="ok" path=/Users/David.Vigh/.config/herdr/session.json workspaces=2
2026-08-27T21:57:06.120252Z  INFO herdr::logging: api request received event="api.request.start" subsystem="api" outcome="started" request_id="cli:tab:rename" method="tab.rename" changes_ui=true
2026-08-27T21:57:06.120318Z  INFO herdr::logging: tab renamed event="tab.rename" subsystem="tab" outcome="ok" workspace_id="w8" tab_id="w8:t4"
2026-08-27T21:57:06.120386Z  INFO herdr::logging: api request completed event="api.request.complete" subsystem="api" outcome="ok" request_id="cli:tab:rename" method="tab.rename"
2026-08-27T21:57:11.123604Z  INFO herdr::logging: session saved event="persist.save" subsystem="persist" outcome="ok" path=/Users/David.Vigh/.config/herdr/session.json workspaces=2
2026-08-27T21:57:29.924181Z  INFO herdr::logging: api request received event="api.request.start" subsystem="api" outcome="started" request_id="cli:tab:rename" method="tab.rename" changes_ui=true
2026-08-27T21:57:29.924239Z  INFO herdr::logging: tab renamed event="tab.rename" subsystem="tab" outcome="ok" workspace_id="w8" tab_id="w8:t4"
2026-08-27T21:57:29.924310Z  INFO herdr::logging: api request completed event="api.request.complete" subsystem="api" outcome="ok" request_id="cli:tab:rename" method="tab.rename"
2026-08-27T21:57:34.926620Z  INFO herdr::logging: session saved event="persist.save" subsystem="persist" outcome="ok" path=/Users/David.Vigh/.config/herdr/session.json workspaces=2
2026-08-27T21:58:59.049582Z  INFO herdr::logging: api request received event="api.request.start" subsystem="api" outcome="started" request_id="cli:tab:rename" method="tab.rename" changes_ui=true
2026-08-27T21:58:59.049651Z  INFO herdr::logging: tab renamed event="tab.rename" subsystem="tab" outcome="ok" workspace_id="w8" tab_id="w8:t4"
2026-08-27T21:58:59.049734Z  INFO herdr::logging: api request completed event="api.request.complete" subsystem="api" outcome="ok" request_id="cli:tab:rename" method="tab.rename"
2026-08-27T21:58:59.794053Z  INFO herdr::logging: api request received event="api.request.start" subsystem="api" outcome="started" request_id="cli:tab:rename" method="tab.rename" changes_ui=true
2026-08-27T21:58:59.794144Z  INFO herdr::logging: tab renamed event="tab.rename" subsystem="tab" outcome="ok" workspace_id="w8" tab_id="w8:t4"
2026-08-27T21:58:59.794272Z  INFO herdr::logging: api request completed event="api.request.complete" subsystem="api" outcome="ok" request_id="cli:tab:rename" method="tab.rename"
2026-08-27T21:59:03.007923Z  INFO herdr::logging: api request received event="api.request.start" subsystem="api" outcome="started" request_id="cli:tab:rename" method="tab.rename" changes_ui=true
2026-08-27T21:59:03.008010Z  INFO herdr::logging: tab renamed event="tab.rename" subsystem="tab" outcome="ok" workspace_id="w8" tab_id="w8:t4"
2026-08-27T21:59:03.008112Z  INFO herdr::logging: api request completed event="api.request.complete" subsystem="api" outcome="ok" request_id="cli:tab:rename" method="tab.rename"
2026-08-27T21:59:08.011888Z  INFO herdr::logging: session saved event="persist.save" subsystem="persist" outcome="ok" path=/Users/David.Vigh/.config/herdr/session.json workspaces=2
2026-08-27T21:59:11.509189Z  INFO herdr::logging: api request received event="api.request.start" subsystem="api" outcome="started" request_id="cli:tab:rename" method="tab.rename" changes_ui=true
2026-08-27T21:59:11.509277Z  INFO herdr::logging: tab renamed event="tab.rename" subsystem="tab" outcome="ok" workspace_id="w8" tab_id="w8:t4"
2026-08-27T21:59:11.509442Z  INFO herdr::logging: api request completed event="api.request.complete" subsystem="api" outcome="ok" request_id="cli:tab:rename" method="tab.rename"
